index,ID,fraud_flag
0,64707,0.0017587844
1,63919,0.00056442263
2,15664,0.009927506
3,6626,0.7878375
4,26766,0.80925137
5,2055,0.19823332
6,80703,0.024206866
7,45482,0.9788325
8,91264,0.13447009
9,1049,0.0009137914
10,67644,0.59938043
11,17283,0.18376456
12,111047,0.5442662
13,6283,0.008247896
14,10932,0.00036832076
15,6866,0.03599013
16,32797,0.5232106
17,87632,0.4888416
18,20830,0.015038574
19,70988,0.02345921
20,2589,0.008247896
21,76471,0.4888416
22,57026,0.8044119
23,34068,0.5232106
24,110099,0.0017515228
25,44409,0.0008344364
26,98424,0.79734695
27,100327,0.04017276
28,85449,0.69238746
29,105123,0.34054893
30,115595,4.536645e-05
31,34762,0.016352717
32,30440,0.5232106
33,395,0.097182274
34,34667,0.2622862
35,87615,0.34392092
36,43712,0.004326417
37,17074,0.01839384
38,68564,0.59822583
39,91813,0.590359
40,62080,0.029874334
41,12050,0.0008344364
42,63426,0.12035916
43,93726,0.004340315
44,21287,0.766975
45,25800,0.02084303
46,33442,0.8636776
47,46493,0.006804118
48,105529,0.34392092
49,25747,0.00037082558
50,105901,0.002847351
51,53369,0.12290087
52,80105,0.05907342
53,93931,0.58307195
54,106790,0.9808154
55,17416,0.06771289
56,105290,0.673766
57,58133,0.00067168544
58,81540,0.5026056
59,23236,0.00030549918
60,62711,0.006268183
61,20999,0.5611369
62,103783,0.0011436184
63,17545,0.59822583
64,91278,0.34392092
65,16821,0.8044119
66,47115,0.02084303
67,101433,0.030678857
68,64042,0.12035916
69,2158,0.70819384
70,44272,0.19521376
71,88331,0.024206866
72,6698,0.64825314
73,69531,0.024206866
74,30625,0.80925137
75,11877,0.03664784
76,52353,0.043077942
77,31005,0.5730763
78,101230,0.56749433
79,60853,0.00019860057
80,56734,0.98174816
81,53707,0.7976046
82,50265,0.0012979376
83,72607,0.8591475
84,49053,0.03664784
85,36071,0.12290087
86,40741,0.88018847
87,56960,0.0013943486
88,53425,0.0008344364
89,81012,0.63034135
90,103397,0.00053365825
91,115241,0.5232106
92,16477,1.6186284e-05
93,106300,0.75738317
94,778,0.006684573
95,54111,0.00066957343
96,43160,0.0069380403
97,13312,0.033028502
98,40729,0.3089335
99,29282,0.5232106
100,2486,0.7307767
101,81324,0.032669682
102,75361,0.4201848
103,83557,0.0002130884
104,78430,0.02657817
105,58733,0.5232106
106,4100,0.010516585
107,89993,0.59938043
108,85173,0.4888416
109,100381,0.8819471
110,19324,0.4888416
111,71719,0.024206866
112,89961,0.0020718006
113,87549,0.024206866
114,82988,0.004346945
115,22403,0.23309723
116,51891,0.83508563
117,45978,0.47754645
118,20555,0.41613477
119,55970,0.69238746
120,47319,0.97177225
121,74241,0.9886203
122,103281,0.12290087
123,108240,0.01353693
124,61359,0.011897027
125,71663,0.3089335
126,89413,0.7478843
127,39662,0.025379142
128,112982,0.003252618
129,56650,0.82937336
130,8849,0.045763817
131,12567,0.011809721
132,73998,0.34392092
133,1712,0.008247896
134,112407,0.0232625
135,15075,0.0050809267
136,101430,0.0004067702
137,79990,0.0004658792
138,52886,0.004346945
139,87463,0.7478843
140,61955,0.5628135
141,30263,0.0026908694
142,85593,0.000106841
143,103216,0.44322366
144,39612,0.010198945
145,44407,0.005603483
146,98760,0.000173288
147,17265,0.59917617
148,106871,0.24450037
149,83690,0.3089335
150,107039,0.03664784
151,57715,0.00087295583
152,41191,0.0027480691
153,101274,0.0018500262
154,85340,0.0029114224
155,42354,0.027119404
156,36079,0.008285374
157,71215,8.392678e-05
158,39362,0.026760157
159,5693,0.015601124
160,78375,0.34661445
161,61534,0.00045418862
162,67488,0.0008344364
163,15561,0.009927506
164,16157,0.3089335
165,17,0.04985191
166,29639,0.5232106
167,91112,0.00013553836
168,104649,0.75738317
169,693,0.009927506
170,4689,0.0002127088
171,58919,0.5232106
172,36766,0.5232106
173,15077,0.009927506
174,37006,0.52379495
175,93345,0.5628135
176,44664,0.04853931
177,18762,0.2170439
178,22379,0.02084303
179,89724,0.001880106
180,3745,0.0004709858
181,83488,0.0057945102
182,108394,0.0008565802
183,8641,0.11516888
184,69466,0.13447009
185,25047,0.0069380403
186,39695,0.0013284114
187,57982,0.000106841
188,90462,0.003271233
189,112752,0.0232625
190,117,0.0024630926
191,98398,0.00017981493
192,19002,0.021063577
193,100559,0.18376456
194,11291,0.063988574
195,72304,0.4201848
196,23250,0.01979557
197,99518,0.32676116
198,105725,0.98805773
199,55984,0.08711106
200,97310,0.029874334
201,39077,0.00028044937
202,110918,0.6022919
203,41184,0.9710018
204,9739,0.0007081321
205,6322,0.017065862
206,10936,0.02191517
207,92917,0.008612103
208,16710,0.3089335
209,113964,0.00010901712
210,110281,0.009188496
211,501,0.0034652818
212,38063,0.00025000458
213,53303,0.003287164
214,75137,0.024206866
215,31793,0.8691696
216,77822,0.015533495
217,22821,0.0078094616
218,79560,0.56749433
219,1724,0.008247896
220,41295,0.0070359865
221,114664,0.32676116
222,83239,0.25912815
223,76161,0.13447009
224,12812,0.46064824
225,73079,0.59938043
226,33477,0.0001220848
227,110911,0.18376456
228,74088,0.004340315
229,91464,0.024206866
230,78965,0.1508694
231,115734,0.46006948
232,39064,0.80925137
233,87531,0.0061005857
234,21392,0.21136047
235,85410,0.010210467
236,101374,0.02484052
237,61893,0.5611369
238,35957,0.5026056
239,18330,0.0034554112
240,25920,0.027982187
241,29321,0.5232106
242,50864,0.0021182632
243,16324,0.0007994225
244,107063,0.75738317
245,62263,0.031164318
246,38175,0.3089335
247,36909,0.032317188
248,97440,0.53350335
249,107136,0.00086536893
250,51426,0.7704209
251,62186,0.029874334
252,57941,0.78131825
253,88610,0.27559015
254,77426,0.8356625
255,63630,0.00046380193
256,97452,0.024206866
257,27847,0.029874334
258,72330,0.7976046
259,83242,0.45888868
260,99627,0.22828117
261,55561,0.44951525
262,21229,0.006004174
263,43254,0.82937336
264,46349,0.064229675
265,32885,0.011897027
266,63211,0.13447009
267,74017,0.13447009
268,112309,0.0016173712
269,71080,0.00035746323
270,11233,0.25013295
271,65032,0.0005355452
272,62670,0.0006701685
273,34602,0.015038574
274,113971,0.9671268
275,44728,0.5628135
276,78716,0.024206866
277,60993,0.029874334
278,62434,0.3828985
279,13314,0.014450684
280,9420,0.009927506
281,94502,0.59938043
282,14782,0.016388483
283,105399,0.048965137
284,26114,0.0003572355
285,94952,0.0060033025
286,63121,0.024206866
287,17505,0.44521296
288,23853,0.008285374
289,76294,0.004340315
290,79180,0.50293183
291,66894,0.13447009
292,97408,0.1637505
293,33501,0.013659366
294,50551,0.77005756
295,80870,0.34392092
296,36561,0.0057945102
297,41816,0.0041407975
298,62882,0.004873621
299,34681,0.5232106
300,114749,0.528339
301,8606,0.047942977
302,42446,0.12035916
303,53904,0.6857675
304,22551,0.20693505
305,94510,0.18271466
306,1373,0.013888508
307,82674,0.4888416
308,40993,0.02084303
309,92014,0.5628135
310,73191,0.64412415
311,106449,0.0061339163
312,58423,0.0011214612
313,27731,0.0004988931
314,89611,0.004340315
315,64260,0.12035916
316,94809,0.029618468
317,102324,0.014307755
318,86926,0.5628135
319,49185,0.0008344364
320,57289,0.004340315
321,2655,0.034346074
322,2988,0.008285374
323,545,0.008018386
324,28457,0.0022695453
325,14596,0.0011072916
326,79184,0.69238746
327,15201,0.0011072916
328,56585,0.050732948
329,6307,0.0019063852
330,98730,0.19346014
331,51980,0.03664784
332,80528,0.024206866
333,22762,3.166045e-05
334,51747,0.0017546202
335,18778,0.07721228
336,47414,0.44748464
337,72518,0.966413
338,13949,0.7270048
339,55661,0.5232106
340,89809,0.021325976
341,61393,0.07818704
342,75157,0.4888416
343,49321,0.75738317
344,32608,0.04628702
345,5749,0.0010091615
346,4497,0.0033756162
347,5680,0.02288798
348,9543,0.011616147
349,3613,0.08260083
350,74486,0.37862125
351,92762,0.008831705
352,26829,0.0007994225
353,87804,0.0078094616
354,64122,0.0015105429
355,6967,0.86248016
356,33595,0.00019451487
357,29196,0.5232106
358,51322,0.000589853
359,103698,0.00017899144
360,30082,0.5232106
361,45037,0.23309723
362,104501,0.033345923
363,28006,0.00046380193
364,1572,0.0017358308
365,105217,0.32676116
366,48157,0.7270048
367,48353,0.13447009
368,5189,0.034955356
369,62531,0.011897027
370,93051,0.7678493
371,38760,0.00035594183
372,51776,0.3089335
373,31602,8.910752e-05
374,109562,0.24450037
375,65343,0.00030549918
376,32437,0.5730763
377,5350,0.00052048056
378,97738,0.18376456
379,83307,0.30090106
380,29927,0.6022919
381,101416,0.024206866
382,94024,0.002136083
383,72374,0.024206866
384,72292,0.0033811661
385,56177,0.78131825
386,9135,0.0018368879
387,78647,0.0069380403
388,59323,0.8044119
389,79453,0.13447009
390,11380,0.0648613
391,45280,0.19521376
392,24095,0.47754645
393,90252,0.59822583
394,101354,0.09382529
395,39613,0.008027251
396,56024,0.7976046
397,29067,0.7976046
398,72766,0.057105795
399,91040,0.71801543
400,102100,0.5232106
401,91937,0.018163886
402,33126,0.5628135
403,43785,0.00028856297
404,23703,0.50877464
405,3837,0.010516585
406,7726,0.0051834662
407,9364,0.010516585
408,111757,0.52988625
409,9181,0.031465236
410,87618,0.0024658837
411,76250,0.044053346
412,36068,0.5730763
413,46893,0.12078799
414,114571,0.005707723
415,38291,0.0026617644
416,67623,0.37862125
417,101068,0.4201848
418,85744,0.00039214923
419,53069,0.5232106
420,80582,0.024206866
421,50799,0.5232106
422,112728,0.733664
423,102871,9.707449e-05
424,20702,0.006109341
425,50019,0.6857675
426,114385,0.6022919
427,88270,0.017654972
428,87238,0.03949724
429,80143,0.0012854383
430,71196,0.13447009
431,57365,0.010137472
432,95054,0.73686934
433,74508,0.024206866
434,61161,0.0009557569
435,26538,0.1276629
436,56029,0.590359
437,31570,0.00066723657
438,106217,0.0007513973
439,12642,0.42581627
440,112036,0.60899097
441,34514,0.5232106
442,93450,0.011445369
443,38545,0.7976046
444,107432,0.19652489
445,3722,0.007401518
446,57759,0.8044119
447,82794,0.0071907747
448,64296,0.00037149663
449,7803,0.0077516995
450,45852,0.68328345
451,19727,7.481768e-05
452,101122,0.0018274307
453,59991,0.9790203
454,15276,0.007859644
455,21190,0.015284931
456,57751,0.00046380193
457,48048,0.7270048
458,14201,0.00028159664
459,104452,0.6022919
460,61560,0.0061633433
461,13655,0.4985085
462,111774,0.03804058
463,29079,0.68328345
464,32527,0.5730763
465,112644,0.003252618
466,89335,0.07258052
467,106410,0.24450037
468,88697,0.7341537
469,68809,0.0185071
470,19408,0.016777575
471,278,0.01702545
472,111383,3.9220653e-05
473,67563,0.018387165
474,112976,0.07765219
475,102347,0.28177425
476,4923,0.028720004
477,92434,0.05907342
478,49135,0.0060033025
479,24611,0.15288648
480,104534,0.012358964
481,67830,0.5628135
482,112269,0.16114923
483,72199,0.024206866
484,93470,0.00019370051
485,92290,0.590359
486,62790,0.32597795
487,29962,0.5232106
488,43340,0.766975
489,95912,0.98790634
490,2054,0.19823332
491,105031,0.34392092
492,82647,0.02425721
493,4104,0.69864136
494,32165,0.02279648
495,3485,0.98013306
496,53150,0.004346945
497,55810,0.34661445
498,96529,0.2622862
499,61429,0.8356625
500,82759,0.00053472037
501,98261,0.006541471
502,73851,0.07818704
503,96701,0.00058022083
504,108510,0.00052507286
505,4513,0.4775147
506,7989,0.060957044
507,52209,0.008285374
508,51706,0.16114923
509,75132,0.02484052
510,88174,0.13447009
511,70443,0.45888868
512,79727,0.010210467
513,75815,0.03621409
514,109976,0.009188496
515,40198,0.9966132
516,56110,0.78131825
517,105614,0.015588088
518,51330,0.00024003081
519,89294,0.13447009
520,29257,0.03664784
521,100033,0.32676116
522,67397,0.1508694
523,105967,0.24450037
524,38882,0.0070359865
525,63066,0.27559015
526,99436,0.6843454
527,75724,0.028494034
528,79512,0.0069380403
529,22706,9.88119e-05
530,2749,0.026646854
531,31627,0.011897027
532,40317,0.00042021414
533,47068,0.45888868
534,112718,0.00034567525
535,48713,0.0020615396
536,39577,0.48146573
537,65495,0.12035916
538,14485,0.0006305294
539,56594,0.029874334
540,62322,0.7478843
541,69218,0.95489585
542,50698,0.0045794235
543,105068,0.37862125
544,64397,0.6323282
545,92772,0.56749433
546,74760,0.00026073176
547,58341,0.016235711
548,92893,0.87863064
549,50706,0.5232106
550,3254,0.034346074
551,87809,0.7478843
552,105595,0.07818704
553,108347,0.24450037
554,11053,0.013822098
555,50097,0.0008344364
556,86132,0.005507145
557,36263,0.016388483
558,95855,0.014490051
559,83201,0.000106841
560,18947,0.010934888
561,15456,0.59938043
562,102205,0.024501417
563,37779,0.011778448
564,46785,0.0041483743
565,76488,7.036631e-05
566,102027,0.34392092
567,8838,0.00052048056
568,55321,0.0014080327
569,32597,0.029389085
570,11647,0.0018368879
571,15613,0.8731015
572,80527,0.5232106
573,23335,0.4888416
574,77863,0.36316264
575,19824,0.020388953
576,38893,0.0069380403
577,34168,0.5232106
578,44081,0.02084303
579,59661,0.4413185
580,10466,0.0018368879
581,96815,4.555964e-05
582,44377,0.5232106
583,100864,0.58307195
584,94430,0.5232106
585,87742,0.0010096605
586,65674,0.009946336
587,104512,0.2181275
588,24492,0.5026056
589,49739,0.0069380403
590,80417,0.13447009
591,99334,0.52379495
592,112122,0.009188496
593,101283,0.024206866
594,21677,0.011897027
595,95083,0.024206866
596,106571,0.0069380403
597,90303,0.7270048
598,9299,0.059985757
599,6426,0.03200804
600,94693,0.07721228
601,63857,0.0007421753
602,88880,0.64412415
603,1883,0.05542147
604,84356,0.13447009
605,61747,0.8398661
606,41443,0.3089335
607,12360,0.0002219994
608,78005,0.029874334
609,94849,0.12035916
610,22284,0.12078799
611,29215,0.19652489
612,82606,0.4888416
613,104103,0.024206866
614,36447,0.36316264
615,41050,0.00028159664
616,9949,0.00019457423
617,45600,0.21136047
618,73479,0.0026226393
619,46979,0.5232106
620,41784,0.008285374
621,90034,0.53350335
622,19768,0.0010925329
623,20081,0.7791045
624,63156,0.004391144
625,50526,0.067466095
626,33958,0.0036456923
627,14261,0.0010991456
628,35991,0.004819753
629,51997,0.96913415
630,79806,0.00034579606
631,95620,0.2916034
632,34320,0.9648101
633,21679,0.011686701
634,103104,0.79734695
635,68491,0.029767888
636,79707,0.79734695
637,83363,0.00036580476
638,45483,0.016867047
639,31264,0.011897027
640,37724,0.1346589
641,93250,0.5628135
642,103271,0.024206866
643,64938,0.12035916
644,533,0.005060267
645,67037,0.20503531
646,93473,0.78131825
647,31665,0.97276986
648,102196,0.032669682
649,45224,0.5628135
650,83765,0.1508694
651,101763,0.024206866
652,42042,0.000913589
653,67828,0.018826585
654,59157,0.59938043
655,99616,0.53350335
656,375,0.06008862
657,69416,0.16114923
658,63999,0.0017587844
659,78883,0.12290087
660,31772,0.0028252755
661,67449,0.005284333
662,48837,0.5232106
663,37881,0.97276986
664,105357,0.00072420883
665,57189,0.6569232
666,98878,0.3089335
667,98940,0.81378096
668,15375,0.004495863
669,99199,0.0060033025
670,57281,0.00033479845
671,109732,0.0001525385
672,13354,0.0010991456
673,72902,0.024206866
674,113479,0.008305467
675,58274,0.8763795
676,104509,0.32676116
677,44498,0.12078799
678,39696,0.59822583
679,21928,0.007402212
680,47299,0.12078799
681,112470,0.75738317
682,84809,0.13447009
683,34971,0.3089335
684,9567,0.031754304
685,58474,0.024206866
686,34696,0.3089335
687,33177,0.00021467618
688,30371,0.040918738
689,111751,0.24450037
690,58321,0.005712436
691,14148,0.009600498
692,15809,0.3089335
693,65457,0.2622862
694,111372,0.75738317
695,36594,0.12290087
696,102912,0.13447009
697,52753,0.00583527
698,65752,0.0069380403
699,115710,0.24450037
700,23591,0.011897027
701,17983,0.0008344364
702,45798,0.0012538969
703,106725,0.0055604614
704,66451,0.80853266
705,107430,0.2181275
706,4661,0.7307767
707,10387,0.0048087235
708,78369,0.0010096605
709,16948,0.0050082095
710,17737,0.051460914
711,21807,0.00017072701
712,111914,0.47754645
713,106711,0.004438234
714,54179,0.029874334
715,2255,0.00017013046
716,102888,0.5232106
717,70070,0.0067342836
718,13371,0.5122713
719,15328,0.4985085
720,5326,0.058883075
721,98753,0.008862073
722,15979,0.0060033025
723,69201,0.6027404
724,68233,0.34392092
725,43903,0.011897027
726,61446,0.40678856
727,107870,0.37492988
728,64151,0.00020485
729,39190,0.4888416
730,60485,0.7478843
731,61360,0.13447009
732,92658,0.27559015
733,90645,0.34392092
734,84042,0.47754645
735,99935,0.73686934
736,29513,0.6022919
737,34249,0.0004705332
738,10336,0.013822098
739,16350,0.0008344364
740,56866,0.027902244
741,37369,0.00041502962
742,16662,0.0007994225
743,1938,0.0008564611
744,12555,0.7976046
745,99851,0.005417213
746,90916,0.59938043
747,75043,0.4201848
748,65278,0.2622862
749,42076,0.010198945
750,91286,0.00011920043
751,76276,0.015142322
752,73158,0.7976046
753,92448,0.0061633433
754,74964,0.0015201581
755,55257,0.0019998718
756,108498,0.87863064
757,9208,0.02924629
758,56508,0.02425721
759,72341,0.34392092
760,65967,0.012725955
761,31113,0.0006106808
762,93318,0.0004658792
763,22480,0.66882885
764,75752,0.05811228
765,16697,0.4888416
766,26579,0.009818205
767,6534,0.7841161
768,56725,0.024689076
769,72510,0.00444592
770,22674,0.0007226411
771,57898,0.0078094616
772,90026,0.21136047
773,88601,0.002893323
774,8652,0.12035916
775,7408,0.024179
776,34244,0.015038574
777,89968,0.025290422
778,100214,0.012206747
779,2891,0.031465236
780,12559,0.00048325467
781,49025,0.0008344364
782,33870,0.015038574
783,69606,0.34392092
784,57042,0.4888416
785,114064,0.6022919
786,728,0.6326403
787,71654,0.0011214612
788,47027,0.02084303
789,41250,0.0069380403
790,1630,0.23017883
791,55361,0.5232106
792,63639,0.007895753
793,115273,0.00047002418
794,43430,0.42581627
795,111233,7.60398e-05
796,93160,0.7678493
797,27887,0.68328345
798,21843,0.12078799
799,79166,0.08108984
800,98456,0.00019370051
801,19852,2.4625066e-05
802,16831,0.00021591237
803,103336,0.75738317
804,100769,6.12221e-05
805,46063,0.12078799
806,34534,0.25912815
807,115948,0.00022049363
808,87782,0.590359
809,87652,0.27559015
810,26365,0.554042
811,100684,0.019537581
812,14358,0.002275718
813,18797,0.5611369
814,76235,0.3089335
815,18255,0.5442662
816,34981,0.00015820465
817,885,8.7931854e-05
818,39133,0.1043559
819,22504,0.0075326078
820,57135,0.78131825
821,96741,0.34392092
822,35895,0.04694134
823,15442,0.3089335
824,28839,0.03664784
825,90862,0.0003787363
826,57101,0.024206866
827,20459,0.0060033025
828,106982,0.60899097
829,89803,0.27559015
830,75674,0.00057126425
831,103938,0.2622862
832,26549,0.027119404
833,51210,0.024689076
834,22082,0.004207347
835,99316,0.53350335
836,37683,0.006202585
837,102322,0.14570284
838,12356,0.04628702
839,2765,0.034346074
840,74343,0.05811228
841,113233,3.6093228e-05
842,66575,0.0017587844
843,85051,0.34392092
844,64211,0.9951964
845,106908,0.24450037
846,91261,0.0015655839
847,63342,0.00071699003
848,10069,0.010812496
849,73421,0.01408992
850,69688,0.06588332
851,1916,0.042511214
852,60627,0.12035916
853,65061,0.0033522325
854,98762,0.0013978207
855,110721,0.40678856
856,71075,0.81378096
857,36583,0.00018215024
858,37828,0.0014806744
859,31886,0.5026056
860,50401,0.6857675
861,95231,0.73686934
862,72370,0.00014735053
863,81888,0.5628135
864,91872,0.13447009
865,69257,0.7478843
866,85541,0.30090106
867,110988,0.13447009
868,29389,0.018885072
869,73105,0.13447009
870,60871,0.03621409
871,85124,0.010210467
872,66055,0.0069380403
873,79308,0.30090106
874,69138,0.78131825
875,43470,0.68328345
876,22682,0.0009279895
877,71908,0.70778805
878,112624,0.75738317
879,86645,0.00024580874
880,79794,0.005786004
881,93410,0.35455248
882,18488,0.009927506
883,87727,0.011778448
884,24604,0.000923243
885,858,0.027409334
886,40474,0.015142322
887,102567,0.001304437
888,26475,0.005060267
889,39434,0.009372159
890,4280,0.09211248
891,4363,0.69796836
892,75693,0.024206866
893,37366,0.0017743818
894,45766,0.12290087
895,95063,0.7349488
896,53878,0.024206866
897,5385,0.01599841
898,13919,0.0020615396
899,8778,0.010516585
900,43603,0.68328345
901,36953,0.19652489
902,114804,0.528339
903,7047,0.037539497
904,113578,0.003116589
905,61299,0.011897027
906,69762,0.004590078
907,34228,0.0078094616
908,97227,0.008305467
909,75009,0.027119404
910,32689,0.7976046
911,114483,0.5730763
912,9028,0.0007081321
913,72784,0.7976046
914,43102,6.806565e-05
915,17174,0.0005524774
916,108850,0.008899339
917,93274,0.66811776
918,111350,0.024206866
919,101529,0.24450037
920,36379,3.8570073e-05
921,33392,0.5232106
922,114841,0.048201922
923,78860,0.007797746
924,111563,0.02781691
925,54796,0.012587118
926,64079,0.00058022083
927,6668,0.02294934
928,22115,0.00023150998
929,11711,0.028720004
930,107304,0.20503531
931,30788,0.3511364
932,100674,0.00025488902
933,57164,0.12275081
934,91601,0.03279271
935,93919,0.0030666005
936,53392,0.42581627
937,110586,0.7378498
938,7210,0.029418135
939,5815,0.0034652818
940,19593,0.4985085
941,64384,0.029874334
942,110494,0.0134694865
943,55333,0.75738317
944,103234,0.79734695
945,88602,0.59938043
946,58152,0.13447009
947,35486,0.0008344364
948,106966,0.057096757
949,28743,0.3734339
950,92010,0.003112275
951,68967,0.0015105429
952,114683,0.015142322
953,55680,0.42581627
954,111861,0.012358964
955,110932,0.031164318
956,354,0.6857675
957,39998,0.00023985283
958,19200,0.45888868
959,76143,0.0120466435
960,1617,0.52379495
961,45206,8.9680616e-05
962,74375,0.30090106
963,28730,0.766975
964,51172,0.7704209
965,113597,0.00050490303
966,40816,0.4888416
967,108785,0.87978876
968,92298,0.01408992
969,6549,0.92918295
970,91511,0.000173288
971,93581,0.004102512
972,9051,0.024179
973,62544,0.590359
974,64378,0.0040108035
975,48466,0.003133379
976,84038,0.78131825
977,39096,0.2622862
978,111852,0.0016173712
979,12418,0.07466534
980,96796,0.0012984526
981,40636,0.0018235607
982,48293,0.7478843
983,4943,0.98815817
984,94920,0.013006808
985,54345,0.010726355
986,109443,0.18376456
987,23715,0.028720004
988,37474,0.5026056
989,104222,0.032572266
990,64986,0.20503531
991,115836,0.0064328555
992,52932,0.0068548415
993,99150,0.34054893
994,51139,0.5232106
995,26034,0.011897027
996,25497,0.12290087
997,53976,0.01408992
998,85045,0.00045230615
999,63763,0.08604025
1000,73927,0.4413185
1001,78763,0.002765032
1002,40524,0.6795658
1003,60080,0.024206866
1004,38018,0.007402212
1005,37104,0.0010341933
1006,66782,0.0011214612
1007,95262,0.0015742591
1008,62423,0.0010519199
1009,99900,0.7378498
1010,66071,0.00037149663
1011,68684,0.00021589237
1012,63647,0.12035916
1013,102818,0.0030513185
1014,77240,0.20503531
1015,12171,0.033028502
1016,11744,0.011809721
1017,65812,0.01451028
1018,79056,0.037683595
1019,66526,0.0027598343
1020,113751,0.00027386393
1021,56106,0.07004065
1022,39448,0.029418917
1023,4372,0.028720004
1024,78001,0.024689076
1025,32123,0.0001296255
1026,73152,0.36316264
1027,34136,0.7976046
1028,61539,0.2622862
1029,36696,0.59938043
1030,45526,0.12078799
1031,56,0.44851086
1032,20686,6.519942e-05
1033,21765,0.007402212
1034,99170,0.46006948
1035,64623,0.12035916
1036,109437,0.27762106
1037,79064,0.78131825
1038,100984,0.00026489646
1039,28997,0.011897027
1040,101693,0.24450037
1041,104025,0.37963933
1042,17388,0.66882885
1043,100747,0.56886965
1044,110907,0.0026013313
1045,80508,0.71321934
1046,14628,0.16114923
1047,44227,6.576517e-05
1048,16513,0.5611369
1049,51743,0.0008344364
1050,64927,0.0027332613
1051,102125,0.0069380403
1052,98729,8.323346e-05
1053,32824,6.2478124e-05
1054,67448,0.13447009
1055,41982,0.0002148953
1056,104531,0.03083025
1057,84893,0.007613828
1058,27235,2.594825e-05
1059,63674,0.027982187
1060,101362,0.018214619
1061,72224,0.40678856
1062,89172,0.7478843
1063,64679,0.0005296072
1064,106421,0.24450037
1065,38230,0.0076214587
1066,99629,0.041965593
1067,90571,0.0028299503
1068,92202,0.56782615
1069,98812,0.13447009
1070,2886,0.16160122
1071,4475,0.006233445
1072,72438,0.34392092
1073,46830,0.5026056
1074,11309,0.0018368879
1075,60096,0.27559015
1076,76773,0.07818704
1077,47830,0.006418149
1078,107459,0.73686934
1079,111236,0.00017055195
1080,102154,0.6857675
1081,65859,0.0055639353
1082,20280,0.016388483
1083,93545,0.7478843
1084,113800,0.24450037
1085,40355,0.011700909
1086,78950,0.64412415
1087,79619,0.60409665
1088,47530,0.02084303
1089,81065,0.012890702
1090,94171,0.5574541
1091,31247,0.011897027
1092,55209,0.0017253015
1093,19954,0.06771289
1094,19819,0.0057945102
1095,87990,0.66443765
1096,30269,0.6022919
1097,41171,0.00184902
1098,71168,0.78131825
1099,9658,0.075739965
1100,40734,0.003241796
1101,32263,0.71340895
1102,1616,0.008442373
1103,42637,0.80925137
1104,74937,0.08260083
1105,27883,0.0048873345
1106,55033,0.5730763
1107,85715,0.16114923
1108,85586,0.027119404
1109,60693,0.59822583
1110,22213,0.003308582
1111,11864,0.69796836
1112,53100,0.5232106
1113,73228,0.37862125
1114,1925,0.034346074
1115,21479,0.008285374
1116,22312,0.03664784
1117,4507,0.59703815
1118,43922,0.007402212
1119,95504,0.029874334
1120,42621,0.03664784
1121,72500,0.59938043
1122,107281,0.029618468
1123,28987,0.0068548415
1124,101461,0.0032000884
1125,113804,0.20503531
1126,7724,0.021937707
1127,47947,0.59938043
1128,76811,0.0068769027
1129,45423,0.0011135129
1130,45359,0.5350702
1131,28778,0.006544561
1132,60952,0.033028502
1133,101849,0.3089335
1134,16514,0.009927506
1135,98234,0.0019949102
1136,71740,0.45424226
1137,59947,0.42581627
1138,27786,0.7704209
1139,13035,0.42581627
1140,114671,0.003934314
1141,9837,0.00065182865
1142,28881,0.9710018
1143,58143,0.16114923
1144,34,0.4775147
1145,107355,0.58307195
1146,31607,0.0028252755
1147,57851,0.024206866
1148,15377,0.03478519
1149,114384,0.528339
1150,49200,0.638665
1151,54311,0.0078094616
1152,43165,0.12078799
1153,108889,0.0022695453
1154,3483,0.4835136
1155,81811,0.0034686378
1156,83437,0.014400821
1157,85147,0.5628135
1158,44221,0.00028159664
1159,17742,0.010137472
1160,95774,0.45888868
1161,105010,0.24450037
1162,61835,0.011897027
1163,64746,0.0072625442
1164,100840,0.59822583
1165,9885,0.012941587
1166,6167,0.69796836
1167,57636,0.00069838745
1168,28662,0.023663448
1169,40488,0.12078799
1170,74414,0.47754645
1171,4376,0.0008134883
1172,15554,0.00028159664
1173,73550,0.5232106
1174,69666,0.00062294764
1175,115701,0.0029786201
1176,59627,0.029874334
1177,106212,0.24450037
1178,32771,0.0008344364
1179,69075,0.70778805
1180,59036,0.0004705332
1181,29176,0.5232106
1182,113306,0.07818704
1183,107175,0.46006948
1184,101901,0.056111116
1185,59467,0.5232106
1186,38473,0.12078799
1187,10377,0.0039436966
1188,106110,0.24450037
1189,41331,0.02084303
1190,87936,0.000106841
1191,60400,0.13447009
1192,78124,0.12290087
1193,33217,0.5232106
1194,12427,0.0016076388
1195,70075,0.09382529
1196,63249,0.009927506
1197,108599,0.025939003
1198,75415,0.024206866
1199,101168,0.029874334
1200,32392,0.40678856
1201,19637,0.00083248236
1202,102708,0.00059691566
1203,114611,7.849154e-05
1204,85287,0.13447009
1205,45764,0.07443162
1206,181,0.0985773
1207,78327,0.002031138
1208,80244,0.733664
1209,78021,0.5232106
1210,32878,0.4608645
1211,20175,0.04985191
1212,48863,0.45888868
1213,111485,0.8044119
1214,108217,0.03502317
1215,107648,0.6022919
1216,97857,0.13447009
1217,11504,0.004382199
1218,90089,0.81378096
1219,39604,0.12078799
1220,84807,0.71321934
1221,106625,0.71801543
1222,6456,0.015301583
1223,22968,7.256825e-06
1224,92475,0.0016232468
1225,93927,0.7009889
1226,27566,0.3089335
1227,78996,0.0018594239
1228,32560,0.011897027
1229,49832,0.018857906
1230,62046,3.139823e-05
1231,109154,0.58307195
1232,86551,0.004340315
1233,16617,0.5628135
1234,21015,0.003116589
1235,89597,0.03849013
1236,11084,0.010516585
1237,40579,0.0009851909
1238,74513,0.20503531
1239,17247,0.009812791
1240,32201,0.5232106
1241,6719,0.0039436966
1242,7939,0.49502462
1243,55465,0.0121336905
1244,98033,0.0232625
1245,71987,0.0012037451
1246,59034,0.0069380403
1247,54016,0.5232106
1248,40253,0.0028906418
1249,61684,0.024206866
1250,38881,0.02279648
1251,99388,0.24450037
1252,74963,0.12290087
1253,114861,4.2766635e-05
1254,32967,0.0006517022
1255,51427,0.0028299503
1256,40277,0.005614214
1257,71827,0.3089335
1258,90220,0.0001292439
1259,8951,0.02408282
1260,60385,0.590359
1261,62776,0.011897027
1262,53996,0.37963933
1263,32446,0.1276629
1264,31365,0.12290087
1265,2476,0.03459242
1266,66190,0.012725955
1267,65475,5.030897e-05
1268,284,0.0062386924
1269,103193,0.0278131
1270,96326,0.0014752067
1271,35520,0.0015905353
1272,60476,0.27559015
1273,104790,0.58307195
1274,38251,0.00096725
1275,7164,0.00015733317
1276,112414,0.75738317
1277,25207,0.029874334
1278,102156,0.30090106
1279,57237,0.48146573
1280,59244,0.6139433
1281,53411,0.01184075
1282,18093,0.0008344364
1283,16971,0.81378096
1284,46013,0.00014745131
1285,40727,0.12078799
1286,29424,0.6857675
1287,36140,0.20503531
1288,66114,0.14429133
1289,114970,0.007859644
1290,89907,0.0028402521
1291,58803,0.98010695
1292,110153,0.011610164
1293,105739,0.13684437
1294,95655,0.79734695
1295,8167,0.007962074
1296,92330,0.024206866
1297,111895,0.71801543
1298,92323,0.34392092
1299,6045,0.8588091
1300,78568,0.5232106
1301,75350,0.7976046
1302,24386,0.15288648
1303,42967,0.000104542785
1304,94790,0.56749433
1305,3391,0.0017448256
1306,96097,0.58307195
1307,48473,0.004340315
1308,3832,0.7307767
1309,97505,0.031164318
1310,26460,0.018857906
1311,65091,0.01451028
1312,69346,0.0009853129
1313,97281,0.8819471
1314,72344,0.4201848
1315,9382,0.003004343
1316,65977,0.01451028
1317,26854,0.00022708904
1318,10622,0.18334924
1319,23393,0.47754645
1320,6607,0.0077516995
1321,22903,0.0006305294
1322,96644,0.13447009
1323,35836,0.0008344364
1324,98743,0.58307195
1325,91116,0.024206866
1326,94529,0.6843454
1327,114616,0.00025242945
1328,98303,0.009085561
1329,72496,0.0016995821
1330,18843,0.18376456
1331,43354,0.0008344364
1332,90002,0.010137472
1333,58219,0.024206866
1334,74614,0.027119404
1335,15354,0.009927506
1336,103943,0.5918634
1337,88119,3.6057863e-05
1338,52250,0.20098937
1339,33355,0.36679724
1340,42025,0.0008554073
1341,92576,0.53350335
1342,31699,0.5232106
1343,57444,0.0044038706
1344,37040,0.59822583
1345,85224,0.34392092
1346,12778,0.0048300195
1347,72732,0.20503531
1348,32704,0.008635866
1349,41160,0.011897027
1350,83491,0.0018613826
1351,100278,0.58307195
1352,82218,0.024206866
1353,109638,0.4123848
1354,38079,0.02084303
1355,94249,0.7478843
1356,49308,0.0008344364
1357,70011,0.0010096605
1358,30364,0.00062333245
1359,12784,0.0017386285
1360,65998,0.012301441
1361,58695,0.031164318
1362,40463,0.4888416
1363,12606,0.0008344364
1364,56419,0.0078094616
1365,12869,0.007859644
1366,1087,0.026646854
1367,104251,0.3089335
1368,26286,0.31145355
1369,113612,0.8097321
1370,101828,0.0014080327
1371,28409,0.009818205
1372,99684,0.013105536
1373,77835,0.0014288191
1374,49570,0.07258052
1375,98088,0.011610164
1376,65384,0.0007746052
1377,59876,0.30090106
1378,58832,0.016388483
1379,108940,0.75738317
1380,1066,0.75036687
1381,121,0.0001814167
1382,97401,0.7478843
1383,88148,0.006202585
1384,39420,0.0012854383
1385,30010,0.5232106
1386,100467,0.76863664
1387,13659,0.009587363
1388,33096,0.4888416
1389,113716,0.018743023
1390,59006,0.00992953
1391,18719,0.00061368034
1392,96988,0.004340315
1393,24228,0.025379142
1394,101059,0.00017431249
1395,53500,0.5232106
1396,107285,0.47754645
1397,39675,0.0008344364
1398,17491,0.009927506
1399,68433,0.13447009
1400,65906,0.2622862
1401,84677,0.0011214612
1402,72191,0.0015655839
1403,85111,0.5075232
1404,39501,0.007402212
1405,56841,0.12290087
1406,22280,0.4985085
1407,4566,0.69796836
1408,58637,0.60335207
1409,34847,0.0061633433
1410,35298,0.766975
1411,33590,0.018676624
1412,48731,0.0011112769
1413,77005,0.14427938
1414,17692,0.5628135
1415,66240,0.049366985
1416,101117,0.00031876567
1417,98959,0.011097643
1418,10225,0.00061807514
1419,106890,0.0069380403
1420,71355,0.4201848
1421,22768,0.00047519954
1422,79593,0.0020615396
1423,109335,0.0069380403
1424,115302,1.5641608e-05
1425,80722,0.007466772
1426,39029,0.025006045
1427,40672,0.00097518275
1428,60254,0.002085475
1429,71424,0.024206866
1430,89849,0.0015552664
1431,80933,0.06427912
1432,58150,0.20948003
1433,20808,0.008285374
1434,68166,0.0015552664
1435,75995,0.013006808
1436,114856,0.5232106
1437,86892,0.34392092
1438,10028,0.004773652
1439,3137,0.008972212
1440,47892,0.13447009
1441,76113,0.00042029205
1442,112597,0.03604926
1443,44291,0.0008344364
1444,34448,0.81378096
1445,75208,0.07818704
1446,8590,3.951408e-05
1447,78234,0.00019558126
1448,32396,0.4888416
1449,8156,0.004898149
1450,43528,0.0014080327
1451,19802,0.00018020181
1452,3057,0.1714914
1453,56703,0.5232106
1454,8569,0.0039436966
1455,55656,4.1039755e-05
1456,40236,0.0014801282
1457,59297,0.0069380403
1458,13578,0.022298153
1459,56020,0.15288648
1460,11127,0.0018633637
1461,86320,0.2622862
1462,17966,0.007859644
1463,51337,0.006418149
1464,4313,0.019241843
1465,45021,0.0070359865
1466,83472,0.12290087
1467,40048,0.00080634793
1468,97214,0.0029114224
1469,7243,0.006095352
1470,51745,0.36867666
1471,101904,0.0029114224
1472,56297,0.7478843
1473,115947,0.0134694865
1474,46011,0.00078593515
1475,20786,0.0012105147
1476,112547,0.75738317
1477,52872,0.13447009
1478,19187,0.008285374
1479,74605,0.9632564
1480,33960,0.018857906
1481,40566,0.8588091
1482,59117,0.5232106
1483,102697,0.013561435
1484,83607,0.001528481
1485,106644,0.025300873
1486,66001,5.738798e-05
1487,28655,0.00041324281
1488,61723,0.0025550118
1489,14741,0.0028987483
1490,88008,0.56749433
1491,31747,0.00340439
1492,10436,0.09333572
1493,7713,0.1637505
1494,74178,0.00021316906
1495,27381,0.0008565802
1496,108552,0.04954909
1497,103653,0.24450037
1498,39144,0.2622862
1499,22773,0.0069380403
1500,98322,0.1508694
1501,90041,0.60409665
1502,93887,0.34392092
1503,2202,0.0007081321
1504,15219,0.009927506
1505,83899,0.0023378504
1506,5286,0.013822098
1507,58351,0.4888416
1508,39048,0.00019162342
1509,48696,0.004346945
1510,13551,0.36867666
1511,112522,0.47754645
1512,35156,0.005572474
1513,37757,0.00048889616
1514,82016,0.0005260863
1515,101816,0.05072495
1516,1792,0.00039614315
1517,38658,0.0008344364
1518,21607,0.4985085
1519,11888,0.019877756
1520,6071,0.0077516995
1521,35184,0.3089335
1522,99532,0.0006746154
1523,4516,0.09962458
1524,6642,0.028275708
1525,70177,0.69238746
1526,14696,0.5122713
1527,44332,0.00057890615
1528,107112,0.029618468
1529,75930,0.0120466435
1530,48545,0.016388483
1531,31819,0.0061339163
1532,86502,0.0018257118
1533,14908,0.00037650848
1534,10325,0.006954585
1535,59655,0.8044119
1536,42023,0.34661445
1537,32604,0.08026949
1538,112319,0.005839836
1539,109855,0.000173288
1540,98150,0.0013045768
1541,22546,0.00021471037
1542,13856,0.59938043
1543,33693,0.0114153195
1544,34576,0.0049902825
1545,52813,0.13447009
1546,33012,0.6022919
1547,113354,0.024206866
1548,22836,0.002432243
1549,5207,0.010516585
1550,65748,0.012725955
1551,74478,0.00045418862
1552,66337,0.055746336
1553,75300,0.01184075
1554,41751,0.0078094616
1555,96248,0.7478843
1556,3884,0.047942977
1557,70218,0.6857675
1558,85675,0.4888416
1559,32676,0.0061339163
1560,2794,0.05542147
1561,90622,0.07818704
1562,109306,0.8301858
1563,105296,0.0060033025
1564,52648,0.9710018
1565,71675,0.5628135
1566,113497,0.32676116
1567,8609,0.5920002
1568,75044,0.003571135
1569,13204,0.0018162082
1570,94399,0.010137472
1571,56692,0.15288648
1572,4792,0.26776734
1573,69771,0.0013326705
1574,31656,0.014150232
1575,21348,0.006418149
1576,32642,0.003577111
1577,12222,0.0018721197
1578,18462,0.0018594239
1579,29050,0.0004705332
1580,45895,0.12078799
1581,90338,0.7478843
1582,88369,0.024206866
1583,94707,0.0058562034
1584,44256,0.12078799
1585,12767,0.07615443
1586,56439,0.78131825
1587,26262,0.0049902825
1588,56607,0.733664
1589,5056,0.0047541256
1590,82953,0.003116589
1591,34347,0.34661445
1592,52605,0.5232106
1593,6278,0.0077516995
1594,35241,0.011517575
1595,33491,0.0278131
1596,7112,0.009250905
1597,63497,0.42249477
1598,108973,0.0008565802
1599,69734,0.45888868
1600,56574,4.7644877e-05
1601,112694,0.010538689
1602,93525,0.00018297588
1603,56150,0.033028502
1604,113125,0.75738317
1605,14821,0.024154125
1606,38923,0.0034861166
1607,10890,0.013822098
1608,84019,0.3089335
1609,91238,0.056111116
1610,527,0.00090780616
1611,66535,0.012725955
1612,41987,0.4888416
1613,32323,0.554042
1614,74485,0.024206866
1615,72705,0.5232106
1616,14688,0.6569232
1617,107206,0.021318072
1618,103148,0.19652489
1619,62411,0.022428153
1620,32140,5.1700754e-05
1621,98279,0.012528982
1622,69204,0.045702484
1623,98340,0.059144076
1624,93528,0.73020315
1625,39847,0.0034583432
1626,79321,0.004210129
1627,33714,0.5730763
1628,8185,0.017116271
1629,33287,0.0008344364
1630,71824,0.0008631434
1631,110247,0.0010066493
1632,12700,0.0034060066
1633,70960,0.96913415
1634,39957,0.0005539094
1635,64404,0.0072625442
1636,29548,0.0002500978
1637,67866,0.024206866
1638,8942,0.99586004
1639,8793,0.44851086
1640,1984,0.25203338
1641,54083,0.0002343214
1642,12403,0.50877464
1643,89358,0.69238746
1644,26051,0.19652489
1645,113947,0.07818704
1646,19534,0.0006076049
1647,8431,0.05336086
1648,80430,0.024206866
1649,82380,0.0069380403
1650,85256,0.024206866
1651,33280,0.82937336
1652,82210,0.2181275
1653,28072,0.009818205
1654,102469,0.023649527
1655,107699,0.95004815
1656,57321,0.0061633433
1657,22349,0.4985085
1658,60153,0.7478843
1659,5061,0.01599841
1660,23387,0.02084303
1661,5517,0.13088621
1662,65283,0.002326809
1663,16901,0.47754645
1664,87962,0.19521376
1665,9833,2.8699396e-05
1666,14035,0.18376456
1667,84040,0.0013821219
1668,42855,0.012632351
1669,81674,0.6139433
1670,18309,0.00030110514
1671,29220,0.5730763
1672,7715,0.003444817
1673,5539,0.053895727
1674,37552,0.0008344364
1675,52302,0.5232106
1676,68568,0.34392092
1677,38397,0.0006517022
1678,66331,0.00084603025
1679,70190,0.07818704
1680,97451,0.7878375
1681,83103,0.010210467
1682,36755,0.12078799
1683,107500,0.75738317
1684,41703,0.0069380403
1685,10429,0.00067842705
1686,104603,0.0007994225
1687,4449,0.49502462
1688,12725,0.022298153
1689,57834,0.015038574
1690,58780,0.00026073176
1691,2133,0.5730763
1692,114796,0.0001420445
1693,26855,0.007402212
1694,21580,0.00025488902
1695,69987,0.70778805
1696,27241,0.21136047
1697,32805,0.6857675
1698,12942,0.995027
1699,94222,0.58307195
1700,53274,0.1508694
1701,58909,0.13447009
1702,91989,0.53350335
1703,78903,0.13447009
1704,63817,0.027982187
1705,87824,0.024206866
1706,66221,0.06813553
1707,7958,0.010725976
1708,16800,0.04985191
1709,11136,0.0018368879
1710,79486,0.34392092
1711,21459,0.00015685832
1712,355,0.23309723
1713,63777,0.00015711458
1714,38675,0.0014962566
1715,91824,0.34392092
1716,70740,0.40678856
1717,2020,0.057469666
1718,13667,0.016388483
1719,72653,0.5026056
1720,106911,0.00086536893
1721,87485,0.73020315
1722,40724,0.011897027
1723,52991,0.033028502
1724,27590,0.00033967075
1725,16494,0.0008344364
1726,111847,0.00069838745
1727,76855,0.34392092
1728,85458,0.7976046
1729,115911,0.75738317
1730,54354,0.6857675
1731,36635,0.68328345
1732,43654,0.03664784
1733,45006,0.027119404
1734,43523,0.000737098
1735,58853,0.590359
1736,30509,0.029874334
1737,14466,4.777236e-05
1738,107166,0.0016518545
1739,44103,0.88018847
1740,98741,0.000849739
1741,102953,0.00097500946
1742,78272,0.81378096
1743,103495,1.9173754e-05
1744,35789,0.5232106
1745,96531,0.34392092
1746,113386,0.07818704
1747,69839,0.5628135
1748,101149,0.12035916
1749,35988,0.34661445
1750,99748,0.017953511
1751,64633,0.51646364
1752,86532,0.0092600435
1753,64094,0.01451028
1754,114755,0.00039043132
1755,7168,0.053895727
1756,90819,0.009188496
1757,45718,0.40678856
1758,20429,0.31145355
1759,34947,0.5232106
1760,14928,0.0011072916
1761,10891,0.12053638
1762,105920,0.010569337
1763,68527,0.0029114224
1764,95399,0.01408992
1765,4292,0.9819012
1766,73850,0.00021090798
1767,80860,0.9710018
1768,70131,0.0017587844
1769,15511,0.03664784
1770,33010,0.5232106
1771,45403,0.02084303
1772,46449,0.8588091
1773,33663,0.56782615
1774,113527,0.00037378975
1775,13964,0.2622862
1776,52993,0.59938043
1777,46923,0.0061633433
1778,23507,0.000913589
1779,86992,0.024206866
1780,96366,0.07818704
1781,17387,0.00027440497
1782,90873,0.30090106
1783,105686,0.13447009
1784,58073,0.033028502
1785,81778,0.024206866
1786,6472,0.008247896
1787,102875,0.34392092
1788,53876,0.4201848
1789,36387,8.146967e-05
1790,25810,0.60335207
1791,44996,0.7757448
1792,80050,0.1508694
1793,560,0.7841161
1794,102463,0.16114923
1795,48204,0.105913065
1796,79421,0.00025874298
1797,25339,0.0060033025
1798,54848,0.40678856
1799,23317,0.69238746
1800,74234,0.0011214612
1801,113327,0.87863064
1802,42063,0.006782787
1803,88450,0.13447009
1804,75418,0.0015586925
1805,100510,0.30090106
1806,103342,0.00018628579
1807,79440,0.004568258
1808,112749,0.048965137
1809,70701,0.00884498
1810,82386,0.022959124
1811,28908,0.004346945
1812,11501,0.4568756
1813,36576,0.00074352534
1814,38710,0.4888416
1815,104125,0.79734695
1816,62095,0.00035746323
1817,53574,0.0068548415
1818,90966,0.13447009
1819,71970,0.5628135
1820,24668,0.0003948138
1821,75564,0.062395137
1822,5627,0.047424603
1823,81830,0.0004242706
1824,53804,0.002019432
1825,18676,0.98872817
1826,107019,0.03555089
1827,24132,0.00027534657
1828,112275,0.87978876
1829,107299,0.58307195
1830,68457,0.69228375
1831,16066,0.03664784
1832,70353,0.0029114224
1833,16532,0.00033621478
1834,82071,0.06666292
1835,72110,0.0029114224
1836,90378,0.9736786
1837,43970,0.011897027
1838,100267,0.11731413
1839,83474,0.010210467
1840,69741,0.024206866
1841,21047,0.0010923742
1842,29173,0.00078593515
1843,23608,0.2170439
1844,13079,0.0007783141
1845,98290,0.0007008046
1846,103442,0.0069380403
1847,41176,0.026289925
1848,38716,0.03664784
1849,74958,0.14429133
1850,96913,0.85546416
1851,99496,0.24450037
1852,29143,0.554042
1853,57810,0.13447009
1854,46041,0.6569232
1855,14392,0.4888416
1856,71139,0.105913065
1857,72092,0.78131825
1858,31331,0.0005450462
1859,56763,0.5628135
1860,64044,0.52379495
1861,43101,0.0034583432
1862,60420,0.0008103986
1863,43678,0.003579391
1864,62924,0.12035916
1865,36371,0.4888416
1866,18949,0.011616147
1867,111922,0.024206866
1868,3596,0.013822098
1869,11714,0.010516585
1870,49380,0.05811228
1871,112519,0.032572266
1872,72064,0.59822583
1873,29973,0.0030069337
1874,38252,0.8356625
1875,103931,0.000183461
1876,45509,0.7260672
1877,48802,0.5232106
1878,16175,0.00052143197
1879,83451,0.000582992
1880,53553,0.5026056
1881,51019,0.0069380403
1882,68472,0.15528698
1883,91793,0.733664
1884,41660,0.3089335
1885,4368,0.44851086
1886,20448,0.4985085
1887,24473,0.12290087
1888,93090,0.00030549918
1889,42878,0.1370344
1890,37313,0.016235711
1891,98800,0.000173288
1892,53218,0.4201848
1893,4511,0.4835136
1894,110041,0.37862125
1895,77048,0.5232106
1896,94858,3.7905298e-05
1897,24203,0.0070359865
1898,71044,0.34392092
1899,80359,0.021540971
1900,51850,0.005173213
1901,37119,0.0011989613
1902,32712,0.5730763
1903,53139,0.79584295
1904,74775,0.0015201581
1905,36828,0.45888868
1906,69251,0.16114923
1907,110236,0.0013978207
1908,59680,0.018096644
1909,51903,0.5232106
1910,57658,0.029874334
1911,25120,0.0003800104
1912,26900,0.029874334
1913,87396,0.003494497
1914,19255,0.08347233
1915,42336,0.0010040699
1916,38050,0.3089335
1917,1081,0.0039436966
1918,46451,0.12078799
1919,113329,0.0078094616
1920,50348,0.03599013
1921,50075,0.79584295
1922,67370,0.06615273
1923,47568,0.25912815
1924,22477,0.015702382
1925,39525,0.011700909
1926,111884,0.24450037
1927,68605,0.024206866
1928,77109,0.00015711458
1929,104009,0.0022208928
1930,63890,0.2622862
1931,36011,0.012764721
1932,86858,0.018163886
1933,57494,0.00057559315
1934,43799,0.00028159664
1935,19721,0.2622862
1936,84654,0.024206866
1937,70290,0.4888416
1938,107557,0.00086536893
1939,85934,0.4201848
1940,2561,0.034346074
1941,80215,0.00023607614
1942,2374,0.00059279526
1943,13007,0.96013254
1944,59644,0.024206866
1945,27988,0.12035916
1946,41193,0.0027327714
1947,42188,0.79584295
1948,79473,0.05406374
1949,115486,0.0005541349
1950,16313,0.0018141399
1951,86285,0.643951
1952,80602,0.0007653598
1953,88642,0.13447009
1954,18454,0.00083248236
1955,64272,0.002155291
1956,103269,0.6022919
1957,17261,0.011857566
1958,81505,0.001055576
1959,110465,0.0120466435
1960,24794,0.00025744713
1961,16393,0.0628029
1962,13454,0.13447009
1963,5730,0.84811413
1964,63782,0.0023295516
1965,48940,0.81378096
1966,56551,0.78131825
1967,31188,0.71340895
1968,95600,0.004340315
1969,100178,0.5824497
1970,85187,0.0120466435
1971,75273,0.024206866
1972,78051,0.00091424386
1973,13439,0.26997432
1974,8586,0.09333572
1975,56341,0.031164318
1976,18102,0.66882885
1977,50284,0.004696542
1978,42809,0.6857675
1979,111555,0.34392092
1980,21996,5.2208736e-05
1981,82115,0.13447009
1982,57363,0.78131825
1983,83009,0.032669682
1984,42252,3.570695e-05
1985,97422,0.5918634
1986,6259,0.012266115
1987,76777,0.006758071
1988,54386,0.00012581097
1989,31880,9.322066e-05
1990,44853,0.12290087
1991,99025,0.30689156
1992,52071,0.5730763
1993,157,0.03342854
1994,60004,0.4201848
1995,45976,0.0006187803
1996,47080,0.0049902825
1997,16757,0.001689314
1998,31179,0.5232106
1999,45745,0.03664784
2000,66155,0.6364604
2001,109292,0.12290087
2002,302,0.023906311
2003,96501,0.024154125
2004,81103,0.024206866
2005,48345,0.52379495
2006,96653,0.7478843
2007,61494,0.733664
2008,75222,0.13447009
2009,78280,0.007859644
2010,23672,0.05396219
2011,41067,0.0006106808
2012,54155,0.5232106
2013,12892,0.033028502
2014,109945,0.32676116
2015,25108,0.02084303
2016,63053,0.7478843
2017,7659,0.0648613
2018,99917,0.00040564957
2019,89490,0.13447009
2020,98975,0.12396051
2021,56850,0.27559015
2022,33198,0.4888416
2023,94326,0.032572266
2024,62604,0.00080110895
2025,44687,0.0008344364
2026,26247,0.638665
2027,24596,0.003817971
2028,22471,0.2622862
2029,109546,0.34392092
2030,86555,0.0060033025
2031,114176,0.37492988
2032,93601,0.5628135
2033,46224,0.0008344364
2034,24626,0.3089335
2035,54807,0.5730763
2036,11987,0.70819384
2037,49808,0.36316264
2038,89284,0.013006808
2039,72669,0.34392092
2040,72532,0.021584662
2041,62652,0.3089335
2042,57371,0.00046289893
2043,71497,0.7478843
2044,85389,0.8044119
2045,23681,0.013822098
2046,115368,0.024206866
2047,86800,0.0060033025
2048,65479,0.0002460864
2049,80989,0.47754645
2050,71459,0.024206866
2051,1012,0.00805233
2052,93177,0.5918634
2053,5660,0.85772264
2054,88966,0.13447009
2055,61819,0.011897027
2056,113078,0.71340895
2057,8250,0.0118671525
2058,50744,0.4888416
2059,65438,0.00062036316
2060,77728,0.45888868
2061,72949,0.5628135
2062,105733,0.3089335
2063,98874,0.6843454
2064,42888,0.19521376
2065,5058,0.0062386924
2066,46238,0.0137327975
2067,76112,0.12290087
2068,79422,0.01733762
2069,58364,0.47754645
2070,103132,0.71801543
2071,30453,0.5232106
2072,24839,0.015879171
2073,106520,0.8677409
2074,17376,0.0014157486
2075,103529,0.0078094616
2076,57527,0.12290087
2077,7789,0.7841161
2078,4470,0.015601124
2079,100541,0.56749433
2080,74073,0.12290087
2081,78194,0.0060033025
2082,95070,0.23997033
2083,31883,0.5628135
2084,73918,0.0040108035
2085,88812,0.12035916
2086,88058,0.34392092
2087,79973,0.7976046
2088,15050,0.00041032562
2089,87898,0.50293183
2090,53266,0.42581627
2091,105488,0.0025962305
2092,33053,0.007613828
2093,62380,0.017152961
2094,103824,0.032039568
2095,69182,0.30090106
2096,69850,0.010822124
2097,19832,0.0008344364
2098,10170,0.021937707
2099,1867,0.117846064
2100,62655,0.8356625
2101,88004,0.78131825
2102,70672,0.015284931
2103,59656,0.5730763
2104,4022,0.0004655183
2105,87877,0.7478843
2106,27386,0.013891192
2107,8091,0.046046227
2108,1443,0.50877464
2109,58006,0.98095036
2110,49371,0.0008344364
2111,76643,0.34392092
2112,49817,0.4888416
2113,108537,0.00050883094
2114,64336,0.12035916
2115,31511,0.002278086
2116,11783,0.015702382
2117,6984,0.0007252614
2118,33397,0.03502317
2119,97416,0.5918634
2120,112949,0.024206866
2121,33271,0.0020718006
2122,43688,0.000913589
2123,16905,0.16114923
2124,73308,0.0060033025
2125,34695,0.0019773827
2126,11672,0.0034652818
2127,30066,0.59822583
2128,20886,0.0069380403
2129,57423,0.5730763
2130,66527,0.0008274631
2131,97271,0.87863064
2132,11563,0.36190233
2133,95709,0.13447009
2134,930,0.04677104
2135,80442,0.000913589
2136,30413,0.008285374
2137,18223,0.18376456
2138,4234,0.0008473578
2139,58383,0.055746336
2140,66593,0.00081851677
2141,22741,0.00063015363
2142,112243,0.643951
2143,111177,0.00016131753
2144,33624,0.6022919
2145,103358,0.0008565802
2146,48701,9.862663e-05
2147,81221,0.7976046
2148,1882,0.98013306
2149,95330,0.07004065
2150,36832,0.5628135
2151,48370,0.0060033025
2152,16422,0.007859644
2153,36970,0.15288648
2154,26670,0.0070359865
2155,62453,0.009927506
2156,27696,0.0061633433
2157,59190,0.15288648
2158,96994,0.002893323
2159,75150,0.8636776
2160,52818,0.004346945
2161,95540,0.56749433
2162,62769,0.0060033025
2163,9868,0.001215759
2164,76152,0.6857675
2165,75112,0.0120466435
2166,67588,0.4201848
2167,30815,0.002419896
2168,42923,0.02084303
2169,71706,0.34392092
2170,8009,0.0049581924
2171,36870,0.7704209
2172,98351,0.13447009
2173,38693,0.010198945
2174,81602,0.06427912
2175,16265,0.040636003
2176,38570,0.47754645
2177,77756,0.64412415
2178,75096,0.024206866
2179,338,0.4568756
2180,108308,0.0040749265
2181,112029,0.024206866
2182,52982,0.56782615
2183,34188,0.0018594239
2184,27565,0.12035916
2185,110748,0.8097321
2186,1405,0.015702382
2187,2349,0.00056529586
2188,82866,0.007535207
2189,18444,0.006125173
2190,63707,0.06813553
2191,97657,0.0005355102
2192,92621,0.024206866
2193,58380,0.007401518
2194,58270,0.8044119
2195,84842,0.2622862
2196,12365,0.007402212
2197,11124,0.0001404224
2198,29343,0.00044843034
2199,112106,0.77334636
2200,104130,0.023050549
2201,58259,0.00021573764
2202,24219,0.8763795
2203,7689,0.0048432904
2204,12530,0.06581619
2205,13532,0.015702382
2206,84528,0.34392092
2207,5803,0.750656
2208,109419,0.0069380403
2209,109649,0.000106841
2210,28634,0.19652489
2211,53288,0.5232106
2212,12263,0.50877464
2213,86509,0.002171149
2214,23760,0.004386779
2215,99052,0.0025847896
2216,19147,0.00056442263
2217,95004,0.03621037
2218,97053,0.3089335
2219,40793,0.554042
2220,53059,0.011012454
2221,98564,0.12035916
2222,89700,0.71801543
2223,104846,0.13447009
2224,10623,0.0077516995
2225,75728,0.005446629
2226,54508,0.0053557972
2227,57346,0.006271094
2228,29279,0.19652489
2229,15797,0.00024592597
2230,39118,0.02279648
2231,81518,0.00055839587
2232,65496,0.2622862
2233,20854,0.0069380403
2234,89525,0.79584295
2235,102812,0.7349488
2236,89115,0.3089335
2237,13558,0.009462972
2238,30471,0.6857675
2239,19881,0.0008344364
2240,107607,0.2181275
2241,87400,0.4888416
2242,85549,0.13447009
2243,113757,0.2622862
2244,18115,0.59822583
2245,32618,0.01532495
2246,35257,0.0014080327
2247,7222,0.043003574
2248,63868,0.010580667
2249,76847,0.0077737547
2250,98309,0.019721959
2251,34796,0.66443765
2252,24285,0.011897027
2253,62115,0.008289046
2254,57267,0.0022208928
2255,68902,0.058751382
2256,29634,0.6022919
2257,9648,0.011809721
2258,30411,0.0060033025
2259,14944,0.009462972
2260,67951,0.015684674
2261,47045,0.12035916
2262,62458,0.000913589
2263,62789,0.32597795
2264,17085,0.7270048
2265,94494,0.0049902825
2266,44828,0.0019876938
2267,69556,0.00021493527
2268,80161,0.30090106
2269,30358,0.0033811661
2270,79804,0.000106841
2271,33670,0.027119404
2272,90744,0.98373485
2273,114362,0.07818704
2274,98168,0.024206866
2275,7523,0.9673527
2276,37423,0.029874334
2277,108526,0.00026553872
2278,26729,0.011897027
2279,74565,0.13447009
2280,48846,0.69238746
2281,4425,0.0022319336
2282,34282,0.001163373
2283,33891,0.71340895
2284,80110,0.59822583
2285,5980,0.0648613
2286,32195,0.023175027
2287,88598,0.7478843
2288,22443,0.0015105429
2289,81236,0.0074720434
2290,86908,0.733664
2291,108086,0.0027830005
2292,81584,0.5232106
2293,50817,6.0395378e-05
2294,46799,0.02084303
2295,60386,0.5232106
2296,1602,0.6857675
2297,78096,0.34392092
2298,82995,0.0232625
2299,100473,0.005396302
2300,21181,0.007402212
2301,98603,0.58307195
2302,89491,0.006202585
2303,52682,0.13447009
2304,18714,0.59938043
2305,87119,0.012198511
2306,38383,0.44748464
2307,29444,0.0008344364
2308,104226,0.20503531
2309,62808,0.00022796135
2310,97139,0.031164318
2311,8706,0.0024413501
2312,3631,0.010516585
2313,66798,0.0052482956
2314,11710,0.023309493
2315,75968,0.018857906
2316,69233,0.07818704
2317,22547,0.0003074006
2318,19872,0.0049902825
2319,102413,0.0075086835
2320,76700,0.032669682
2321,35667,0.80925137
2322,75641,0.13447009
2323,30773,0.00052039645
2324,94740,0.007859644
2325,11742,0.50877464
2326,72467,0.8044119
2327,106428,0.9581863
2328,80087,0.24450037
2329,33563,0.6857675
2330,12407,0.37492988
2331,66863,0.12035916
2332,20710,0.00030283537
2333,110260,0.024206866
2334,67431,0.024206866
2335,71155,0.024206866
2336,43943,0.5628135
2337,101109,3.2646025e-05
2338,45442,0.000297965
2339,81646,0.3089335
2340,31037,0.000913589
2341,26366,0.3089335
2342,74630,6.5609005e-05
2343,106069,0.020733895
2344,82843,0.0008784219
2345,13395,0.46064824
2346,88639,0.00028856297
2347,3664,0.44851086
2348,1190,0.26386112
2349,67788,0.0046671093
2350,113303,0.07818704
2351,81958,0.4888416
2352,108177,0.58307195
2353,15532,0.7757448
2354,109613,0.8950832
2355,7194,0.015601124
2356,74927,0.00041091512
2357,72263,0.54713255
2358,7838,0.0018368879
2359,71486,0.024206866
2360,35028,0.0208884
2361,111132,0.02781691
2362,67447,0.64412415
2363,87836,0.7478843
2364,48677,0.00034825498
2365,56735,0.733664
2366,43078,0.005712436
2367,63305,0.5628135
2368,88183,0.0079947645
2369,88984,0.07724256
2370,35873,0.0003208423
2371,68185,0.7791045
2372,5937,0.0011989664
2373,9821,0.0034652818
2374,96476,0.71801543
2375,109445,0.076218784
2376,106753,0.73686934
2377,36220,0.638665
2378,15163,0.0014080327
2379,12295,0.8731015
2380,111744,5.440899e-05
2381,72828,0.0018721197
2382,45214,0.011897027
2383,33490,0.15532894
2384,45746,0.0008344364
2385,18612,0.000444118
2386,93732,0.34392092
2387,49298,0.0041804966
2388,8785,0.98849034
2389,47252,0.8577139
2390,88138,0.04694134
2391,21159,0.96013254
2392,2640,0.046046227
2393,66433,0.00064593635
2394,95763,0.7478843
2395,95351,0.079446584
2396,83309,0.0029114224
2397,114228,0.0013978207
2398,67144,0.45888868
2399,6436,0.000730793
2400,96872,0.016235711
2401,40342,0.4888416
2402,32978,0.5628135
2403,37763,0.00028856297
2404,85559,0.024206866
2405,54442,0.0073676775
2406,13461,0.008136907
2407,101359,0.71801543
2408,66068,0.012725955
2409,46247,0.02279648
2410,100513,0.61716485
2411,58957,0.0079947645
2412,71402,0.00037588034
2413,41699,0.36316264
2414,13227,0.017041259
2415,113766,0.008223659
2416,85595,0.34392092
2417,47175,0.004574281
2418,60076,0.001163373
2419,11579,0.766975
2420,114994,0.0011072916
2421,33306,0.5232106
2422,26188,0.0024137455
2423,42130,0.00074352534
2424,305,0.5026056
2425,18561,0.00013588504
2426,16146,0.003558146
2427,94285,5.459162e-05
2428,108075,0.07818704
2429,57522,0.024206866
2430,66843,0.0017587844
2431,87228,0.3089335
2432,71239,0.34392092
2433,71204,0.057469305
2434,104972,0.5918634
2435,85721,0.024206866
2436,28498,0.9899395
2437,51049,0.5232106
2438,60773,8.110388e-05
2439,83679,0.5628135
2440,85333,0.0002724407
2441,1514,0.006294771
2442,67159,0.009503871
2443,99681,0.53350335
2444,100048,0.10409736
2445,78552,0.5232106
2446,35622,0.00033534566
2447,23973,0.027982187
2448,51233,0.05811228
2449,38453,0.006418149
2450,5108,0.0011706477
2451,5279,0.07200105
2452,93151,0.0041407975
2453,112281,0.733664
2454,59124,0.78131825
2455,96793,0.590359
2456,105466,0.024186034
2457,71262,0.007859644
2458,712,0.4985085
2459,87522,0.81378096
2460,79206,0.0025679425
2461,23900,0.00020466141
2462,22198,0.0008344364
2463,88709,0.56749433
2464,103324,0.75738317
2465,74172,0.12035916
2466,97568,0.0010396191
2467,52717,0.00030549918
2468,79529,0.018743023
2469,114695,0.0014752067
2470,107384,0.6843454
2471,15704,0.0050090887
2472,3614,0.06859021
2473,54375,0.029874334
2474,104923,0.07416088
2475,108568,0.011978631
2476,108019,0.75738317
2477,114895,0.0010011981
2478,73785,0.12290087
2479,53970,0.006758071
2480,94314,0.006758071
2481,13054,0.009587363
2482,67100,0.37963933
2483,52768,0.0028252755
2484,92641,0.7478843
2485,8597,0.118898705
2486,30062,0.015142322
2487,102649,0.79734695
2488,60836,0.0041407975
2489,71249,0.34392092
2490,4895,0.0006484749
2491,50060,0.5232106
2492,23903,0.007402212
2493,84818,0.0060033025
2494,105467,0.00088362664
2495,87624,0.4201848
2496,37678,0.113648385
2497,13947,0.0001310388
2498,80955,0.009217253
2499,43777,0.014348362
2500,40536,5.240182e-05
2501,41462,0.6857675
2502,64680,0.000534203
2503,93271,0.34392092
2504,63535,0.002658699
2505,15018,0.028269496
2506,100075,0.11731413
2507,71661,0.34392092
2508,44139,0.0061339163
2509,26665,0.19521376
2510,87097,0.5628135
2511,106339,0.39742365
2512,4570,0.0041744187
2513,102651,0.013006808
2514,9782,0.16114968
2515,46691,0.0006305294
2516,102363,0.024206866
2517,111708,0.024206866
2518,28128,0.1508694
2519,72924,0.017152961
2520,54309,0.0060033025
2521,71560,0.34392092
2522,110944,0.34392092
2523,79805,0.0060033025
2524,49620,0.9667645
2525,93058,0.024206866
2526,4025,0.029418135
2527,31871,0.38151705
2528,33169,0.0045298273
2529,85461,0.8044119
2530,36369,0.006418149
2531,57617,0.000913589
2532,51195,0.00021505805
2533,23112,0.47754645
2534,106784,0.24450037
2535,90505,0.56749433
2536,23015,0.0010991456
2537,40173,0.0008565802
2538,89870,0.026691185
2539,108860,0.81980735
2540,59720,0.5122713
2541,98082,0.0007478683
2542,23928,0.0897031
2543,23332,0.0010037922
2544,78834,0.010210467
2545,87946,0.3089335
2546,67664,0.0076509737
2547,88274,0.590359
2548,1774,0.59822583
2549,105319,0.75738317
2550,88417,0.34392092
2551,23222,0.68617105
2552,49392,0.0069380403
2553,36241,0.09688907
2554,108854,0.5918634
2555,71900,0.024206866
2556,64820,0.2622862
2557,78241,0.4888416
2558,1531,0.010516585
2559,53654,0.024206866
2560,41175,0.026289925
2561,94552,0.00065325503
2562,10309,0.00039073665
2563,55223,0.8745886
2564,26748,0.3089335
2565,46244,0.0058448464
2566,45200,0.00034299184
2567,29916,0.4832058
2568,78703,0.70778805
2569,98520,0.58307195
2570,65044,0.029874334
2571,113206,3.6403162e-05
2572,51540,0.011012454
2573,18906,0.009927506
2574,45956,0.016867047
2575,70072,0.34392092
2576,6783,0.7798892
2577,84452,0.5026056
2578,60050,0.0034644553
2579,71615,0.007859644
2580,71498,0.0069380403
2581,95117,0.029874334
2582,72948,0.003304699
2583,46084,0.016223216
2584,11682,0.84811413
2585,77762,0.5232106
2586,102294,0.8044119
2587,51097,0.016805451
2588,9136,0.013822098
2589,25029,0.02084303
2590,2080,0.008972212
2591,62749,0.7478843
2592,8845,0.013822098
2593,107578,0.19652489
2594,86152,0.34392092
2595,26609,0.52379495
2596,99339,0.59822583
2597,59542,0.01962534
2598,85827,0.0005260863
2599,103743,0.5824497
2600,106328,0.75738317
2601,85755,0.07818704
2602,33623,0.0068548415
2603,33999,0.5730763
2604,88363,0.005014898
2605,77724,0.00030549918
2606,70180,0.12290087
2607,87870,0.5232106
2608,105218,0.0007994225
2609,111373,0.24450037
2610,29261,0.00023650714
2611,97371,0.0078094616
2612,100044,0.032572266
2613,43899,0.00084695744
2614,57626,0.0022208928
2615,35970,0.15288648
2616,86590,0.6857675
2617,37296,0.5232106
2618,33183,0.8763795
2619,68070,0.59822583
2620,72838,0.12035916
2621,76357,0.1508694
2622,37817,0.12290087
2623,112488,0.0001031031
2624,65053,8.785265e-05
2625,61599,0.011897027
2626,101496,0.2916034
2627,106255,0.35705665
2628,31087,0.5232106
2629,13338,0.01130583
2630,33272,0.1508694
2631,10543,0.020274352
2632,101093,0.032572266
2633,5308,0.000192028
2634,27886,0.5232106
2635,71297,0.12290087
2636,11569,0.3089335
2637,96111,0.34392092
2638,46255,0.0008565802
2639,111218,0.04054585
2640,38245,0.0008344364
2641,4258,0.84811413
2642,6858,0.00034885493
2643,72240,0.34392092
2644,91568,0.34392092
2645,19576,0.00870742
2646,79951,0.000106841
2647,54711,0.34392092
2648,68629,0.004340315
2649,7946,0.95496625
2650,44979,0.12290087
2651,42705,0.03664784
2652,39528,0.44951525
2653,86094,0.12275081
2654,94623,0.010289059
2655,105498,0.528339
2656,22592,0.020274352
2657,71006,0.34392092
2658,14490,0.0032704151
2659,46342,0.058751382
2660,108553,0.58307195
2661,5399,0.750656
2662,100551,0.010756634
2663,101396,0.05846085
2664,64817,0.12035916
2665,39658,0.12035916
2666,48452,0.0010040699
2667,88059,0.018163886
2668,534,0.30990377
2669,59428,0.7478843
2670,17734,0.00012347025
2671,103762,0.5075232
2672,74941,0.25912815
2673,103726,0.0043080067
2674,2086,0.003444817
2675,22240,4.76208e-05
2676,81442,0.13447009
2677,12009,0.26997432
2678,77883,0.0069380403
2679,44500,0.78131825
2680,111938,0.02781691
2681,49414,0.5628135
2682,97215,0.34392092
2683,96887,0.34392092
2684,74903,0.000113693124
2685,21236,0.0034632012
2686,28830,0.19521376
2687,75445,0.0069380403
2688,3905,0.031332474
2689,102588,0.0009624138
2690,33589,0.5628135
2691,58722,0.733664
2692,98883,0.19652489
2693,44925,0.00046828296
2694,110178,0.47754645
2695,85243,0.2181275
2696,36023,0.5232106
2697,16690,0.0017893695
2698,83985,0.6139433
2699,46958,0.011897027
2700,115434,0.52988625
2701,32949,0.004346945
2702,54082,0.02345921
2703,84467,0.2170439
2704,68150,0.02009038
2705,62073,0.0072625442
2706,93464,0.79584295
2707,53685,0.016388483
2708,33923,0.004391144
2709,65981,0.012725955
2710,99768,0.12035916
2711,110454,3.7286918e-05
2712,34936,0.5232106
2713,7203,0.058883075
2714,12652,0.007402212
2715,107163,0.007797746
2716,26585,0.019543922
2717,104578,0.0023225306
2718,46693,0.9773571
2719,64512,0.029874334
2720,12032,0.50877464
2721,22127,0.13447009
2722,45441,0.057285305
2723,114562,0.0014080327
2724,10129,0.7378498
2725,102744,0.0012720355
2726,49499,0.5232106
2727,95059,0.12035916
2728,11544,0.023309493
2729,75771,0.0060033025
2730,26933,0.19521376
2731,73047,0.590359
2732,96374,0.30090106
2733,82986,0.00014248537
2734,65620,0.012725955
2735,72620,0.733664
2736,92951,0.00021685749
2737,6447,0.01599841
2738,60330,0.59938043
2739,19894,0.0033028633
2740,75297,0.016863292
2741,55845,0.0018987086
2742,90551,0.3089335
2743,95263,0.23997033
2744,78126,0.13447009
2745,98738,0.66033554
2746,8162,0.07200105
2747,22441,0.0010991456
2748,68818,0.009946336
2749,937,0.004894555
2750,81094,0.024206866
2751,14061,0.59917617
2752,13296,0.66882885
2753,3348,0.01599841
2754,48543,0.0008344364
2755,37621,0.029618468
2756,25973,0.0008565802
2757,98955,0.0068548415
2758,66638,0.011817629
2759,32507,0.0023063922
2760,96284,0.16114923
2761,72194,0.34392092
2762,88576,0.030243915
2763,52785,0.007402212
2764,76421,0.06427912
2765,27077,0.004346945
2766,56318,0.0028779923
2767,49316,0.0014080327
2768,78162,6.476484e-05
2769,47752,0.0078094616
2770,40347,0.66443765
2771,66463,0.07818704
2772,87910,0.0009853129
2773,18852,0.3089335
2774,55925,0.00038815397
2775,85500,0.4888416
2776,110639,0.73582023
2777,2955,0.0025890823
2778,42003,0.002387951
2779,76705,0.024206866
2780,46452,0.6857675
2781,105613,0.0009299811
2782,10538,0.0006873731
2783,94941,0.8819471
2784,113486,0.7378498
2785,82209,0.00074352534
2786,58561,0.024689076
2787,89858,0.6795658
2788,31224,0.014660342
2789,98598,0.67513126
2790,49086,0.08695534
2791,36237,0.5232106
2792,30256,0.007402212
2793,80338,0.008686434
2794,96364,0.12035916
2795,67633,0.34392092
2796,100496,0.85170263
2797,102256,0.00030549918
2798,73339,0.01979557
2799,81048,0.00011127639
2800,27347,0.0078094616
2801,105049,0.001886083
2802,103322,0.71801543
2803,60688,0.5346374
2804,74302,0.13447009
2805,101411,0.12035916
2806,4042,0.040918738
2807,98289,0.16114923
2808,33448,0.5730763
2809,70763,0.01622636
2810,46770,0.59938043
2811,100794,3.3580935e-05
2812,90082,0.34392092
2813,63511,0.12035916
2814,115683,0.01426431
2815,89304,0.12035916
2816,98907,0.12035916
2817,78538,0.0069380403
2818,31773,0.0013408898
2819,85220,0.035321414
2820,30465,0.0078094616
2821,108515,0.8097321
2822,845,0.0048087235
2823,51494,0.006033571
2824,34584,0.004346945
2825,109698,0.066463105
2826,109339,0.024206866
2827,25540,0.0021393949
2828,77718,0.0011214612
2829,110464,0.7378498
2830,86740,0.34392092
2831,85573,0.0010241107
2832,1962,0.8588091
2833,14179,0.50293183
2834,47480,0.011897027
2835,92388,0.079446584
2836,4857,0.03200804
2837,17678,2.7653768e-05
2838,64751,0.0006520657
2839,95160,0.986725
2840,44421,0.0027480691
2841,48145,0.00016774372
2842,113794,0.0120466435
2843,86802,0.024206866
2844,16244,0.0011072916
2845,93114,0.0028299503
2846,96392,0.032572266
2847,110406,0.0049849157
2848,26925,0.69238746
2849,34346,0.005738544
2850,59209,0.733664
2851,64730,0.0069380403
2852,99151,0.0027288676
2853,104437,0.02913709
2854,99110,0.013105536
2855,44672,0.00023497424
2856,115986,0.00027646506
2857,55577,0.5232106
2858,44271,0.011817629
2859,89111,0.34392092
2860,4530,0.0039436966
2861,32044,0.027409334
2862,72156,0.015427346
2863,86976,0.00012395333
2864,36665,0.59938043
2865,40303,0.0008344364
2866,45194,0.0011072916
2867,10236,0.8044119
2868,34739,0.027119404
2869,102728,0.004290562
2870,45043,0.061195053
2871,70991,0.34392092
2872,82159,0.3089335
2873,39846,0.0014725428
2874,25980,0.007402212
2875,61453,0.13447009
2876,9402,0.010516585
2877,8520,0.00031070915
2878,13297,0.8745886
2879,112813,0.75738317
2880,114851,0.00047002418
2881,62258,0.8745886
2882,104471,0.00036646725
2883,46173,0.041428864
2884,81871,0.010210467
2885,7776,0.0039436966
2886,26162,0.0006933797
2887,100950,0.58307195
2888,93238,0.044839907
2889,964,0.0041653006
2890,108972,0.024206866
2891,72985,0.024206866
2892,61424,0.011897027
2893,70108,0.34392092
2894,19778,0.006994658
2895,17250,0.015702382
2896,16763,0.006994658
2897,72257,0.70778805
2898,64600,0.0029317704
2899,53206,0.79584295
2900,38042,0.79584295
2901,69262,0.34392092
2902,81981,0.0034040664
2903,71525,0.004340315
2904,62257,0.0049939514
2905,9705,0.0027185536
2906,35111,0.5026056
2907,4720,0.0003065352
2908,2424,0.766975
2909,6469,0.0033465438
2910,17870,0.009927506
2911,92111,0.010756634
2912,56839,0.033028502
2913,21624,0.0026394124
2914,78042,0.007256042
2915,18622,0.000444118
2916,48830,0.00027521956
2917,114806,0.009196748
2918,5095,0.8371824
2919,86481,0.024206866
2920,103297,0.24450037
2921,86136,0.34392092
2922,114650,0.0022528032
2923,77761,0.0069380403
2924,55256,0.016388483
2925,107734,0.75738317
2926,91501,0.0053959386
2927,91394,0.00745283
2928,2967,0.051179893
2929,84544,0.77334636
2930,28658,0.03664784
2931,33917,0.00013386157
2932,49112,0.42581627
2933,20842,0.0075326078
2934,64112,0.00015711458
2935,76300,0.01451028
2936,58584,0.12275081
2937,46966,0.0070359865
2938,38469,0.7976046
2939,9255,0.0013757016
2940,44884,0.37492988
2941,59642,0.00025488902
2942,108189,0.58307195
2943,47793,0.6857675
2944,38811,0.0048293485
2945,3336,0.02809463
2946,111116,0.2181275
2947,17439,0.007859644
2948,48439,0.34661445
2949,84779,0.5628135
2950,114963,0.02781158
2951,42793,0.00096811063
2952,24945,0.021063577
2953,83722,0.017304618
2954,74762,0.02484052
2955,100321,0.1978248
2956,114447,0.4201848
2957,111610,0.009188496
2958,6561,0.8770808
2959,107231,0.00086536893
2960,78118,0.07818704
2961,86394,0.30090106
2962,94467,0.0005176831
2963,36406,0.014765168
2964,81567,0.0010066493
2965,75408,0.0054704677
2966,103919,0.6022919
2967,61050,0.7478843
2968,30277,0.017654972
2969,95023,0.12035916
2970,70871,0.2622862
2971,56779,0.13447009
2972,90999,0.0029114224
2973,89121,0.0346668
2974,61563,0.029874334
2975,104492,0.6892983
2976,3081,0.008247896
2977,104892,0.056906763
2978,102199,0.04054585
2979,16677,2.2397962e-05
2980,1393,0.007884927
2981,28160,0.5628135
2982,94483,9.051426e-05
2983,57046,0.4888416
2984,77085,1.1232891e-05
2985,56440,0.007401518
2986,5883,0.0034652818
2987,60234,0.024206866
2988,46556,0.0008344364
2989,111857,0.34392092
2990,40446,0.006418149
2991,59659,0.64412415
2992,53952,0.024206866
2993,11545,0.766975
2994,20725,0.8731015
2995,64911,0.0056960657
2996,8884,0.0020718006
2997,98805,0.00041109437
2998,69261,0.51646364
2999,320,0.015601124
3000,55817,0.024689076
3001,7067,0.013822098
3002,79035,0.005799991
3003,43186,0.010198945
3004,56649,0.01962534
3005,40819,0.00047621052
3006,105276,0.6843454
3007,24159,0.6857675
3008,925,0.25912815
3009,5347,0.0036409083
3010,6595,0.021937707
3011,27146,0.016253678
3012,3251,0.44851086
3013,111032,0.00015032139
3014,5510,0.010516585
3015,65152,0.00058022083
3016,106849,0.013684089
3017,33106,0.554042
3018,49436,0.013006808
3019,83740,0.00017650245
3020,111921,0.007613828
3021,104880,2.5446301e-05
3022,82228,0.13447009
3023,110469,0.006924724
3024,100587,0.34392092
3025,70568,0.34392092
3026,48609,0.5730763
3027,12105,0.00011155209
3028,46929,0.7270048
3029,108266,0.30090106
3030,62211,0.82937336
3031,89648,0.13447009
3032,101285,0.025677385
3033,73373,0.20503531
3034,80446,0.71321934
3035,99041,0.035509907
3036,87279,0.7976046
3037,35518,0.5232106
3038,63606,0.12290087
3039,17733,6.222981e-05
3040,18144,0.5611369
3041,37235,0.3089335
3042,105146,0.04834172
3043,75821,0.13447009
3044,10406,0.010516585
3045,33352,0.0008344364
3046,31097,0.31145355
3047,8102,0.0030965572
3048,70847,0.0014080327
3049,35771,0.25912815
3050,40620,0.016235711
3051,3243,0.0776586
3052,93296,0.590359
3053,20035,0.0002148953
3054,26058,0.68328345
3055,22117,0.44748464
3056,71257,0.021584662
3057,96049,0.049366985
3058,14888,0.006900282
3059,94268,0.557548
3060,63556,4.220296e-05
3061,110478,0.60899097
3062,115917,0.60899097
3063,10186,0.004382199
3064,42912,0.0008344364
3065,24822,0.0029933455
3066,3645,0.09211248
3067,76878,0.020912925
3068,93049,0.024206866
3069,7686,0.0039436966
3070,50693,0.00094809954
3071,16372,0.0036796904
3072,77167,0.013659366
3073,46569,0.0070359865
3074,114394,0.07040569
3075,70831,0.69238746
3076,62839,0.7478843
3077,102240,0.7478843
3078,25303,0.007402212
3079,10632,0.013822098
3080,87631,0.71801543
3081,104252,0.32676116
3082,23699,7.917382e-05
3083,112570,0.0003903065
3084,56051,0.590359
3085,6861,0.0686584
3086,84028,0.87863064
3087,108015,0.8242979
3088,90629,0.34392092
3089,80595,0.0060033025
3090,42290,0.19521376
3091,57555,0.5232106
3092,75604,0.00062294764
3093,77873,0.34054893
3094,75423,0.0010910799
3095,75490,0.0010066493
3096,29355,0.0020856585
3097,49793,0.47754645
3098,33430,0.19619943
3099,53547,0.23309723
3100,19704,0.0038145971
3101,94466,0.5232106
3102,71665,0.117846064
3103,15087,0.01451028
3104,14739,0.0008344364
3105,54419,0.052222855
3106,101358,0.58307195
3107,11229,0.005712436
3108,46422,0.5628135
3109,43120,0.004568258
3110,37745,0.79584295
3111,4907,0.03200804
3112,25728,0.0008344364
3113,36354,0.3089335
3114,27172,0.007402212
3115,97124,0.0017295427
3116,94491,0.7478843
3117,45253,0.011012454
3118,30952,0.008285374
3119,21137,0.766975
3120,111339,0.005052334
3121,93989,0.0049902825
3122,73934,0.0002586537
3123,61738,0.59938043
3124,108296,0.04954909
3125,85731,0.16114923
3126,113076,2.4333494e-05
3127,63015,0.0053360537
3128,33120,0.00045418862
3129,18459,9.9150086e-05
3130,11778,0.04682313
3131,46936,0.12078799
3132,39513,0.36316264
3133,2332,0.4835136
3134,2526,0.0098010395
3135,9994,0.02924629
3136,109484,0.18376456
3137,13091,0.00028159664
3138,78334,0.38854715
3139,45853,0.0008344364
3140,83080,0.0010519199
3141,100306,0.12290087
3142,1372,0.053895727
3143,57862,0.7478843
3144,111810,0.60899097
3145,32866,0.0069628586
3146,44020,0.12078799
3147,62605,0.15288648
3148,75736,0.06427912
3149,38204,0.70819384
3150,2369,0.84811413
3151,69028,0.78131825
3152,49191,0.59938043
3153,113035,0.24450037
3154,63987,0.00037149663
3155,73894,0.13447009
3156,1083,0.0001579505
3157,109939,0.58307195
3158,114754,0.016235711
3159,58434,0.7976046
3160,96740,0.6843454
3161,99013,0.024206866
3162,26617,0.005060267
3163,89964,0.45888868
3164,87018,0.32597795
3165,22859,0.021919478
3166,54563,0.0011214612
3167,3582,0.0832958
3168,33866,0.0048561753
3169,80465,0.4888416
3170,83300,0.0064328555
3171,75713,0.0040108035
3172,95154,0.000106841
3173,70438,0.47754645
3174,19731,0.006125173
3175,76277,0.0010066493
3176,2377,0.0071158
3177,115263,0.006409634
3178,50690,0.4888416
3179,62217,0.0061779353
3180,76671,0.7704209
3181,115459,0.0004885717
3182,12661,0.0008706602
3183,106147,0.24450037
3184,75274,0.010210467
3185,34442,0.00037358582
3186,88906,0.20948003
3187,115495,0.7341537
3188,111630,0.0005584563
3189,27073,0.3089335
3190,113178,2.99659e-05
3191,67258,0.01451028
3192,107539,0.19652489
3193,30545,0.15288648
3194,10677,0.0018368879
3195,14846,0.009462972
3196,87043,0.012132102
3197,93417,0.0069380403
3198,6887,0.057469666
3199,63373,0.12035916
3200,73889,0.6027404
3201,4439,0.001674475
3202,102230,0.4888416
3203,83754,0.4832058
3204,45667,0.0011117195
3205,104151,0.001596949
3206,32693,0.7976046
3207,107808,0.012358964
3208,101395,0.12488081
3209,9858,0.0648613
3210,88064,0.0011649905
3211,110356,0.0012238427
3212,32275,0.34661445
3213,34607,0.0008344364
3214,114776,0.63034135
3215,41848,0.02084303
3216,106997,0.009291503
3217,106939,0.60899097
3218,114580,0.10453378
3219,4126,0.69864136
3220,40149,0.058751382
3221,14088,0.95692116
3222,21939,0.006004174
3223,79196,0.5918634
3224,21172,0.12290087
3225,103691,0.6022919
3226,57655,0.4888416
3227,13812,0.5628135
3228,67812,0.34392092
3229,1197,0.0056960657
3230,7413,0.024927352
3231,26574,0.0012037548
3232,88206,0.003784591
3233,79459,0.56749433
3234,21595,0.000976076
3235,102006,0.024248097
3236,55245,0.004346945
3237,27596,0.19521376
3238,7631,0.09333572
3239,19312,0.6857675
3240,48684,0.007859644
3241,4339,0.96013254
3242,93902,0.011012454
3243,45178,0.12078799
3244,16930,0.81378096
3245,33770,0.5232106
3246,66940,0.0011072916
3247,113680,0.73686934
3248,83826,0.05072495
3249,31976,0.040529713
3250,32338,0.0008344364
3251,31065,0.0002693615
3252,57576,0.752463
3253,22538,0.3089335
3254,83602,0.0019656415
3255,61504,0.023649527
3256,82552,0.7478843
3257,106467,0.9962088
3258,6924,0.013822098
3259,59140,0.7976046
3260,41249,0.016777575
3261,64544,0.2622862
3262,93438,0.024206866
3263,27160,0.011897027
3264,29860,0.5730763
3265,1002,0.009927506
3266,104921,0.001425672
3267,36788,0.5232106
3268,63000,0.005417213
3269,26504,0.00096970994
3270,105701,0.8097321
3271,75299,0.00012382408
3272,11683,0.01599841
3273,77495,0.13447009
3274,101632,0.02987724
3275,62673,0.013659366
3276,1691,0.00031131195
3277,98361,0.002847351
3278,76545,0.0056843515
3279,3773,0.7307767
3280,92514,0.00050670595
3281,92258,0.10495635
3282,112962,6.316911e-05
3283,8486,0.1655398
3284,104687,0.00050520775
3285,36871,0.59938043
3286,23168,0.12078799
3287,14092,0.04985191
3288,112451,0.16982783
3289,99380,0.0041407975
3290,15807,0.00023307164
3291,31777,0.59822583
3292,46223,0.007402212
3293,43736,0.010756634
3294,80253,0.34392092
3295,96865,0.024206866
3296,16943,0.006125173
3297,105274,0.8338674
3298,94811,0.0004658792
3299,3600,0.034346074
3300,109863,0.58307195
3301,55493,0.20503531
3302,26834,0.42249477
3303,73153,0.34392092
3304,86336,0.13447009
3305,105604,0.6022919
3306,76251,0.010210467
3307,31775,0.0023733126
3308,44319,0.00090780616
3309,49262,0.057106867
3310,69137,0.7373063
3311,73635,0.34054893
3312,26616,0.5232106
3313,80071,0.12035916
3314,113832,0.0008013422
3315,110118,0.024206866
3316,46215,0.0061633433
3317,111070,0.24450037
3318,102930,0.0006385582
3319,19028,0.5611369
3320,39130,0.36316264
3321,111445,0.07724256
3322,16033,0.3089335
3323,13691,0.4888416
3324,111607,0.11731413
3325,65610,0.2622862
3326,89067,0.34661445
3327,28205,0.008285374
3328,36476,0.6857675
3329,30945,0.0031977028
3330,48363,0.0013400989
3331,76221,0.13447009
3332,83083,0.018852701
3333,94940,0.00028117545
3334,109455,0.027365971
3335,16588,0.37963933
3336,67878,0.34054893
3337,8775,0.0057382775
3338,60914,0.0040108035
3339,5806,0.000618159
3340,38376,0.0018082338
3341,26654,0.043853756
3342,90160,0.69238746
3343,9747,0.021722443
3344,32804,0.0008344364
3345,82518,0.7478843
3346,44515,0.12290087
3347,27323,0.19652489
3348,77663,0.45888868
3349,105199,0.53675616
3350,79654,0.024206866
3351,24057,0.3089335
3352,31942,0.0034378408
3353,69387,0.0013326705
3354,51893,0.6857675
3355,63296,0.32381338
3356,32333,0.13580467
3357,47447,0.011897027
3358,28615,0.19521376
3359,76145,0.4888416
3360,12713,0.0008344364
3361,74556,0.9710018
3362,29235,0.05811228
3363,3907,0.08508578
3364,111636,0.0042171516
3365,105380,0.65461713
3366,83345,0.026691185
3367,33340,0.31145355
3368,9406,0.19086212
3369,95093,0.60409665
3370,109913,0.34392092
3371,55012,0.5232106
3372,108089,0.0009090638
3373,3858,0.013888508
3374,41025,5.4539585e-05
3375,47139,0.766975
3376,78189,0.0069380403
3377,96,0.59822583
3378,69487,0.20948003
3379,11827,0.019543922
3380,33076,0.95399666
3381,9862,0.0007081321
3382,60423,0.01451028
3383,5395,0.01769326
3384,78365,0.0008344364
3385,40375,0.0020656676
3386,56846,0.027902244
3387,60360,0.005023907
3388,98009,0.0012046398
3389,47697,0.023663448
3390,75882,0.71321934
3391,52627,0.12035916
3392,55034,0.20503531
3393,25186,0.3089335
3394,77004,0.5232106
3395,111089,0.024206866
3396,34299,0.0013662063
3397,6377,0.0019063852
3398,53457,0.022744736
3399,17259,0.37963933
3400,5877,0.08629918
3401,23687,0.9710018
3402,51978,0.44951525
3403,42618,0.0015538506
3404,1646,0.0039436966
3405,50427,0.00064718013
3406,105869,0.024206866
3407,53668,0.024206866
3408,27913,0.638665
3409,68884,0.34392092
3410,48474,0.0079947645
3411,36840,0.00041502962
3412,90710,0.34392092
3413,78601,0.5122713
3414,19198,0.059051476
3415,56858,0.00046885223
3416,7754,0.028720004
3417,101964,0.6139433
3418,33022,1.8460294e-05
3419,4400,0.053895727
3420,14710,0.9685034
3421,42157,2.218519e-05
3422,112663,0.085451424
3423,57466,0.34661445
3424,66545,0.029874334
3425,115004,0.0014810982
3426,36580,0.5026056
3427,29729,0.011897027
3428,42058,0.59938043
3429,102215,0.34392092
3430,58189,0.7976046
3431,32284,0.009818205
3432,41945,0.0041483743
3433,12799,0.00013634385
3434,38818,5.781495e-05
3435,82322,0.057437453
3436,115685,0.0060891556
3437,61630,0.033028502
3438,47618,0.19521376
3439,77333,0.0013728857
3440,90982,0.4201848
3441,48526,0.024206866
3442,7286,0.69864136
3443,56591,0.5232106
3444,24029,0.00041502962
3445,24607,0.79584295
3446,87893,0.02203267
3447,86441,0.4888416
3448,17618,0.04985191
3449,113481,0.018952552
3450,43566,0.12290087
3451,69055,0.0063051623
3452,6838,0.014556297
3453,55835,0.020963194
3454,14961,0.009927506
3455,8598,0.0016199597
3456,29512,0.05811228
3457,84983,0.2622862
3458,1821,0.77230483
3459,33093,0.008990011
3460,20743,0.5026056
3461,102691,0.52988625
3462,63644,0.00028856297
3463,96496,0.4123848
3464,81383,0.99484575
3465,95672,0.58307195
3466,84767,0.13447009
3467,103878,0.32676116
3468,80413,0.34392092
3469,21221,0.0069380403
3470,82994,0.7478843
3471,83745,0.4201848
3472,82904,0.0028906418
3473,36638,0.06682916
3474,68537,0.0073882183
3475,23855,0.0014725428
3476,98228,0.0012984526
3477,105007,0.5918634
3478,95291,0.60335207
3479,51376,0.44748464
3480,98345,0.0014401877
3481,27553,0.44748464
3482,4782,0.008247896
3483,59120,0.15288648
3484,16587,0.37963933
3485,42279,0.12078799
3486,50943,0.5026056
3487,59746,0.00015711458
3488,115859,0.00025418669
3489,55231,0.13447009
3490,5403,0.0011250017
3491,1147,0.98013306
3492,57367,0.010137472
3493,79784,0.010210467
3494,115257,0.0001403572
3495,115183,0.78131825
3496,105169,0.6022919
3497,64356,0.00025403986
3498,35417,0.0069380403
3499,115770,0.048201922
3500,40212,0.018676624
3501,86343,0.36316264
3502,77397,0.016911069
3503,18980,0.59822583
3504,4473,0.766975
3505,44134,0.68328345
3506,25811,0.20718338
3507,115298,0.10453378
3508,32196,0.00026717392
3509,28434,0.008285374
3510,14407,0.0007590038
3511,33712,0.5730763
3512,39672,0.82937336
3513,109465,0.0053618946
3514,64903,0.031164318
3515,60676,0.13447009
3516,104389,0.07818704
3517,88166,0.12035916
3518,35413,0.0008344364
3519,98644,0.11731413
3520,59731,0.033028502
3521,75206,0.0034247849
3522,75478,0.12035916
3523,75504,0.000106841
3524,29311,0.000913589
3525,46534,0.12078799
3526,36600,7.790996e-05
3527,58401,0.00016952743
3528,115779,0.048201922
3529,102190,0.50293183
3530,68355,0.0061633433
3531,69287,0.34392092
3532,26753,0.19652489
3533,1167,0.16114968
3534,4124,0.008247896
3535,108797,0.00060715486
3536,27071,0.0015905353
3537,97425,0.7009889
3538,45681,0.6569232
3539,54765,0.5628135
3540,5752,0.0034652818
3541,110130,0.14703433
3542,14618,0.009927506
3543,54350,0.40678856
3544,87597,0.27559015
3545,66618,0.49183017
3546,87082,0.0060033025
3547,15861,0.0008344364
3548,106501,0.9781556
3549,96242,0.30090106
3550,33627,0.59938043
3551,50298,0.5232106
3552,3729,0.0018543149
3553,106742,0.0801381
3554,66968,0.16114923
3555,30575,6.4130174e-05
3556,64348,0.00091414066
3557,76282,0.71321934
3558,22406,0.0038145971
3559,40821,0.0028299503
3560,34742,0.0018973589
3561,2611,0.01599841
3562,69521,0.37492988
3563,99863,0.016916808
3564,110746,0.024206866
3565,52996,0.00069655414
3566,37766,0.80925137
3567,12155,0.52988625
3568,94688,0.010137472
3569,41144,0.059903476
3570,78692,0.5026056
3571,100090,0.56749433
3572,113160,0.011817629
3573,25293,0.9773571
3574,50988,0.36867666
3575,30764,0.000913589
3576,29960,0.554042
3577,17333,0.07110297
3578,14313,0.047424603
3579,95829,0.12290087
3580,8013,0.0018368879
3581,35786,0.00011370657
3582,30568,0.06682916
3583,48362,0.018387165
3584,49720,0.05599028
3585,96789,0.5628135
3586,64218,0.00091414066
3587,35665,0.03502317
3588,34031,0.008285374
3589,37517,0.02084303
3590,23422,0.5628135
3591,33113,0.027409334
3592,6190,0.7307767
3593,69379,0.063701555
3594,107254,0.00018054077
3595,69752,0.00045941077
3596,111165,0.24450037
3597,53061,0.0068548415
3598,79394,0.00028856297
3599,40904,7.995416e-05
3600,79376,0.0031868645
3601,60205,0.15288648
3602,115596,0.020733895
3603,25979,0.12078799
3604,14524,0.019109253
3605,17803,0.79584295
3606,11290,0.0039436966
3607,57883,0.7976046
3608,410,0.64825314
3609,33723,0.0017316171
3610,61374,0.12275081
3611,46735,0.12078799
3612,79201,0.002847351
3613,58775,0.56782615
3614,14849,0.0048087235
3615,115352,0.0063074003
3616,114095,1.2709967e-05
3617,102802,0.07724256
3618,57396,0.0020533262
3619,64645,0.0055490695
3620,64167,0.00015711458
3621,71893,0.4888416
3622,17468,0.00012714641
3623,70388,0.009946336
3624,13689,0.0008344364
3625,12726,0.009587363
3626,81509,0.00033621478
3627,92581,0.56782615
3628,97601,0.2916034
3629,20059,0.31145355
3630,81800,0.3089335
3631,67919,0.01962534
3632,60121,2.1937209e-05
3633,14857,0.0049441746
3634,90323,0.0018973589
3635,59681,0.8044119
3636,87169,0.008305467
3637,111336,0.00021996723
3638,106234,0.18376456
3639,3977,0.008018386
3640,19861,0.98013306
3641,7572,0.019241843
3642,63126,0.98174816
3643,89257,0.37492988
3644,33642,0.008899339
3645,105170,0.9792859
3646,78287,0.029874334
3647,61428,0.78131825
3648,3043,0.012299234
3649,16056,0.002158953
3650,93287,0.0057564573
3651,102354,0.34392092
3652,95021,0.002926548
3653,34130,0.5232106
3654,37181,0.007402212
3655,10333,0.0714188
3656,76337,0.13447009
3657,51192,0.00481278
3658,58101,0.0006378152
3659,74407,0.004340315
3660,19250,0.0015307678
3661,14894,0.4888416
3662,106878,0.0069380403
3663,77709,0.013627621
3664,567,0.0050830073
3665,29341,0.25912815
3666,79549,0.58307195
3667,92253,0.0069380403
3668,52233,0.3089335
3669,105109,0.6022919
3670,82922,0.005000204
3671,82787,0.3089335
3672,38947,0.36316264
3673,75819,0.81378096
3674,104301,0.004438234
3675,85363,0.0003528094
3676,19150,0.005712436
3677,45397,0.006782787
3678,5048,0.010516585
3679,66740,0.002085475
3680,55909,0.643951
3681,85707,0.00019755632
3682,44790,0.02084303
3683,62821,0.0072625442
3684,17315,0.59938043
3685,80613,0.014305711
3686,105338,0.0801381
3687,72625,0.5026056
3688,43280,0.0011349207
3689,93829,0.07040569
3690,21550,0.0008344364
3691,77090,0.0004705332
3692,34385,0.3089335
3693,9349,0.01218955
3694,56088,0.8044119
3695,39500,0.016867047
3696,5477,0.00067438715
3697,38504,0.59938043
3698,108078,0.0801381
3699,95438,0.036271784
3700,81377,0.0028299503
3701,29593,0.12290087
3702,85286,0.00017157252
3703,98834,0.73020315
3704,37963,0.88018847
3705,24079,0.010198945
3706,48275,0.0011072916
3707,108663,0.024206866
3708,19177,0.4985085
3709,104806,0.5442662
3710,91003,0.0011214612
3711,50084,0.5232106
3712,12348,0.50877464
3713,39379,0.018857906
3714,47971,0.000499812
3715,13643,0.04985191
3716,115497,0.5232106
3717,190,0.0062386924
3718,24416,0.12078799
3719,77006,0.0009797553
3720,109054,0.5026056
3721,98111,0.4123848
3722,74394,0.07818704
3723,12526,0.7976046
3724,4216,0.2956878
3725,18997,0.003161899
3726,18316,0.011809721
3727,72566,0.015284931
3728,69323,0.8338674
3729,20576,0.007402212
3730,87275,0.0278131
3731,47890,0.0005541349
3732,34750,0.0002424542
3733,104101,0.023649527
3734,85186,0.6857675
3735,86309,0.21136047
3736,111694,0.71801543
3737,63138,0.024206866
3738,105883,0.00010012404
3739,97731,0.00010766767
3740,18467,0.82937336
3741,30939,0.5232106
3742,103046,0.07818704
3743,90433,0.7478843
3744,63761,0.0007067756
3745,110976,0.5232106
3746,56587,0.6857675
3747,50821,0.006418149
3748,66763,0.00056442263
3749,35777,0.5232106
3750,95649,0.8819471
3751,42571,0.4888416
3752,96903,0.0029114224
3753,87013,0.0072588422
3754,53635,0.0015130327
3755,98313,9.148396e-05
3756,88292,0.0029114224
3757,107410,0.05529281
3758,954,0.0648613
3759,85990,0.13447009
3760,50195,0.6857675
3761,38844,0.59822583
3762,36744,0.0010066493
3763,34823,0.7976046
3764,102149,0.0056287837
3765,105849,0.020733895
3766,64496,0.000109014625
3767,12734,0.4888416
3768,99186,0.24450037
3769,53084,0.024206866
3770,101596,0.528339
3771,110051,0.12290087
3772,26146,0.0012538969
3773,66057,0.00058022083
3774,33089,0.5730763
3775,23929,0.12078799
3776,79782,0.6139433
3777,51219,0.03664784
3778,8957,0.0039436966
3779,115387,0.0053618946
3780,41801,0.036467418
3781,112490,0.5918634
3782,114464,0.0078094616
3783,14414,0.0008344364
3784,95289,0.0043595564
3785,99558,0.71801543
3786,55336,0.0069380403
3787,93929,0.46006948
3788,111676,0.75738317
3789,33018,0.3089335
3790,31981,0.52379495
3791,17555,0.59822583
3792,56383,0.073884085
3793,101495,0.004438234
3794,43131,0.0014539341
3795,45587,0.12078799
3796,61480,0.015038574
3797,11660,0.004898149
3798,104905,0.00020233152
3799,26184,0.0050180918
3800,1477,0.49502462
3801,66015,0.00570913
3802,12274,0.0078094616
3803,56378,0.42581627
3804,108529,0.34054893
3805,86768,0.00017754492
3806,49085,0.5232106
3807,109264,0.0029008493
3808,95693,0.0027332613
3809,54002,0.004340315
3810,68388,0.0036894458
3811,52011,0.59938043
3812,91688,0.2170439
3813,108786,0.009462972
3814,60764,0.5628135
3815,57722,0.5730763
3816,75320,0.0060033025
3817,91492,0.009946336
3818,56861,0.30090106
3819,100923,0.0069380403
3820,25778,0.5232106
3821,5771,0.84811413
3822,82711,0.34392092
3823,33045,0.00024768565
3824,92727,0.37862125
3825,345,0.14315602
3826,52000,0.5232106
3827,69929,0.59822583
3828,107997,0.00083248236
3829,27975,0.7424075
3830,3518,0.097182274
3831,73884,0.0011214612
3832,80599,0.019679453
3833,83749,0.00038086344
3834,90104,0.13447009
3835,13004,0.008838628
3836,18282,0.1890358
3837,108583,0.4123848
3838,110877,0.04020654
3839,108462,0.48146573
3840,89759,0.34392092
3841,3003,0.040918738
3842,46050,0.4832058
3843,60016,0.4888416
3844,13201,0.12290087
3845,72036,0.78131825
3846,94967,0.0069380403
3847,83226,0.00038711692
3848,25002,0.006078891
3849,54951,0.13447009
3850,112144,0.5918634
3851,80425,0.004495058
3852,15761,0.4985085
3853,78890,0.20503531
3854,85031,0.024206866
3855,2846,0.07704517
3856,77514,1.4178526e-05
3857,73812,0.007859644
3858,83728,0.4888416
3859,49694,0.004952122
3860,10739,0.0058102612
3861,22296,0.011696002
3862,60230,0.4888416
3863,87948,0.56749433
3864,85431,0.010210467
3865,63227,0.78131825
3866,51844,0.15288648
3867,4677,0.027333764
3868,55630,0.024206866
3869,103020,0.78131825
3870,111440,0.78131825
3871,12985,0.055981793
3872,32399,0.5730763
3873,84836,0.0011214612
3874,35531,0.00071385654
3875,31059,0.0069380403
3876,110764,0.20948003
3877,87408,0.4888416
3878,59427,0.4888416
3879,48993,0.023759691
3880,105188,0.02781691
3881,106835,0.020733895
3882,90471,0.00011225776
3883,30338,0.5232106
3884,88977,0.7478843
3885,23383,0.02084303
3886,68318,0.00026073176
3887,105105,8.222832e-05
3888,1006,0.0648613
3889,45579,0.0006187803
3890,60695,0.42249477
3891,100673,0.8819471
3892,103852,0.00024793798
3893,102781,0.32676116
3894,110802,0.46006948
3895,43304,0.82937336
3896,15009,0.0007973205
3897,98858,0.00013168037
3898,8320,0.010516585
3899,107593,0.0013978207
3900,55438,0.5232106
3901,7642,0.08889986
3902,74763,2.5826586e-05
3903,25335,0.42581627
3904,36375,0.0008344364
3905,82310,0.13447009
3906,100364,0.026673649
3907,12935,0.040901404
3908,13136,0.033028502
3909,54515,0.0068548415
3910,5592,0.7841161
3911,47112,0.15320407
3912,86306,0.000106841
3913,23729,0.008285374
3914,52392,0.98010695
3915,79775,0.06427912
3916,68141,0.16114923
3917,106533,0.009188496
3918,71977,0.733664
3919,75782,0.13447009
3920,110784,0.0030693933
3921,41049,0.007402212
3922,50739,0.0008344364
3923,92008,0.37492988
3924,67681,0.78131825
3925,23297,0.4413185
3926,8628,0.007884927
3927,74703,0.00048075576
3928,92906,0.56749433
3929,104189,0.24450037
3930,101132,0.0018974139
3931,72312,0.16114923
3932,93396,0.5918634
3933,3741,0.08889986
3934,94451,0.56749433
3935,97421,0.045907956
3936,72391,0.024206866
3937,85910,0.010538689
3938,55159,0.0069748308
3939,12592,0.00015633958
3940,31183,2.9620864e-05
3941,14539,0.011809721
3942,100124,0.557548
3943,99027,0.13447009
3944,42043,0.3089335
3945,86756,0.13447009
3946,67727,0.0010066493
3947,16241,0.009927506
3948,2060,0.008972212
3949,46099,0.0027480691
3950,83526,0.45424226
3951,39623,0.12078799
3952,33104,0.5628135
3953,50649,0.5730763
3954,20493,0.006125173
3955,50835,0.12290087
3956,92433,0.024206866
3957,110237,0.0013978207
3958,70993,0.55199975
3959,34721,0.5730763
3960,96907,0.00015198028
3961,52309,0.0006910961
3962,7017,0.010516585
3963,49425,0.00021471037
3964,103910,0.47754645
3965,8428,0.59703815
3966,50026,0.012893907
3967,71771,0.30090106
3968,69117,0.78131825
3969,60117,0.9933022
3970,66428,0.0072625442
3971,58486,0.5628135
3972,94630,0.4123848
3973,87022,5.799137e-05
3974,115093,0.000115766125
3975,101381,0.2622862
3976,91734,0.9522789
3977,105342,0.0078094616
3978,32651,0.5628135
3979,64199,0.029874334
3980,112607,0.5232106
3981,96564,0.34392092
3982,83379,0.029551594
3983,51203,0.4888416
3984,58954,0.0018293434
3985,80864,0.03621409
3986,69398,0.07818704
3987,24384,0.2622862
3988,48252,0.0029114224
3989,27101,0.00037803163
3990,58060,0.13447009
3991,52760,0.055746336
3992,36852,0.12078799
3993,55657,0.0009134019
3994,8448,0.7307767
3995,12771,0.16114923
3996,37435,0.011897027
3997,68554,0.0007012796
3998,22727,0.45888868
3999,89144,0.2622862
4000,48773,0.000213849
4001,42930,0.007678487
4002,35372,0.032317188
4003,87080,0.13447009
4004,86257,0.024206866
4005,26251,0.011897027
4006,106864,0.24450037
4007,88722,0.079446584
4008,106640,0.7678493
4009,106509,0.58307195
4010,61317,0.7478843
4011,52943,0.59938043
4012,68573,0.0068548415
4013,8129,0.080017954
4014,70913,0.07258052
4015,27184,0.004272699
4016,9314,0.06859021
4017,100346,0.40678856
4018,84089,0.6857675
4019,57541,0.99191755
4020,110370,0.00086536893
4021,49734,0.7976046
4022,108477,0.014978178
4023,7910,0.07982582
4024,17266,0.47754645
4025,38222,0.104303166
4026,28765,0.0040880116
4027,34963,0.006758071
4028,48,0.0014080327
4029,47621,0.0009936596
4030,46982,0.68328345
4031,31464,0.0010919643
4032,25731,2.9526498e-05
4033,36735,0.006236452
4034,84571,0.34392092
4035,51446,0.23309723
4036,38101,0.00039986786
4037,96773,0.104303166
4038,68148,0.0017690017
4039,81131,0.13447009
4040,25277,0.0897031
4041,63154,0.23309723
4042,109211,0.18376456
4043,31759,0.6857675
4044,69644,0.12035916
4045,93625,0.58307195
4046,60677,0.027119404
4047,37352,0.033028502
4048,94819,0.0022208928
4049,48482,0.007543799
4050,32060,0.554042
4051,84027,0.6857675
4052,60551,0.13447009
4053,89125,0.2181275
4054,37521,0.766975
4055,106498,0.75738317
4056,90839,0.34392092
4057,94678,0.0006916391
4058,112573,0.0068769027
4059,45594,0.011897027
4060,50868,0.0008344364
4061,22952,0.21136047
4062,74420,0.52988625
4063,34612,0.0018594239
4064,16110,0.00015711458
4065,57793,0.13447009
4066,4197,0.0039436966
4067,93652,0.0023714844
4068,4467,0.0008298216
4069,113975,0.023649527
4070,35443,0.7976046
4071,57432,0.0069380403
4072,94014,0.012206747
4073,65606,0.00020015771
4074,113256,0.01579575
4075,64257,0.12035916
4076,55655,0.5232106
4077,76932,0.13580467
4078,70437,0.00013362717
4079,5150,0.004773652
4080,9246,0.00052048056
4081,59222,0.021697627
4082,43983,0.8745886
4083,34185,0.037336048
4084,68154,0.42249477
4085,55183,0.004346945
4086,72790,0.59822583
4087,85241,0.643951
4088,95972,0.0002302089
4089,44352,0.88769776
4090,74195,0.78131825
4091,83600,0.021318072
4092,62377,0.6857675
4093,82161,0.77230483
4094,62550,0.009927506
4095,11224,0.036599416
4096,49366,0.59938043
4097,52044,0.0072402423
4098,102659,0.4888416
4099,52964,0.000173288
4100,112908,0.004346945
4101,34509,0.0060033025
4102,27914,0.008285374
4103,80198,0.0020615396
4104,34041,0.5232106
4105,77160,0.0041407975
4106,115741,0.024206866
4107,82329,0.004340315
4108,6770,0.049546365
4109,45134,0.08404555
4110,44943,0.0008344364
4111,7604,0.96013254
4112,65902,0.20503531
4113,105192,0.029874334
4114,69215,0.017594859
4115,4540,0.021937707
4116,13539,0.26997432
4117,90979,0.34392092
4118,49874,0.009855011
4119,83824,0.20503531
4120,99592,0.32676116
4121,74953,0.6857675
4122,95222,0.5232106
4123,46853,0.52379495
4124,74154,0.24913308
4125,78674,0.0010386157
4126,81591,0.733664
4127,17721,0.014244404
4128,45270,0.0009539216
4129,93504,0.014490051
4130,84769,0.0011214612
4131,81201,0.37862125
4132,30938,0.033028502
4133,101427,0.60899097
4134,112879,0.02493182
4135,14669,0.4985085
4136,62706,0.4888416
4137,50537,0.5232106
4138,108373,0.71801543
4139,79168,9.862663e-05
4140,16736,0.055429235
4141,91700,0.53350335
4142,42964,0.0020718006
4143,89645,0.01137308
4144,28191,0.78131825
4145,6679,0.0050332136
4146,12414,0.032669682
4147,87525,0.590359
4148,63224,0.15288648
4149,109386,0.024206866
4150,4407,0.26386112
4151,28950,0.0006128279
4152,29680,0.6569232
4153,48351,0.0008344364
4154,101694,7.289277e-05
4155,6671,0.015000086
4156,30123,0.004346945
4157,92740,0.00033708825
4158,69437,0.20440184
4159,59523,0.23309723
4160,92165,0.056111116
4161,97047,0.0060033025
4162,16150,0.4888416
4163,82266,0.024206866
4164,44858,2.329744e-05
4165,45420,0.027119404
4166,72504,0.78131825
4167,31437,0.5232106
4168,42771,0.00032013495
4169,104623,0.11731413
4170,25766,0.02084303
4171,75539,0.0008261178
4172,61071,0.3089335
4173,74480,0.34392092
4174,20587,0.007402212
4175,41803,0.0001861551
4176,1808,0.0019514526
4177,9741,0.003444817
4178,104157,0.0015800889
4179,48515,0.12035916
4180,76699,0.009462972
4181,6224,0.25203338
4182,95225,0.013006808
4183,76676,0.09397292
4184,63262,0.733664
4185,51334,0.016352717
4186,26498,0.19652489
4187,58247,0.0015085442
4188,17819,0.56782615
4189,112965,0.24450037
4190,8996,0.010516585
4191,113106,0.00872611
4192,14815,0.2622862
4193,25936,0.8057262
4194,28510,0.19652489
4195,3019,0.029418135
4196,36534,0.0008344364
4197,69967,0.029874334
4198,100512,0.34661445
4199,110289,0.0137438
4200,82289,0.16114923
4201,44170,0.42249477
4202,115063,0.00062483374
4203,93577,0.06428697
4204,12499,0.50877464
4205,45495,0.003222371
4206,101208,0.013701562
4207,29728,0.011897027
4208,26724,0.12290087
4209,63979,0.0040108035
4210,46370,0.00074352534
4211,108290,0.02781158
4212,15193,0.00019964021
4213,85954,0.00071239646
4214,41721,0.02084303
4215,45499,0.12035916
4216,47088,0.0011072916
4217,72560,0.024206866
4218,46866,0.12078799
4219,103280,0.009188496
4220,14558,0.8731015
4221,104745,5.6265017e-05
4222,86059,0.8044119
4223,92079,0.7006492
4224,67807,0.34392092
4225,42556,0.8664476
4226,103579,0.34392092
4227,72143,0.105913065
4228,92892,0.011978631
4229,83053,0.004439827
4230,4834,0.008247896
4231,23082,0.42581627
4232,62669,0.13447009
4233,25787,0.00022796135
4234,109961,0.6022919
4235,86543,0.34392092
4236,31846,0.0020718006
4237,13149,0.4888416
4238,21022,0.5026056
4239,87614,0.7478843
4240,2252,0.03200804
4241,67827,0.52379495
4242,57166,0.0016903493
4243,22873,0.12035916
4244,92197,0.19346014
4245,25180,0.0015720745
4246,41411,0.12078799
4247,51193,0.12290087
4248,109925,0.7169459
4249,38809,0.003172428
4250,45003,0.12078799
4251,33713,0.5232106
4252,77563,0.59822583
4253,40431,0.4888416
4254,47439,0.81378096
4255,24624,0.12035916
4256,16406,0.5611369
4257,68465,0.34392092
4258,64509,0.00029026542
4259,97969,0.8819471
4260,98414,0.006026623
4261,98681,0.81378096
4262,70524,0.012398635
4263,41736,0.027119404
4264,6810,0.08508578
4265,105294,0.059144076
4266,98015,0.8819471
4267,24313,0.0032969099
4268,42001,0.12078799
4269,48031,0.00992953
4270,91907,0.023649527
4271,89945,0.008938783
4272,19272,0.6027404
4273,49051,0.5730763
4274,25212,0.59822583
4275,23682,0.013822098
4276,63704,0.00037149663
4277,67061,0.0011072916
4278,78520,0.4888416
4279,35370,0.4888416
4280,42832,0.14628837
4281,45004,0.00052791875
4282,62451,0.18376456
4283,87375,0.02203267
4284,88207,0.04175559
4285,64741,0.20503531
4286,10025,0.08889986
4287,69948,0.2960708
4288,109919,0.0053618946
4289,6713,0.028720004
4290,40332,0.4888416
4291,103045,0.30090106
4292,88704,0.0049972986
4293,39230,0.20503531
4294,47798,0.34392092
4295,77035,0.01408992
4296,16219,0.0011072916
4297,42412,0.12078799
4298,6490,0.4835136
4299,19538,0.00025392388
4300,69508,0.34392092
4301,69528,0.5628135
4302,93905,0.71801543
4303,40948,0.02084303
4304,59076,0.12035916
4305,39017,0.009818205
4306,60753,0.12035916
4307,69054,0.004948695
4308,103877,0.75738317
4309,79729,0.018743023
4310,32409,0.004346945
4311,99473,0.85170263
4312,72488,0.024206866
4313,58873,0.78131825
4314,91526,0.12290087
4315,6762,0.008247896
4316,97858,0.024206866
4317,28823,0.0040880116
4318,35586,0.00023631891
4319,55363,0.004346945
4320,77072,0.029874334
4321,40978,0.0006837538
4322,438,0.00026073176
4323,30972,0.004346945
4324,49326,0.4888416
4325,508,0.09333572
4326,110180,0.0022208928
4327,60661,0.4888416
4328,15868,0.004671096
4329,10308,0.0034191583
4330,50032,0.3089335
4331,55381,0.6857675
4332,26154,9.844538e-05
4333,103935,0.00071699003
4334,64902,0.20503531
4335,108344,0.0018082338
4336,63073,0.47754645
4337,59759,0.0008103986
4338,100206,0.14646998
4339,101822,0.8819471
4340,77259,0.0022433246
4341,70996,0.7478843
4342,41735,4.5295896e-05
4343,9608,0.69796836
4344,106362,0.13447009
4345,54023,0.004346945
4346,55649,0.5232106
4347,7076,0.36190233
4348,114985,0.009196748
4349,47151,0.12078799
4350,12633,0.0077516995
4351,61338,0.0114153195
4352,66591,0.1508694
4353,10567,0.98013306
4354,49859,0.4888416
4355,94746,0.5232106
4356,82346,0.30090106
4357,51425,0.47754645
4358,17483,0.013599262
4359,100101,0.46006948
4360,15612,0.0003563389
4361,14834,0.0048087235
4362,34193,0.021325976
4363,92991,0.0014080327
4364,14737,0.009091934
4365,94426,0.64581984
4366,102051,0.0009978637
4367,62507,0.009927506
4368,99264,0.32676116
4369,39778,0.04344542
4370,12385,0.7270048
4371,72254,0.30090106
4372,51885,0.032317188
4373,88898,0.0058882935
4374,40532,0.010210467
4375,55761,0.12290087
4376,43658,0.0060033025
4377,84789,0.12035916
4378,16781,0.4888416
4379,36166,0.0010066493
4380,44938,0.23309723
4381,83318,0.8745886
4382,22872,3.647798e-05
4383,25051,0.0012105147
4384,24910,0.20503531
4385,86911,0.0011214612
4386,55763,0.0069380403
4387,82245,0.34392092
4388,14400,0.23309723
4389,108519,0.0012735061
4390,32996,0.2622862
4391,41334,0.027119404
4392,97939,0.0009662483
4393,67193,0.4413185
4394,89246,0.60335207
4395,12277,0.044386905
4396,52184,0.98525316
4397,41974,0.12078799
4398,58802,0.000838853
4399,54939,2.1311209e-05
4400,73624,0.34392092
4401,9866,0.072692804
4402,69238,0.024206866
4403,31351,0.00017691121
4404,86156,0.12035916
4405,44379,0.59938043
4406,9329,0.0015953743
4407,54181,0.00481278
4408,92246,0.0015318701
4409,81550,0.014400821
4410,2857,0.034346074
4411,94217,0.7678493
4412,63427,0.0019821962
4413,96095,2.3491244e-05
4414,102738,0.5918634
4415,52643,0.13447009
4416,12376,0.054573994
4417,106046,0.30090106
4418,76823,0.26997432
4419,61842,0.0055639353
4420,93037,0.7478843
4421,96790,0.0012212273
4422,91605,0.004340315
4423,111105,0.4201848
4424,108964,0.71801543
4425,74268,0.00017220844
4426,111970,0.34392092
4427,74938,0.1508694
4428,30069,0.00034314522
4429,52590,0.004340315
4430,105222,0.75738317
4431,22142,0.037069563
4432,79132,0.34661445
4433,67301,0.036366194
4434,91720,0.17189091
4435,112703,0.98373485
4436,32048,0.5232106
4437,41359,0.0007734668
4438,53902,0.12290087
4439,74299,0.024206866
4440,1194,0.017004477
4441,62921,0.78131825
4442,25362,0.0060891556
4443,51239,0.0020615396
4444,77059,0.004346945
4445,3609,0.97210896
4446,33703,0.007401518
4447,103625,0.35455248
4448,73848,0.0005541349
4449,90182,0.008938783
4450,49131,0.4832058
4451,45849,4.552003e-05
4452,90922,0.13447009
4453,107501,0.19652489
4454,6033,0.01814447
4455,88243,0.13447009
4456,6012,0.0041929237
4457,75767,0.0013728857
4458,110587,0.71801543
4459,107527,0.00018396393
4460,20745,0.009927506
4461,101749,0.7678493
4462,60536,0.08447568
4463,23373,0.016867047
4464,59757,0.2622862
4465,53527,0.0028114025
4466,30131,0.1508694
4467,113660,0.0005523978
4468,12141,0.8577139
4469,34276,0.005562632
4470,29529,0.034616306
4471,45986,0.0034312995
4472,80975,0.001019412
4473,1122,0.2170439
4474,90892,0.87863064
4475,90226,0.590359
4476,95197,0.0004067702
4477,115072,0.01426431
4478,32198,0.0021784399
4479,108918,0.16114923
4480,112345,0.0012477582
4481,77993,0.7958829
4482,57674,0.003172428
4483,25073,0.0017743818
4484,35852,0.00028159664
4485,39350,0.4832058
4486,11745,0.0052471603
4487,110550,0.006758071
4488,100298,0.58307195
4489,67330,0.30090106
4490,9400,0.20971026
4491,68843,0.16114923
4492,21601,0.0019617642
4493,7384,1.6873153e-05
4494,94624,0.011009499
4495,46831,0.0060033025
4496,76708,0.06427912
4497,62,0.00872611
4498,32474,0.015142322
4499,3649,0.014983693
4500,51703,0.5232106
4501,41837,0.0022208928
4502,33676,0.010210467
4503,79353,0.8819471
4504,89078,0.002847351
4505,96009,0.733664
4506,675,0.0069380403
4507,108465,0.024206866
4508,86169,0.0029114224
4509,7909,0.0039436966
4510,114579,0.043337844
4511,46044,0.12078799
4512,66563,0.002847351
4513,44571,0.057106867
4514,21347,0.0057945102
4515,953,0.0039436966
4516,66702,0.0064328555
4517,15098,0.0011072916
4518,96061,0.00025357405
4519,53119,0.0007297498
4520,101507,0.0011135129
4521,17928,0.0011072916
4522,29608,0.056649774
4523,71558,0.5346374
4524,95497,0.8819471
4525,84033,0.34392092
4526,57909,0.015038574
4527,101844,0.001749029
4528,47693,0.04931315
4529,69086,0.0018439149
4530,66470,0.20503531
4531,103335,0.18601835
4532,40728,0.45888868
4533,62252,0.0022112664
4534,59919,0.07818704
4535,25944,0.02084303
4536,85736,0.010210467
4537,101098,0.0078094616
4538,33380,0.018676624
4539,93899,0.0232625
4540,39429,0.88018847
4541,22262,0.0010991456
4542,59826,0.011778448
4543,65787,0.045630757
4544,63266,0.00010956874
4545,84142,0.00023144156
4546,68069,0.78131825
4547,41092,0.3089335
4548,10987,0.030944087
4549,114451,0.0005541349
4550,45839,0.68328345
4551,80330,0.34392092
4552,96316,0.5628135
4553,13389,0.80925137
4554,32422,0.5232106
4555,70096,0.30820817
4556,29090,0.010137472
4557,81641,0.02425721
4558,63947,0.039668683
4559,24260,0.0060033025
4560,58726,0.12290087
4561,53777,0.80925137
4562,54049,0.5628135
4563,106194,0.0069380403
4564,107616,0.75738317
4565,65876,0.0069380403
4566,37966,0.061195053
4567,94645,0.000106841
4568,7322,0.019430464
4569,102277,0.024206866
4570,110688,0.5918634
4571,49346,0.019721959
4572,68988,0.34392092
4573,12069,0.06771289
4574,1220,0.8770808
4575,18466,0.009812791
4576,84765,0.4888416
4577,51887,0.805784
4578,10564,0.008247896
4579,81751,0.009079819
4580,84216,0.32597795
4581,85342,0.004709199
4582,110958,0.024206866
4583,90080,0.06798044
4584,88461,0.0015742591
4585,115441,0.25912815
4586,64709,0.34661445
4587,35221,0.5232106
4588,35735,0.3089335
4589,65436,0.07818704
4590,80435,0.024206866
4591,33136,0.004346945
4592,62410,0.5628135
4593,33265,0.026750349
4594,17314,0.006125173
4595,61530,0.13447009
4596,87505,0.13447009
4597,17892,0.011616147
4598,21406,0.0031099087
4599,84787,0.34392092
4600,102341,0.000913589
4601,6732,0.4985085
4602,10046,0.021937707
4603,76838,0.024206866
4604,73797,0.13447009
4605,59978,0.70819384
4606,2973,0.0008473578
4607,4888,0.7798892
4608,114881,0.0031493187
4609,64442,0.12035916
4610,102706,0.024206866
4611,105865,0.04023464
4612,3693,0.85631025
4613,13448,0.0015695991
4614,9429,0.0008917871
4615,39241,0.3089335
4616,103242,0.79734695
4617,99187,0.0006385582
4618,40538,0.0012538969
4619,43198,0.033028502
4620,93330,0.13447009
4621,105997,0.017041259
4622,37533,0.0028252755
4623,28332,0.12290087
4624,90667,0.7478843
4625,24284,0.3089335
4626,82886,0.027119404
4627,84122,0.007613828
4628,44175,0.6857675
4629,103750,0.7678493
4630,10093,0.008247896
4631,19526,0.4985085
4632,84223,0.40678856
4633,58477,0.5232106
4634,60313,0.5730763
4635,49417,0.007401518
4636,4846,0.7841161
4637,28069,0.10027761
4638,62864,0.7478843
4639,45896,0.00077651313
4640,83320,0.00018097044
4641,55102,0.0002540084
4642,34359,0.5730763
4643,102133,0.7349488
4644,47884,0.0072625442
4645,84486,0.011776271
4646,46314,0.001163373
4647,88946,0.00064396264
4648,25479,0.0008344364
4649,111250,0.4123848
4650,30965,0.85546416
4651,108989,0.0010066493
4652,105124,0.00043866108
4653,97647,0.53350335
4654,67238,0.0011072916
4655,78110,0.0008344364
4656,61931,0.2170439
4657,71670,0.5730763
4658,31355,0.011897027
4659,103044,0.24450037
4660,76812,0.0008705192
4661,96503,0.34392092
4662,10294,0.010516585
4663,35398,0.005572474
4664,58829,0.4888416
4665,64625,0.004568258
4666,39595,0.2622862
4667,4356,0.0077516995
4668,113027,0.009188496
4669,66394,0.07818704
4670,45146,0.0020953624
4671,17548,0.0011658814
4672,9891,0.008566236
4673,81175,0.34392092
4674,13565,0.42581627
4675,22037,0.00050520775
4676,22972,0.0038145971
4677,52846,0.5232106
4678,61752,0.643951
4679,82802,0.71321934
4680,86501,0.00938341
4681,22955,0.80925137
4682,54226,0.006202585
4683,34683,0.7976046
4684,95146,0.00027533792
4685,20526,0.00640889
4686,83343,0.0060033025
4687,112372,4.174401e-05
4688,102696,0.87863064
4689,31093,0.00023991572
4690,96459,0.8097321
4691,27956,0.19521376
4692,51087,0.15288648
4693,79693,0.14570284
4694,20780,0.0069380403
4695,21589,0.04985191
4696,70942,0.5628135
4697,1155,0.6326403
4698,62723,0.7478843
4699,77824,0.024206866
4700,11817,0.26997432
4701,108272,0.00066957343
4702,59611,0.0033811661
4703,108034,0.03783373
4704,91430,0.12290087
4705,68499,0.0029114224
4706,37876,0.00018693667
4707,87323,0.021170193
4708,113052,0.24450037
4709,14350,0.009927506
4710,88503,0.0057945102
4711,15609,0.9966132
4712,23293,0.03664784
4713,39586,0.45888868
4714,85470,0.0025847896
4715,25496,0.12078799
4716,112268,0.47754645
4717,19963,0.02484052
4718,3468,0.058883075
4719,42248,0.19521376
4720,8018,0.05336086
4721,32302,0.1508694
4722,83806,0.14570284
4723,10657,0.73657584
4724,19714,0.000977274
4725,114995,0.07818704
4726,115296,0.007267197
4727,44704,0.005223128
4728,70631,0.98100364
4729,47995,0.30090106
4730,18507,0.00078593515
4731,84906,0.003054179
4732,78952,0.018857906
4733,27026,0.12290087
4734,100484,0.001163373
4735,59147,0.5346374
4736,12881,0.007402212
4737,18953,0.00034399863
4738,90856,0.36867666
4739,113819,0.49183017
4740,2785,0.008972212
4741,60652,0.0012984526
4742,11677,0.008247896
4743,38992,0.00038116617
4744,44769,0.0014105117
4745,48607,0.00029010608
4746,5467,0.69796836
4747,49418,0.0002890735
4748,104132,0.528339
4749,115171,0.00022685641
4750,40751,0.010210467
4751,81364,0.024206866
4752,44944,0.59938043
4753,73548,0.815702
4754,27349,0.0018594239
4755,97656,0.59938043
4756,3746,0.0004709858
4757,24922,0.52379495
4758,11945,0.04698887
4759,15482,0.00028159664
4760,106477,0.20503531
4761,92712,0.32597795
4762,94895,0.024206866
4763,26391,0.0003495327
4764,69143,0.12275081
4765,40401,0.015038574
4766,71228,0.16114923
4767,48708,0.82937336
4768,37199,0.010369072
4769,73489,0.0001175281
4770,11216,0.03638019
4771,13430,0.8731015
4772,35687,0.5232106
4773,23567,0.12078799
4774,87088,0.011778448
4775,8906,0.008247896
4776,51556,0.10027761
4777,74011,0.40678856
4778,17241,0.69228375
4779,35246,0.7976046
4780,101222,5.816117e-05
4781,73438,0.4201848
4782,90246,0.024206866
4783,115411,0.2622862
4784,64170,0.00581103
4785,21341,0.0069380403
4786,44847,0.018326262
4787,86556,0.03604926
4788,113739,0.81378096
4789,90429,0.5628135
4790,81571,0.024206866
4791,86552,0.5026056
4792,56896,0.7976046
4793,39181,7.810016e-05
4794,103728,0.00086536893
4795,24584,0.36316264
4796,4106,0.013822098
4797,109413,7.3437324e-05
4798,87075,0.7131534
4799,98176,0.557548
4800,8627,0.7307767
4801,17469,0.61095816
4802,59828,0.0024704894
4803,108522,0.03502317
4804,21919,0.8731015
4805,32317,0.5628135
4806,35623,0.0007734668
4807,41313,0.5628135
4808,57009,0.0027929577
4809,60081,0.37963933
4810,43643,0.00030529537
4811,98576,0.8819471
4812,29189,0.0028519225
4813,80309,0.0011211082
4814,31105,0.0078094616
4815,61596,0.00037588034
4816,57150,0.002049061
4817,98141,0.2593125
4818,66762,0.12035916
4819,57063,0.024689076
4820,82294,0.0040108035
4821,49336,0.7976046
4822,13422,0.7976046
4823,86809,0.00068354345
4824,20580,0.04117598
4825,43033,0.027550844
4826,96570,0.6843454
4827,45351,0.75738317
4828,50910,0.0035335736
4829,72125,0.00030549918
4830,47661,0.12078799
4831,3634,0.8691696
4832,111978,0.7478843
4833,3340,0.010516585
4834,62155,0.733664
4835,35775,0.00016647093
4836,75190,0.00034579606
4837,26454,0.011897027
4838,105242,0.00083120255
4839,79533,0.07818704
4840,108531,0.8657215
4841,9074,0.008018386
4842,41639,0.021919478
4843,30856,0.018676624
4844,36226,0.4888416
4845,52225,0.5232106
4846,16862,0.3089335
4847,37476,0.19521376
4848,100378,0.4201848
4849,11748,1.5496547e-05
4850,100719,0.011161709
4851,19600,0.79584295
4852,91837,0.026051423
4853,33439,0.015749399
4854,37944,0.00045418862
4855,14903,0.011616147
4856,41436,0.80925137
4857,114595,0.0007904642
4858,42781,0.3089335
4859,42288,0.638665
4860,13416,0.04985191
4861,65383,0.01451028
4862,98984,0.5075232
4863,84993,0.73020315
4864,72537,0.004340315
4865,32761,0.59938043
4866,102598,0.0005353206
4867,114782,0.0278131
4868,94859,0.0031578797
4869,66269,0.18376456
4870,37610,0.016496575
4871,65786,0.51646364
4872,11429,0.008247896
4873,68712,0.024206866
4874,2648,0.36316264
4875,109379,0.03621409
4876,83078,0.59938043
4877,102426,0.64412415
4878,32732,0.34661445
4879,94692,0.029874334
4880,3564,0.034346074
4881,57884,0.7976046
4882,21534,0.0078094616
4883,40705,0.0202135
4884,44205,0.15320407
4885,9759,0.024927352
4886,14726,0.0011072916
4887,27602,0.82937336
4888,104376,0.6560458
4889,51607,9.568006e-05
4890,83975,0.34392092
4891,83792,0.78131825
4892,94587,0.0025627206
4893,55935,0.733664
4894,66580,0.0024389126
4895,33445,0.0010066493
4896,35365,4.1353534e-05
4897,38402,5.8323738e-05
4898,88398,0.058751382
4899,111360,0.028396439
4900,111791,0.26997432
4901,9333,0.44615385
4902,47786,0.42581627
4903,40137,0.5628135
4904,57407,0.000913589
4905,62540,0.00032278098
4906,107855,0.37862125
4907,32291,0.004346945
4908,108393,0.6843454
4909,37069,0.0069628586
4910,43695,0.0007734668
4911,69139,0.27559015
4912,20053,0.009927506
4913,78405,0.75415266
4914,62347,0.590359
4915,92016,0.00023265135
4916,73813,0.13447009
4917,66719,0.029874334
4918,108639,0.0036401644
4919,113890,0.8950832
4920,19015,0.009486918
4921,19118,0.007402212
4922,43779,0.02084303
4923,63759,0.0003032731
4924,57349,0.0026744378
4925,8209,0.0011941356
4926,103463,0.044053346
4927,74731,0.027119404
4928,90119,0.7478843
4929,95327,0.0041312836
4930,96779,0.01733762
4931,66592,0.01612457
4932,66680,0.02484052
4933,49064,0.12275081
4934,115696,0.007859644
4935,23546,0.007402212
4936,20597,0.009927506
4937,7857,0.0007081321
4938,7938,0.010516585
4939,77877,0.82937336
4940,61042,0.78131825
4941,27250,0.00054028624
4942,23521,0.015284931
4943,31053,0.0034644553
4944,15568,0.037683595
4945,100787,0.46006948
4946,111586,0.0134694865
4947,26976,0.029101688
4948,95618,0.003687352
4949,23897,0.0008344364
4950,97740,0.2916034
4951,92214,0.7478843
4952,29211,0.19521376
4953,59093,0.42581627
4954,33225,0.0008344364
4955,103999,0.733664
4956,81640,4.703637e-05
4957,74064,0.0009557569
4958,84968,0.024206866
4959,58338,0.08713718
4960,42045,0.0006187803
4961,15024,0.008285374
4962,62881,0.27559015
4963,44627,0.8057262
4964,103993,0.010516664
4965,107612,0.006684573
4966,114615,0.0011023307
4967,49957,0.8588091
4968,108739,0.00010119312
4969,80478,0.21136047
4970,41769,0.0009631073
4971,103926,2.8818671e-05
4972,44954,0.0008344364
4973,63600,0.12290087
4974,1683,0.02924629
4975,50255,0.5730763
4976,35457,0.5232106
4977,13965,0.005417213
4978,94438,0.5232106
4979,99802,0.73686934
4980,29668,0.6857675
4981,88146,0.7478843
4982,93541,0.13447009
4983,115908,0.021146713
4984,107387,0.024206866
4985,86804,0.024206866
4986,41246,0.0008344364
4987,72345,0.018387165
4988,97692,0.00021589237
4989,29265,0.19521376
4990,112350,0.02781691
4991,55074,0.007402212
4992,103694,0.0011081895
4993,85702,0.009946336
4994,85856,0.0012645947
4995,80504,0.4201848
4996,56304,0.0002858268
4997,104240,0.30090106
4998,50338,0.006758071
4999,41505,0.011897027
5000,8682,0.029554471
5001,11712,0.010516585
5002,74894,0.78131825
5003,38249,0.12078799
5004,30264,0.5232106
5005,50703,0.7424075
5006,81247,0.643951
5007,37317,0.04344542
5008,47564,0.0014080327
5009,52229,0.033028502
5010,92976,0.12035916
5011,11496,0.002426696
5012,13029,0.69796836
5013,46155,0.0049902825
5014,114874,0.32676116
5015,89192,0.035468392
5016,77242,0.7478843
5017,42066,0.8745886
5018,20988,0.0069380403
5019,80774,3.2787986e-05
5020,12666,0.50877464
5021,41670,0.59822583
5022,6236,0.021937707
5023,40013,0.009339027
5024,55632,0.01962534
5025,6459,0.0033676976
5026,77347,0.733664
5027,28212,0.032932054
5028,38132,0.88018847
5029,95925,0.55215096
5030,99401,0.6027404
5031,8074,0.010516585
5032,70877,0.78131825
5033,8329,0.0039436966
5034,69009,0.59938043
5035,14331,0.001442015
5036,18485,4.9452254e-05
5037,45235,0.12078799
5038,52783,0.0010489703
5039,49491,0.4888416
5040,36160,0.5232106
5041,34159,0.82937336
5042,61011,0.13447009
5043,33463,0.3089335
5044,103081,0.34392092
5045,63119,0.53350335
5046,8493,0.019241843
5047,66491,0.0014184443
5048,64025,0.12035916
5049,112444,0.015259066
5050,70967,0.00052911043
5051,92705,0.0050075487
5052,54531,0.005614214
5053,59940,0.7478843
5054,110441,0.0039613857
5055,30678,0.0062247603
5056,112000,0.733664
5057,105427,0.75738317
5058,35912,0.5232106
5059,10851,0.9779635
5060,47233,0.0010991456
5061,114933,0.014050813
5062,57258,0.018387165
5063,94972,0.12035916
5064,57102,0.13447009
5065,18352,0.007859644
5066,114842,0.0011862642
5067,72209,1.0145092e-05
5068,20507,0.02279648
5069,96257,0.0010066493
5070,74463,0.009946336
5071,97156,0.73020315
5072,19364,0.002847351
5073,11970,0.04985191
5074,17516,0.59822583
5075,91897,0.0012105147
5076,56498,0.733664
5077,110574,0.000105030194
5078,63310,0.07818704
5079,114124,0.004696121
5080,17791,0.4888416
5081,15492,0.0006305294
5082,55783,0.12290087
5083,29269,0.0078094616
5084,75272,0.4832058
5085,101973,0.07724256
5086,15496,0.009927506
5087,6378,0.84811413
5088,82055,0.12290087
5089,61878,0.13447009
5090,83170,0.7478843
5091,31533,0.5232106
5092,115723,0.24450037
5093,60309,0.78131825
5094,20410,0.0036868737
5095,31964,0.007402212
5096,42700,0.0009243235
5097,78210,0.004346945
5098,111783,0.007859644
5099,13132,0.7704209
5100,23503,0.40678856
5101,13150,0.0058448464
5102,57312,0.00047617647
5103,69638,0.7478843
5104,99606,0.00042931177
5105,62134,0.030696005
5106,16990,0.018857906
5107,87318,0.0060033025
5108,61602,0.12035916
5109,55736,0.014765168
5110,64117,0.12035916
5111,20163,0.009927506
5112,5415,0.007018781
5113,27206,0.45888868
5114,110120,0.0010276022
5115,35566,0.0005152362
5116,56096,0.27559015
5117,39902,0.010210467
5118,76622,0.5026056
5119,69047,0.16114923
5120,70767,0.5232106
5121,59341,0.08225209
5122,89285,0.04458883
5123,115527,0.009188496
5124,54093,0.12290087
5125,102794,0.010210467
5126,69962,0.13447009
5127,104421,0.011087191
5128,59819,0.7478843
5129,37427,0.16062759
5130,9602,0.0018368879
5131,36300,2.5836243e-05
5132,78137,0.5026056
5133,64653,0.0012560334
5134,15677,0.019543922
5135,113009,0.02299896
5136,15451,0.4985085
5137,95076,0.00033461815
5138,81530,0.69238746
5139,44957,0.00088112283
5140,27588,0.023663448
5141,58579,0.816198
5142,6230,2.3314775e-05
5143,35915,0.03599013
5144,103467,0.032572266
5145,103720,0.71801543
5146,53823,0.0060033025
5147,113019,0.004210129
5148,51183,0.029101688
5149,58214,0.5346374
5150,71816,0.024206866
5151,69570,0.017586915
5152,14360,0.03664784
5153,14052,0.0008072682
5154,78953,0.024206866
5155,111641,0.34392092
5156,22062,0.3089335
5157,50846,0.0010991456
5158,4021,0.69796836
5159,4117,0.00076057785
5160,108135,0.67513126
5161,104715,0.04023464
5162,44935,0.0137327975
5163,53732,0.3089335
5164,16766,0.59917617
5165,918,0.008283697
5166,85460,0.038959775
5167,35714,0.59822583
5168,28313,0.04344542
5169,90758,0.3089335
5170,80829,0.04175559
5171,96020,0.0001635542
5172,92053,0.1508694
5173,54118,0.07963738
5174,72266,0.008477488
5175,111001,0.009188496
5176,84241,0.013627192
5177,109724,0.0009631073
5178,95108,0.45888868
5179,54558,0.5232106
5180,6119,0.040918738
5181,38688,0.02084303
5182,31849,0.00012563296
5183,104065,0.27762106
5184,83265,0.0006507982
5185,26194,0.12290087
5186,106636,0.5574541
5187,52461,0.0019946357
5188,43215,0.0070359865
5189,112441,0.27762106
5190,26328,0.015917383
5191,83315,0.2622862
5192,47433,0.00034314522
5193,27019,0.5232106
5194,58685,0.0003873546
5195,81737,0.733664
5196,77339,0.00035746323
5197,13932,0.95489585
5198,92790,0.00047118045
5199,106994,0.0042171516
5200,24532,0.12290087
5201,113615,0.8301858
5202,30474,0.051460914
5203,82917,0.003668835
5204,29716,0.1965737
5205,7890,0.036056653
5206,18568,0.007402212
5207,17986,0.47754645
5208,77412,0.12035916
5209,78528,0.054752417
5210,18135,0.006125173
5211,67836,0.326193
5212,61720,0.0040108035
5213,40041,0.025349155
5214,27412,0.0024044046
5215,7153,0.0064627486
5216,39003,0.98608834
5217,22396,0.15288648
5218,68534,0.0013728857
5219,44976,0.79584295
5220,96513,0.34392092
5221,108616,0.0069380403
5222,30073,0.12290087
5223,20234,0.00023307164
5224,112494,0.6022919
5225,41368,0.554042
5226,76601,0.024206866
5227,62642,6.308219e-05
5228,3210,0.0050332136
5229,35715,0.005572474
5230,102122,0.6795658
5231,94454,0.5232106
5232,2007,0.0058679553
5233,2638,0.6326403
5234,91701,0.008914559
5235,56784,0.00080634793
5236,101178,3.7837148e-05
5237,51399,0.000105986896
5238,8071,0.004103815
5239,34687,0.013576472
5240,91074,0.34392092
5241,787,0.004103815
5242,12719,5.262401e-05
5243,91298,0.0008112616
5244,9679,0.49502462
5245,12011,0.007402212
5246,84808,0.34392092
5247,133,0.008285374
5248,69879,0.105913065
5249,64375,0.0029149351
5250,82381,0.024206866
5251,82978,0.2181275
5252,72762,0.4888416
5253,105564,0.0801381
5254,74599,0.83942574
5255,110966,0.004222285
5256,89533,0.7478843
5257,60104,0.017152961
5258,52581,0.024206866
5259,71576,0.009462972
5260,44914,0.0024343426
5261,42588,0.0008344364
5262,85257,0.34392092
5263,74975,0.0005905401
5264,113443,0.35455248
5265,19251,0.0003590377
5266,104248,0.30090106
5267,56147,0.0028252755
5268,71934,0.5346374
5269,46729,0.02084303
5270,69222,0.0005541349
5271,82551,0.34392092
5272,110457,0.007797746
5273,74922,0.13447009
5274,51812,0.5232106
5275,2050,0.031332474
5276,61575,0.47754645
5277,71261,0.0029114224
5278,25863,0.043592975
5279,55328,0.5628135
5280,1361,0.033338454
5281,86745,0.34392092
5282,95180,0.7349488
5283,55837,0.0018594239
5284,21959,0.0009853129
5285,29193,0.19652489
5286,70725,0.01962534
5287,5975,0.014983693
5288,70797,0.16114923
5289,77842,0.000106841
5290,92474,0.85170263
5291,37661,0.0007221403
5292,6155,0.021937707
5293,87969,0.0058882935
5294,89915,0.004810992
5295,55964,0.7478843
5296,111352,0.055429235
5297,74780,0.0060033025
5298,10134,0.031465236
5299,96812,0.0007944968
5300,56912,0.5232106
5301,8438,0.047942977
5302,33971,0.0004988931
5303,15477,0.009927506
5304,99498,0.76863664
5305,65028,0.014983693
5306,28317,0.12290087
5307,71164,0.5628135
5308,75305,0.0069380403
5309,105766,0.2622862
5310,28108,0.19521376
5311,58527,0.018096644
5312,104369,3.484356e-05
5313,65590,0.0006181364
5314,101309,0.71801543
5315,49484,0.59938043
5316,10460,0.013888508
5317,25840,0.85546416
5318,114015,0.001985097
5319,40764,0.0007180192
5320,5424,0.021937707
5321,37360,0.0008344364
5322,76549,0.18376456
5323,84267,0.34392092
5324,68350,0.79584295
5325,97428,0.87863064
5326,40934,0.0008344364
5327,7994,0.0069171013
5328,1767,0.0041703237
5329,104193,0.015588088
5330,76813,0.0060231877
5331,106705,0.00060615136
5332,96358,0.73686934
5333,86486,0.45888868
5334,62616,0.016867047
5335,82351,0.0041804966
5336,91077,0.87863064
5337,47191,0.011526971
5338,23915,0.04175559
5339,96604,0.000936799
5340,59326,0.5232106
5341,96406,0.73686934
5342,95473,0.5628135
5343,57274,0.0005185664
5344,105796,0.56886965
5345,110874,0.32676116
5346,35313,0.5628135
5347,18820,0.00027685385
5348,47970,0.0010066493
5349,104346,0.0035366034
5350,106011,0.05907342
5351,52969,0.81378096
5352,3772,0.59703815
5353,102641,0.964538
5354,83687,0.0049902825
5355,76706,0.34392092
5356,14,0.036599416
5357,31520,0.022356287
5358,92381,0.34392092
5359,98747,0.60409665
5360,70597,0.34392092
5361,42267,0.0016911501
5362,68468,0.27559015
5363,66826,0.70778805
5364,64643,0.2622862
5365,102993,0.005937812
5366,110090,0.00215505
5367,33078,0.0068548415
5368,24466,0.7704209
5369,2884,0.010516585
5370,102622,0.0005541349
5371,62017,0.00030549918
5372,45229,0.011897027
5373,77599,0.23309723
5374,24720,0.75738317
5375,78816,0.7976046
5376,8961,0.010516585
5377,80151,0.00013814708
5378,67704,0.00040702877
5379,84446,0.36316264
5380,82493,0.0120466435
5381,107747,0.71801543
5382,74563,0.2622862
5383,67653,0.07818704
5384,111866,0.24450037
5385,77827,0.13447009
5386,43482,0.011897027
5387,85253,0.0036178676
5388,31970,0.5232106
5389,74578,0.024206866
5390,40408,0.00082101923
5391,45183,0.12078799
5392,52257,0.0069380403
5393,1715,0.0075326078
5394,105845,0.012358964
5395,55859,0.027119404
5396,634,0.00060258067
5397,90102,0.5628135
5398,90516,0.0029114224
5399,26321,0.19652489
5400,103838,0.009188496
5401,10990,0.028720004
5402,89305,0.024248097
5403,74750,0.2622862
5404,5160,0.0039436966
5405,25359,0.21136047
5406,107915,0.032572266
5407,114659,0.5730763
5408,105583,0.7678493
5409,99760,0.013105536
5410,6905,0.0069171013
5411,48105,0.13447009
5412,73523,0.058751382
5413,22786,0.26997432
5414,18681,0.054573994
5415,6889,0.014983693
5416,88132,0.024206866
5417,110506,0.34392092
5418,108712,0.87978876
5419,89464,0.024206866
5420,69010,0.35037586
5421,108410,0.61716485
5422,55615,0.5232106
5423,45458,0.011817629
5424,88147,0.12035916
5425,114845,4.3254273e-05
5426,31980,0.34661445
5427,63141,0.733664
5428,89687,0.027119404
5429,97463,0.006026623
5430,35226,0.5232106
5431,52898,0.32597795
5432,1223,0.028495941
5433,102077,0.00011733203
5434,62169,0.0027332613
5435,14973,0.0008344364
5436,17077,0.4985085
5437,23039,0.0008289428
5438,43260,0.0007734668
5439,107850,0.19652489
5440,55068,0.010137472
5441,101863,4.5141867e-05
5442,32130,0.006909231
5443,65744,0.012725955
5444,75129,0.0120466435
5445,90467,0.50293183
5446,51624,0.5232106
5447,85180,0.35455248
5448,83266,0.027365971
5449,38703,0.00050473394
5450,38369,0.3089335
5451,41424,0.7006492
5452,45827,0.0047478396
5453,45640,0.5026056
5454,41521,0.00019194874
5455,3322,0.027298974
5456,36886,0.022744736
5457,27675,0.78131825
5458,98488,0.009421197
5459,58647,0.95004815
5460,46816,0.45888868
5461,76154,0.4888416
5462,102576,0.00056558964
5463,45158,0.45888868
5464,63038,0.024206866
5465,100808,0.8819471
5466,2636,0.0056358688
5467,83467,0.024206866
5468,64545,0.12035916
5469,52691,0.8398661
5470,41782,0.0008344364
5471,108533,0.58307195
5472,56919,0.5232106
5473,28448,0.54713255
5474,59407,0.0013892303
5475,2767,0.010516585
5476,97379,0.00010400287
5477,50959,0.75738317
5478,115852,0.58307195
5479,94540,0.00064929365
5480,40195,0.0008344364
5481,8022,0.26776734
5482,2708,0.6569232
5483,76383,0.32597795
5484,50439,0.00041425708
5485,36340,0.5232106
5486,2896,0.00046454815
5487,78482,0.009462972
5488,40443,0.8057262
5489,58983,0.15288648
5490,82609,0.7478843
5491,4380,0.008247896
5492,92791,9.0754176e-05
5493,63962,0.00036661682
5494,986,0.59938043
5495,27762,0.78131825
5496,86301,0.0232625
5497,68784,0.00035730633
5498,44736,0.004568258
5499,88316,0.05072495
5500,10260,0.00028520642
5501,62908,0.011897027
5502,27992,0.033028502
5503,78387,0.42581627
5504,64207,0.20503531
5505,102008,4.6012025e-05
5506,80838,0.004346945
5507,107764,0.0029114224
5508,84713,6.0462047e-05
5509,33360,0.018676624
5510,61325,0.16114923
5511,62948,0.033028502
5512,41458,0.0070359865
5513,18138,0.6477684
5514,198,0.047942977
5515,80548,0.3089335
5516,17370,0.673766
5517,14089,0.0021214122
5518,91828,0.024206866
5519,69321,0.00069838745
5520,63390,0.0026097156
5521,26147,0.0078094616
5522,52816,0.13447009
5523,79926,0.13447009
5524,76994,0.024206866
5525,51428,0.5232106
5526,36149,0.3089335
5527,103053,0.34392092
5528,64107,0.0029445384
5529,1623,0.00076314685
5530,30531,0.15288648
5531,104511,5.1650928e-05
5532,41139,0.000383461
5533,31807,0.0020718006
5534,43055,0.0011216123
5535,24521,0.010198945
5536,77331,0.5628135
5537,85812,0.71321934
5538,78270,0.0068548415
5539,71477,0.590359
5540,65666,0.07818704
5541,97319,0.00045720654
5542,16728,0.008969935
5543,80088,0.026691185
5544,102209,0.0011214612
5545,105476,0.3089335
5546,55908,0.66811776
5547,60464,0.13447009
5548,39475,0.0013892303
5549,46450,0.5026056
5550,34157,0.69238746
5551,86869,0.00857521
5552,50054,0.010018715
5553,73293,0.0020718006
5554,115437,0.008724984
5555,12321,0.0044738115
5556,15232,0.36867666
5557,14214,0.18376456
5558,32120,0.02484052
5559,28118,0.00028856297
5560,54797,0.015038574
5561,82114,0.733664
5562,33351,0.3089335
5563,97677,0.06428697
5564,104214,0.58307195
5565,70359,0.013006808
5566,39349,0.0078094616
5567,92586,0.53350335
5568,4196,0.6139433
5569,24930,0.8055856
5570,40345,0.0074515496
5571,111422,0.0010961174
5572,24966,0.3089335
5573,66292,0.061298724
5574,14540,0.009927506
5575,73787,0.733664
5576,84445,0.5628135
5577,66258,7.718673e-05
5578,19685,0.0050589014
5579,62140,0.752463
5580,30485,0.47754645
5581,100724,0.004438234
5582,103078,0.5628135
5583,16769,0.0006021133
5584,21559,0.8731015
5585,23118,5.5545417e-05
5586,97704,0.53350335
5587,99268,0.03414784
5588,36885,0.12290087
5589,25509,0.023175027
5590,87476,0.035321414
5591,53858,0.4888416
5592,216,0.972462
5593,30404,0.0005628132
5594,73011,0.18376456
5595,20386,0.45253184
5596,28273,0.0015395735
5597,49668,0.5232106
5598,97017,0.0077322666
5599,93441,0.58307195
5600,86483,0.018163886
5601,76524,0.0020615396
5602,1500,0.0062386924
5603,105493,0.12035916
5604,103111,0.5918634
5605,1763,0.002847351
5606,3930,0.010516585
5607,62556,0.011012454
5608,37591,0.6569232
5609,97144,0.0041897832
5610,30009,0.5232106
5611,100586,0.009462972
5612,99742,0.019679453
5613,62161,0.59822583
5614,23529,0.15288648
5615,4357,0.01599841
5616,39980,0.4888416
5617,96407,0.00029711
5618,111262,0.58307195
5619,73992,0.02345921
5620,57023,0.02484052
5621,54828,0.3089335
5622,13882,0.004671096
5623,109950,0.4123848
5624,7095,0.0007081321
5625,76697,0.21136047
5626,51896,0.006758071
5627,66049,0.012725955
5628,30524,0.5232106
5629,2278,0.031754304
5630,16047,0.5611369
5631,2201,9.277495e-05
5632,79143,0.024206866
5633,37309,0.0061633433
5634,55738,0.3089335
5635,39485,0.5628135
5636,100410,0.24450037
5637,95940,0.0034686378
5638,102178,0.04458883
5639,108752,0.0069380403
5640,93863,0.56886965
5641,3414,0.034867942
5642,70338,0.70778805
5643,85966,0.19735558
5644,91478,0.5628135
5645,39046,0.008289046
5646,42193,0.82937336
5647,76350,0.1508694
5648,31104,0.0023733126
5649,80794,0.009462972
5650,68827,0.0004076079
5651,44136,0.006141872
5652,65857,0.012725955
5653,21370,0.002575428
5654,61982,0.931793
5655,55316,0.00045534456
5656,25910,0.006544561
5657,55037,0.040636003
5658,5573,0.7841161
5659,71888,0.004326417
5660,10651,0.002267415
5661,17677,0.0041407975
5662,101183,0.12035916
5663,108528,0.000106841
5664,85131,0.0011214612
5665,68397,0.9710018
5666,10652,0.0062386924
5667,11971,0.008285374
5668,53731,0.018857906
5669,82157,0.40678856
5670,109858,0.006758071
5671,74155,0.00022237585
5672,57464,0.5232106
5673,60070,0.20503531
5674,88089,0.0232625
5675,24681,0.0012159809
5676,65453,0.0024044046
5677,19999,0.00020052046
5678,93758,0.0011358189
5679,94654,0.0019485747
5680,75837,0.71321934
5681,43737,0.6857675
5682,81752,0.0009938594
5683,18824,2.3426212e-05
5684,41068,0.4888416
5685,43683,0.19521376
5686,58119,0.5232106
5687,68761,0.0061633433
5688,13917,0.59822583
5689,41482,0.0029808655
5690,16843,0.5611369
5691,38608,0.084819965
5692,16358,0.00095658505
5693,64055,0.0072625442
5694,94115,0.000106841
5695,50260,0.0008344364
5696,60755,0.006418149
5697,35285,0.0010040699
5698,103501,0.0018141399
5699,7716,0.12035916
5700,67223,0.12290087
5701,103327,0.2622862
5702,61795,0.007859644
5703,86119,0.40678856
5704,95266,0.044053346
5705,34968,0.9773571
5706,365,0.766975
5707,29229,0.6857675
5708,50999,0.009354052
5709,30476,0.00025744713
5710,42357,0.0012538969
5711,46386,0.52379495
5712,73260,0.023175027
5713,28867,0.015142322
5714,113634,0.011771928
5715,10765,0.00092190213
5716,2887,0.034346074
5717,51293,0.00018215024
5718,93454,0.03621409
5719,91590,0.733664
5720,69158,0.007859644
5721,87636,0.005937812
5722,19215,0.0049902825
5723,13426,0.0014555008
5724,20821,0.13447009
5725,57972,0.5232106
5726,37865,0.027982187
5727,27468,0.8745886
5728,1665,0.053895727
5729,103895,0.0069380403
5730,48499,0.34661445
5731,74759,0.024206866
5732,90880,0.56749433
5733,5231,0.9833651
5734,95324,0.011161709
5735,76453,0.014490051
5736,101714,0.03621409
5737,3849,0.0007403627
5738,91136,0.056111116
5739,81951,0.74465847
5740,113117,0.015588088
5741,42242,0.0782925
5742,64760,0.00030549918
5743,65052,0.009946336
5744,10443,0.014977769
5745,40758,0.02084303
5746,82758,0.34392092
5747,879,0.0018235607
5748,49408,0.0028299503
5749,28912,0.19652489
5750,37014,0.0004705332
5751,27140,0.006954585
5752,56515,0.7478843
5753,10798,0.01599841
5754,30071,0.59938043
5755,6736,0.0009346081
5756,41668,0.018676624
5757,23512,0.006758071
5758,91844,0.56749433
5759,413,0.0069171013
5760,14668,0.0021631503
5761,57666,0.12290087
5762,21736,0.21136047
5763,85212,0.037069563
5764,29560,0.029874334
5765,105807,0.24450037
5766,34786,0.0061339163
5767,89367,0.000913589
5768,77344,0.0029114224
5769,4552,0.92358726
5770,17429,0.7976046
5771,46459,0.2622862
5772,115756,0.017049696
5773,52916,0.07818704
5774,92273,0.13447009
5775,73219,0.5026056
5776,15225,0.1890358
5777,70056,0.13447009
5778,113290,0.01579575
5779,106757,0.000776633
5780,63452,0.009927506
5781,46300,0.12290087
5782,22183,0.12078799
5783,20822,0.030121073
5784,45833,0.0009936596
5785,14451,0.5026056
5786,42010,0.12078799
5787,80380,0.00033727562
5788,61295,0.7478843
5789,21937,0.0070359865
5790,81986,0.5628135
5791,7618,0.35388336
5792,17923,0.019543922
5793,65881,0.0010146609
5794,35508,0.05508328
5795,76864,0.000913589
5796,34569,0.0005360891
5797,88019,0.0011989664
5798,89692,0.0079947645
5799,31278,0.011897027
5800,3570,0.4568756
5801,42450,0.018792143
5802,90529,0.71801543
5803,95535,0.0053248256
5804,67269,0.024206866
5805,27272,0.80925137
5806,87887,0.0142150605
5807,111846,0.30090106
5808,102269,0.7976046
5809,53439,0.5232106
5810,33839,0.8636776
5811,2030,0.96013254
5812,13502,0.00013607033
5813,106740,0.32676116
5814,101747,0.03621409
5815,46350,0.40678856
5816,65580,0.07818704
5817,82519,0.0064328555
5818,57918,0.07818704
5819,24594,0.0686948
5820,21688,0.1887325
5821,56012,0.3089335
5822,77214,0.7478843
5823,3126,0.034346074
5824,107453,0.46006948
5825,24977,0.12035916
5826,87368,0.4201848
5827,2314,0.01599841
5828,79162,0.45253184
5829,51691,0.5232106
5830,22046,0.26997432
5831,10173,0.0048432904
5832,49910,0.66443765
5833,91425,0.34392092
5834,4429,0.013822098
5835,3672,0.00012298556
5836,107365,0.47754645
5837,102176,5.4298736e-05
5838,3163,0.00052048056
5839,61874,0.0013051194
5840,35400,0.5232106
5841,62895,0.011897027
5842,82040,0.005786004
5843,83642,0.004709199
5844,2842,0.0056358688
5845,50302,0.5232106
5846,115469,0.0016173712
5847,13968,0.59938043
5848,91169,0.0121898195
5849,1069,0.4413185
5850,68939,0.34392092
5851,66372,0.12035916
5852,13524,0.0120466435
5853,40826,0.02084303
5854,1649,0.0008344364
5855,7676,0.04945419
5856,92002,0.5628135
5857,37750,0.007784425
5858,95041,0.13447009
5859,62176,0.00415249
5860,104621,0.006684573
5861,24045,0.12035916
5862,4296,0.08219984
5863,68764,0.34392092
5864,114191,0.79734695
5865,98165,1.2199829e-05
5866,6151,0.0077516995
5867,16791,0.44521296
5868,26495,0.20503531
5869,107222,0.00026929707
5870,15027,0.00023374526
5871,12419,0.0011117195
5872,69274,0.024206866
5873,29881,0.027119404
5874,109163,0.87863064
5875,81880,0.024206866
5876,92072,0.13447009
5877,47536,0.12078799
5878,109498,0.32676116
5879,62557,0.42581627
5880,93416,0.0078094616
5881,39247,0.008285374
5882,27964,0.5628135
5883,51225,0.0015249911
5884,45439,0.7976046
5885,11882,0.07200105
5886,40497,0.4832058
5887,68220,0.003873972
5888,20791,0.0049902825
5889,5214,0.03200804
5890,57236,0.0012489669
5891,37760,0.00038527683
5892,28110,0.004976857
5893,12002,0.007402212
5894,115147,1.5582249e-05
5895,8080,0.016701398
5896,33632,0.6022919
5897,93877,0.4201848
5898,6611,0.00010920981
5899,41166,0.0070359865
5900,25638,0.07765219
5901,87760,0.0051924414
5902,3606,0.97210896
5903,67862,0.7478843
5904,2384,0.034346074
5905,113335,0.07818704
5906,100825,0.006459461
5907,9503,0.047942977
5908,97547,0.60409665
5909,76951,0.0005260863
5910,27499,0.59822583
5911,41084,0.4832058
5912,104735,0.03142695
5913,86367,0.004340315
5914,84886,0.30090106
5915,98720,0.0069380403
5916,72114,0.024206866
5917,698,0.032669682
5918,30035,0.0008344364
5919,29983,0.0078094616
5920,81153,0.643951
5921,101204,0.00062294764
5922,97129,0.8819471
5923,57300,0.23309723
5924,65102,0.0011045781
5925,62614,0.00035746323
5926,113589,0.8289522
5927,3364,0.019535577
5928,72474,0.13447009
5929,100423,0.56886965
5930,80959,0.52379495
5931,50424,0.00065948983
5932,51965,0.000913589
5933,78611,0.5232106
5934,58156,0.13447009
5935,72907,0.024206866
5936,101781,0.032572266
5937,53753,0.002760779
5938,54486,0.20503531
5939,65573,0.002085475
5940,69166,0.027870568
5941,94207,0.71801543
5942,4951,0.010516585
5943,21545,0.00011883136
5944,82241,0.000106841
5945,11872,0.0035436768
5946,71077,0.00027386393
5947,46343,0.0007348263
5948,110188,0.8301858
5949,80394,0.7478843
5950,13161,0.4985085
5951,26382,0.046011608
5952,97015,0.45888868
5953,111259,0.32676116
5954,15005,0.028269496
5955,73501,0.0011227193
5956,31636,0.004346945
5957,91402,0.011585627
5958,22310,0.0069380403
5959,18032,0.0008344364
5960,4992,0.05336086
5961,34624,0.4888416
5962,4534,0.019241843
5963,95298,0.8819471
5964,57707,0.00014807787
5965,73024,0.023649527
5966,102730,0.004671096
5967,49674,0.0007180192
5968,37045,0.95818174
5969,98490,0.6843454
5970,3546,0.5730763
5971,104330,0.0015097514
5972,9839,0.60335207
5973,1023,0.009927506
5974,1341,0.016935335
5975,19397,0.009927506
5976,70448,0.13447009
5977,65597,0.012725955
5978,40167,0.23309723
5979,82912,0.5628135
5980,87746,0.00013417492
5981,60297,0.027119404
5982,96671,0.021318072
5983,59396,0.00021179185
5984,77956,0.024206866
5985,27173,0.026289925
5986,87551,0.0018594239
5987,48517,0.7478843
5988,90267,0.96913415
5989,94724,0.00081528444
5990,73218,0.12035916
5991,50751,0.07444347
5992,9691,0.9279092
5993,32303,0.0014080327
5994,25537,0.98373485
5995,95949,0.024206866
5996,72498,0.16114923
5997,97322,0.011209021
5998,75883,0.009462972
5999,38946,0.36316264
6000,41168,0.0008344364
6001,61647,0.009927506
6002,16129,0.0003921756
6003,61008,0.23309723
6004,40273,0.006418149
6005,64954,0.0054966956
6006,6746,0.0832958
6007,64029,0.00015711458
6008,46510,0.3089335
6009,91058,0.0049902825
6010,94577,0.003380811
6011,8807,0.0018368879
6012,33146,0.5232106
6013,92231,0.0070890035
6014,41872,0.0069380403
6015,102566,0.00022526251
6016,7171,0.04623232
6017,113091,0.006409634
6018,59526,0.0026097156
6019,69119,0.022744736
6020,93335,0.56749433
6021,23081,0.0014199993
6022,40175,0.027261639
6023,64789,0.00872611
6024,95104,0.0049902825
6025,55617,0.5026056
6026,64048,0.0060033025
6027,41687,0.0034583432
6028,41533,0.00096970994
6029,6055,0.0062386924
6030,20436,0.014490051
6031,20801,0.009812791
6032,94767,0.0025159507
6033,10628,4.954874e-05
6034,43638,0.011897027
6035,4150,0.008247896
6036,50998,0.5730763
6037,66786,0.45888868
6038,84480,0.7976046
6039,61466,0.024206866
6040,30191,0.59938043
6041,46560,0.12290087
6042,45715,0.6569232
6043,29314,0.0015655839
6044,103572,0.04175559
6045,2550,0.034346074
6046,46727,0.03664784
6047,36465,0.0069380403
6048,107674,0.024206866
6049,50017,0.006552934
6050,62973,0.0011072916
6051,73187,0.34054893
6052,76260,0.029874334
6053,84255,0.9736786
6054,34098,0.5232106
6055,5935,0.0008344364
6056,58326,0.0006477278
6057,42794,0.0057945102
6058,67859,0.13447009
6059,13428,0.009587363
6060,49802,0.5232106
6061,105303,0.002847351
6062,102816,0.24450037
6063,51090,5.7689875e-05
6064,96977,0.5122713
6065,111836,0.78131825
6066,97370,0.4201848
6067,72410,0.59822583
6068,93868,0.8356625
6069,53690,0.065980054
6070,68332,0.0064362176
6071,66732,0.07818704
6072,113444,0.07818704
6073,77744,0.4888416
6074,108421,0.36316264
6075,108169,0.34392092
6076,2634,0.02294934
6077,65235,0.0069380403
6078,70721,0.12290087
6079,70275,0.0017861701
6080,113031,0.024206866
6081,83377,0.042962953
6082,85709,0.47754645
6083,95089,0.6843454
6084,56745,0.00026073176
6085,17109,0.0040050745
6086,91428,0.40678856
6087,65099,0.0022162527
6088,50333,0.36316264
6089,43036,0.0137327975
6090,23028,0.0008344364
6091,29252,0.00045047744
6092,33072,0.011897027
6093,72648,0.0061339163
6094,101450,0.12035916
6095,73455,0.016911069
6096,62204,0.1508694
6097,106277,0.12035916
6098,105056,0.12035916
6099,55566,0.006202585
6100,33063,0.6022919
6101,20380,0.009927506
6102,63400,0.2622862
6103,81854,0.13447009
6104,92449,0.34392092
6105,53344,0.006758071
6106,95726,0.7478843
6107,114237,0.01579575
6108,45373,0.82937336
6109,79711,0.7009889
6110,12634,6.637695e-05
6111,7468,0.00080417254
6112,11766,0.008285374
6113,104599,0.04035156
6114,96897,0.73686934
6115,10075,0.0024112058
6116,37539,1.31847955e-05
6117,20892,0.009927506
6118,37537,0.0036427025
6119,44161,0.75738317
6120,22437,0.03664784
6121,100243,0.07818704
6122,61769,0.029912217
6123,10047,0.021937707
6124,18863,0.26997432
6125,82458,0.008305467
6126,72626,0.024206866
6127,34764,0.0006106808
6128,57588,2.3491244e-05
6129,61215,0.85546416
6130,31245,0.0041804966
6131,59182,0.2622862
6132,45456,0.007646044
6133,98704,0.00022527626
6134,71699,0.043749075
6135,51,0.04985191
6136,71409,0.45888868
6137,86388,0.34392092
6138,85409,0.00021388265
6139,8364,0.08600711
6140,90405,0.061298724
6141,46687,0.0003579427
6142,38618,0.005712436
6143,91440,0.34392092
6144,103144,0.60899097
6145,70489,0.024206866
6146,27433,4.7611356e-05
6147,70062,0.003172428
6148,76952,0.00046380193
6149,11284,0.0003747731
6150,86791,0.47754645
6151,24862,0.74854356
6152,99506,0.53350335
6153,51345,0.6857675
6154,61766,0.4888416
6155,89856,0.20503531
6156,66242,0.00037149663
6157,21420,0.4985085
6158,44729,0.3089335
6159,40136,0.010210467
6160,53562,0.2170439
6161,56611,0.0069380403
6162,97298,0.8819471
6163,88109,0.056111116
6164,47664,0.016475337
6165,29546,0.6857675
6166,27274,0.010499509
6167,67349,0.018923918
6168,34132,0.072692804
6169,59289,0.017586915
6170,75739,0.8044119
6171,93004,0.027119404
6172,66672,0.12035916
6173,108773,0.47754645
6174,91376,0.004170484
6175,36501,0.040636003
6176,47029,0.007402212
6177,63347,0.00037588034
6178,20097,0.26997432
6179,50305,0.004272699
6180,84305,0.590359
6181,50742,0.48146573
6182,5353,0.84811413
6183,97302,0.638665
6184,75156,0.0120466435
6185,48503,0.96913415
6186,95887,4.2823405e-05
6187,100956,0.018743023
6188,42522,0.004091795
6189,71021,0.70778805
6190,114413,0.00071699003
6191,57703,0.007797746
6192,86143,0.029874334
6193,70956,0.000106841
6194,49607,0.5232106
6195,110273,0.00012825217
6196,81883,0.0120466435
6197,112642,0.019109828
6198,83280,0.7478843
6199,7957,0.01599841
6200,10157,0.0018368879
6201,97687,0.58307195
6202,72011,0.16114923
6203,35664,0.6857675
6204,77099,0.5232106
6205,51462,0.0018594239
6206,43893,0.02084303
6207,92120,0.0006681848
6208,51681,0.006758071
6209,95898,0.000106841
6210,32169,0.6022919
6211,69944,0.27559015
6212,16644,0.009927506
6213,86434,0.02279648
6214,77260,0.7976046
6215,75972,0.6857675
6216,99677,0.00032302632
6217,10072,0.16114968
6218,90200,0.590359
6219,28959,0.12290087
6220,108911,0.12290087
6221,8660,0.057469666
6222,59153,0.00092742784
6223,37692,0.0041483743
6224,93696,0.00047118045
6225,45427,0.12290087
6226,62867,0.00037588034
6227,2426,0.84811413
6228,103428,0.04519718
6229,58935,0.004346945
6230,114437,0.09415718
6231,102309,0.25912815
6232,79393,0.5508324
6233,6123,0.008247896
6234,92739,0.030121073
6235,80974,0.0016576105
6236,115552,0.024206866
6237,53353,0.0069380403
6238,97901,0.07021838
6239,1263,0.36316264
6240,44676,0.00068131037
6241,6937,0.02809463
6242,99428,0.017152961
6243,59462,0.45888868
6244,52161,0.5232106
6245,104543,0.5026056
6246,59533,0.00057126425
6247,92346,0.023649527
6248,41403,0.638665
6249,11814,0.011809721
6250,63183,0.5611369
6251,108685,0.79734695
6252,36771,0.3089335
6253,57745,0.6857675
6254,62405,2.6298012e-05
6255,41905,0.59938043
6256,74255,0.024206866
6257,99147,0.07004065
6258,34378,0.0004057579
6259,95413,0.00011251957
6260,71564,0.34392092
6261,42945,0.8745886
6262,115987,0.024206866
6263,35506,0.5730763
6264,109475,0.032572266
6265,48361,0.016388483
6266,79603,0.07534605
6267,10929,0.06771289
6268,12190,0.00013202385
6269,30385,0.71340895
6270,82100,0.733664
6271,77234,0.5232106
6272,81966,0.4888416
6273,8391,0.059352104
6274,89632,0.13447009
6275,62726,0.0005939204
6276,75984,5.3072956e-05
6277,7048,0.0018368879
6278,74935,0.9710018
6279,24412,0.0012854383
6280,22771,0.0075326078
6281,115736,0.60899097
6282,21055,0.011616147
6283,21940,0.0049410933
6284,98425,0.5918634
6285,51739,0.5232106
6286,83540,0.733664
6287,83853,0.2181275
6288,98078,0.20503531
6289,32229,0.0005783094
6290,90085,0.04054585
6291,111442,0.9781556
6292,1493,0.2170439
6293,24046,0.0029041574
6294,84372,0.0049902825
6295,71598,0.005786004
6296,77717,0.0005260863
6297,113102,0.008899339
6298,54004,0.01408992
6299,23786,0.0009936596
6300,94196,0.0009190264
6301,26678,0.0025295168
6302,100312,0.03891551
6303,109060,0.009188496
6304,91441,0.9518999
6305,61794,0.4201848
6306,17785,0.0011072916
6307,90597,0.00872611
6308,48719,0.80925137
6309,16303,0.015142322
6310,11685,0.9709329
6311,26646,0.011161709
6312,34572,0.5730763
6313,96547,0.032572266
6314,95336,0.005417213
6315,115491,0.5232106
6316,3258,0.118898705
6317,21738,0.00097417104
6318,47822,0.7478843
6319,6344,0.4835136
6320,26191,0.0029928575
6321,107973,0.528339
6322,77520,0.0012206156
6323,101601,0.47754645
6324,98544,0.13447009
6325,2584,0.01599841
6326,65773,0.012725955
6327,35368,5.6800185e-05
6328,106079,0.0101922
6329,76307,0.010756634
6330,19229,0.013627499
6331,75171,0.010210467
6332,3237,0.7841161
6333,30800,0.0114153195
6334,41948,3.822452e-05
6335,44825,0.055429235
6336,62880,0.9632564
6337,3747,0.0039436966
6338,95478,0.8819471
6339,111592,0.58307195
6340,20316,0.80925137
6341,16735,0.007469017
6342,108258,0.79734695
6343,73140,0.18376456
6344,43161,0.3089335
6345,60865,0.4888416
6346,73690,5.0963066e-05
6347,95890,0.0022154376
6348,30626,0.5232106
6349,4128,0.69796836
6350,115289,0.9671268
6351,110797,0.7378498
6352,40698,0.0010991456
6353,25369,0.00034314522
6354,92864,0.1508694
6355,20562,0.20630145
6356,19644,0.007402212
6357,90565,0.56749433
6358,57565,0.004272699
6359,84357,0.13447009
6360,97336,0.0011649905
6361,55192,0.004640934
6362,42127,0.4888416
6363,29254,0.015703628
6364,73705,0.16114923
6365,59066,0.007401518
6366,89063,0.6805137
6367,107815,0.00047943817
6368,102554,0.0049383063
6369,75741,0.6857675
6370,83223,0.13447009
6371,71193,0.5628135
6372,11931,0.26997432
6373,114917,0.08043276
6374,32927,0.033028502
6375,77024,0.0002475022
6376,59983,0.029874334
6377,113500,0.07818704
6378,109574,0.58307195
6379,62040,0.024206866
6380,79301,0.73686934
6381,79807,0.590359
6382,78788,0.5232106
6383,70785,0.0001622728
6384,59403,0.78131825
6385,54895,0.0057720095
6386,34763,0.82937336
6387,6781,0.0070300926
6388,54280,0.00481278
6389,37408,0.00088271993
6390,52839,0.018754436
6391,98007,0.6843454
6392,77693,0.13447009
6393,2001,0.029487636
6394,98686,0.002893323
6395,5513,0.010516585
6396,51177,0.0008344364
6397,44470,0.009453983
6398,70184,0.34392092
6399,52635,0.024206866
6400,107069,0.07818704
6401,94957,0.036271784
6402,6716,0.0038145971
6403,84645,0.024206866
6404,89562,0.014490051
6405,96089,0.34392092
6406,25502,0.006202585
6407,42970,0.0035077496
6408,68415,0.643951
6409,40862,0.5026056
6410,70643,0.5628135
6411,89952,0.34392092
6412,78802,0.0051854067
6413,70697,0.000173288
6414,27538,7.272447e-05
6415,1502,0.033714566
6416,13759,0.002618508
6417,103389,0.8301858
6418,64465,0.00057126425
6419,62732,0.00082101923
6420,38899,0.0051552462
6421,282,0.05542147
6422,23155,0.0008344364
6423,110373,0.32676116
6424,81196,0.2605466
6425,92724,0.34392092
6426,92693,0.5628135
6427,91248,0.88018847
6428,85609,0.7976046
6429,70606,0.13447009
6430,57351,0.015939148
6431,11049,0.057469666
6432,15471,0.009927506
6433,110763,0.003889358
6434,57334,0.0041407975
6435,20089,0.0018159949
6436,21475,0.0008344364
6437,17885,0.0018410402
6438,94950,0.5628135
6439,1870,0.000832985
6440,85948,0.5628135
6441,2637,0.034346074
6442,113812,2.1615138e-05
6443,92207,0.5628135
6444,101173,0.12035916
6445,66416,0.049366985
6446,69798,0.0029114224
6447,9232,0.036599416
6448,19046,0.05245499
6449,101437,0.6843454
6450,91821,0.733664
6451,94284,0.002893323
6452,92800,0.008612103
6453,80395,0.73020315
6454,53357,0.00030309707
6455,50923,0.5232106
6456,22247,0.0038145971
6457,111192,0.20503531
6458,82832,0.4888416
6459,92498,0.024206866
6460,86689,0.12290087
6461,59760,0.12035916
6462,31301,0.00049048604
6463,90933,0.13447009
6464,47538,0.44748464
6465,10629,0.20971026
6466,104909,0.32676116
6467,44641,0.00066957343
6468,53223,0.00047323905
6469,36450,0.008305467
6470,62021,0.006758071
6471,4346,0.0057382775
6472,91321,0.34392092
6473,66043,0.012725955
6474,17138,0.06771289
6475,57895,0.005712436
6476,99284,0.46006948
6477,33708,0.1508694
6478,95338,0.5628135
6479,20371,0.2170439
6480,64832,0.0040108035
6481,42532,0.016388483
6482,107985,0.75738317
6483,104594,0.024206866
6484,85439,0.0069380403
6485,20151,0.00083248236
6486,73897,0.024206866
6487,83759,0.34392092
6488,106866,0.0013408898
6489,86974,0.00014564603
6490,67206,0.7478843
6491,110078,0.8301858
6492,65056,0.0027332613
6493,1657,0.018307386
6494,96630,0.01733762
6495,15339,0.5122713
6496,40392,0.031164318
6497,12164,0.24450037
6498,44347,0.12290087
6499,108464,0.007984009
6500,9274,0.0049488335
6501,50287,0.0008289428
6502,2525,0.034346074
6503,100795,0.19346014
6504,57974,0.5232106
6505,112209,0.75738317
6506,113691,0.024206866
6507,36344,0.008285374
6508,69247,0.05728223
6509,66973,0.7478843
6510,110062,0.02345921
6511,50003,0.0078094616
6512,95640,0.07818704
6513,46820,0.0008344364
6514,28851,0.12290087
6515,73171,0.7976046
6516,29749,0.20503531
6517,114592,0.78131825
6518,109792,0.864525
6519,43408,0.19521376
6520,71041,0.69238746
6521,103936,0.0002825818
6522,29146,0.027119404
6523,37764,0.0063297707
6524,4567,0.69796836
6525,78937,0.0057945102
6526,22599,0.4985085
6527,85471,0.13447009
6528,39962,0.40678856
6529,10725,0.006000583
6530,84134,0.2622862
6531,7770,0.69796836
6532,52591,0.13447009
6533,53746,0.5232106
6534,87430,0.2170439
6535,29484,0.004472894
6536,109036,0.9394204
6537,47052,0.77334636
6538,53783,0.012495752
6539,41110,0.007402212
6540,109110,0.00086250954
6541,28024,0.004346945
6542,92662,0.0022064564
6543,79076,0.00415249
6544,61640,0.12035916
6545,8646,0.057442345
6546,97414,0.2622862
6547,103678,0.02203267
6548,86323,0.03891551
6549,82220,0.032669682
6550,88990,0.13447009
6551,115348,0.0025656705
6552,108074,0.009188496
6553,35383,0.00013475535
6554,42518,0.027550844
6555,54971,0.5232106
6556,93356,0.0079947645
6557,14403,0.0016475728
6558,55876,0.018387165
6559,9692,0.069537625
6560,108538,0.2916034
6561,25215,0.12078799
6562,93178,0.9859816
6563,55753,0.021697627
6564,28349,0.00028159664
6565,14910,0.0057055824
6566,9393,0.01011158
6567,35544,0.00045418862
6568,19385,0.009927506
6569,77611,0.006380069
6570,109319,0.0311136
6571,37850,0.00028159664
6572,3508,0.021937707
6573,52025,0.59938043
6574,26141,0.005423475
6575,79725,0.014400821
6576,88928,0.34392092
6577,94646,0.0022208928
6578,71049,0.7478843
6579,22252,0.015702382
6580,30185,0.0002411061
6581,91372,0.0014080327
6582,52220,0.003172428
6583,17768,0.708993
6584,11774,0.007859644
6585,26491,0.12290087
6586,91243,0.023578878
6587,6863,0.0041278456
6588,101736,0.03891551
6589,60787,0.733664
6590,91867,0.56749433
6591,67109,0.34392092
6592,92891,0.56749433
6593,58989,0.13447009
6594,111768,0.75738317
6595,76191,0.023439065
6596,33339,0.34661445
6597,71522,0.029101688
6598,98584,0.34392092
6599,112465,0.1508694
6600,1828,0.034346074
6601,83149,0.0079947645
6602,37967,0.3089335
6603,29899,0.0043310085
6604,17543,0.638665
6605,31608,0.011897027
6606,50339,0.3089335
6607,4236,0.0057529216
6608,75158,6.517679e-05
6609,8457,0.019241843
6610,34708,0.3089335
6611,44940,4.000341e-05
6612,37378,0.025349155
6613,28842,0.011897027
6614,93027,0.004326417
6615,27637,0.00036646725
6616,93353,0.7478843
6617,84541,0.048061986
6618,372,0.44521296
6619,87903,0.7478843
6620,90525,0.30090106
6621,75623,0.00037588034
6622,56639,0.733664
6623,114039,0.24450037
6624,2787,0.021937707
6625,109749,0.0029102254
6626,17943,0.1508694
6627,70842,0.5628135
6628,2880,0.84811413
6629,11844,0.00022818273
6630,18743,0.00023414096
6631,102981,0.0049902825
6632,50538,0.0015905353
6633,47796,0.2181275
6634,50955,0.07818704
6635,99541,0.53350335
6636,104675,0.0016199806
6637,36706,0.2622862
6638,114169,0.733664
6639,41729,0.59938043
6640,21970,0.0070359865
6641,84612,0.13447009
6642,72428,0.030845478
6643,86525,0.007683073
6644,15622,0.74854356
6645,49715,0.03599013
6646,11240,0.008285374
6647,67482,0.0008344364
6648,38627,0.006418149
6649,32380,0.007402212
6650,64771,0.0014080327
6651,94065,0.017152961
6652,93203,0.58307195
6653,86575,0.009543692
6654,87285,0.5730763
6655,7832,0.053895727
6656,16482,0.04985191
6657,18698,0.05245499
6658,106909,0.04017276
6659,95519,0.001055821
6660,100059,0.7678493
6661,103493,0.0032193519
6662,78776,0.024206866
6663,4391,0.012266115
6664,4438,0.03200804
6665,59729,0.027902244
6666,80587,0.7678493
6667,4091,0.09310917
6668,66920,0.12035916
6669,49719,0.007168603
6670,50628,0.5232106
6671,105046,0.0003433008
6672,44427,0.3089335
6673,28251,0.12290087
6674,11785,0.50877464
6675,92438,0.590359
6676,26217,0.0070359865
6677,5731,0.057469666
6678,6067,0.00064881647
6679,97748,0.5122713
6680,49963,0.52379495
6681,14692,0.15320407
6682,56751,0.024206866
6683,52571,0.024206866
6684,67860,0.005786004
6685,77550,1.8561428e-05
6686,86140,0.00036386782
6687,105232,0.0069380403
6688,19014,0.015702382
6689,82957,0.0008423654
6690,52372,0.25912815
6691,96027,0.0069380403
6692,21295,0.009927506
6693,114211,0.00069297774
6694,87872,0.001163373
6695,36012,0.80925137
6696,89909,2.8271957e-05
6697,48053,0.47754645
6698,76662,0.71321934
6699,112951,0.6022919
6700,25500,0.59938043
6701,94784,0.6843454
6702,29867,0.5232106
6703,98694,0.56749433
6704,94057,0.4201848
6705,82501,0.21136047
6706,22942,0.12290087
6707,52269,0.034084983
6708,10426,0.034955356
6709,16052,0.1890358
6710,41680,0.12035916
6711,19112,0.06771289
6712,53238,0.4888416
6713,73971,0.4201848
6714,80172,0.0029750296
6715,31737,0.6795658
6716,17905,0.054573994
6717,45815,0.0041407975
6718,20366,0.00070814055
6719,2830,0.021937707
6720,76100,0.002787705
6721,50454,0.00035809848
6722,51674,0.5232106
6723,29157,0.0044880756
6724,9258,0.0018368879
6725,109634,0.3788766
6726,6701,0.01814447
6727,31114,0.5730763
6728,6371,0.028720004
6729,62375,0.13447009
6730,41946,0.766975
6731,111831,0.71801543
6732,5248,0.00043538562
6733,18452,0.0022951008
6734,87942,0.56749433
6735,20652,2.9033838e-05
6736,3383,0.021937707
6737,49796,0.0014080327
6738,42673,0.3089335
6739,112612,0.9714329
6740,37272,0.5628135
6741,21413,0.498111
6742,22525,0.8691696
6743,6343,0.0008344364
6744,69853,0.20503531
6745,75999,0.003668835
6746,49348,0.4888416
6747,77446,0.02345921
6748,3084,0.008247896
6749,78406,0.34661445
6750,12721,0.26997432
6751,47570,0.3089335
6752,62862,0.0011927066
6753,54998,0.5026056
6754,90193,0.024206866
6755,61241,0.024206866
6756,51088,0.16114923
6757,77907,0.0028299503
6758,97091,0.3089335
6759,24698,0.006418149
6760,1474,0.0068548415
6761,90201,0.47754645
6762,95043,0.20503531
6763,109821,0.0060930443
6764,67957,0.32597795
6765,37345,0.004346945
6766,339,0.003283579
6767,93650,0.0028178
6768,21570,0.5628135
6769,932,0.59917617
6770,14751,0.0024488636
6771,11297,0.0006879761
6772,30840,0.5232106
6773,88214,0.73020315
6774,45364,0.0047478396
6775,91214,0.8057262
6776,69642,0.30090106
6777,39589,0.4888416
6778,54284,0.0010066493
6779,73538,0.4201848
6780,14760,0.034867942
6781,112600,0.02070223
6782,17139,0.00029822448
6783,36172,0.5026056
6784,95575,0.029874334
6785,18770,0.8745886
6786,75993,0.0003401672
6787,114133,0.5075232
6788,40561,0.4888416
6789,58821,0.024206866
6790,27708,0.1508694
6791,39793,0.7704209
6792,4167,0.008247896
6793,81817,0.5628135
6794,50329,0.02345921
6795,106689,0.32676116
6796,98147,0.58307195
6797,19940,0.006125173
6798,105522,0.58307195
6799,47916,0.0010646199
6800,109710,0.04468665
6801,38905,0.00028856297
6802,56495,0.0017587844
6803,89635,0.3089335
6804,40005,0.00046289893
6805,99950,0.58307195
6806,112852,0.007797746
6807,107330,0.0014913703
6808,14578,0.020176578
6809,55562,0.033028502
6810,112848,0.75738317
6811,86255,0.34392092
6812,11955,0.46064824
6813,60767,0.01962534
6814,77962,0.5232106
6815,72886,0.13447009
6816,59913,0.4888416
6817,90711,0.56749433
6818,27126,0.0017455069
6819,97922,0.7373063
6820,67086,0.12035916
6821,64200,0.0060033025
6822,53927,0.59822583
6823,108629,0.003401875
6824,63516,0.00078107836
6825,10612,0.013822098
6826,80798,0.40444794
6827,79226,0.032572266
6828,46547,0.4413185
6829,58701,0.011517575
6830,22300,0.0075326078
6831,47321,0.02084303
6832,58210,7.836268e-05
6833,63055,0.00082101923
6834,75377,0.0120466435
6835,40769,0.0008344364
6836,42543,0.000106903455
6837,61280,0.18376456
6838,47494,0.12078799
6839,18245,0.8731015
6840,36485,0.023175027
6841,103084,0.0043595564
6842,101370,0.58307195
6843,53686,0.007401518
6844,102310,0.56886965
6845,18229,0.42581627
6846,32065,0.030730017
6847,85973,0.4888416
6848,43259,0.25912815
6849,40684,0.0018594239
6850,27191,0.12290087
6851,70741,0.0049902825
6852,83996,0.6795658
6853,50761,0.4888416
6854,36521,0.5730763
6855,15769,0.0013052014
6856,71949,0.5628135
6857,15695,0.015142322
6858,14129,0.009247802
6859,44751,0.75738317
6860,46594,0.12078799
6861,8968,0.0002520086
6862,72429,0.13447009
6863,107546,0.00024267899
6864,28654,0.004528505
6865,111510,0.58307195
6866,86623,0.13447009
6867,24398,0.3089335
6868,11301,0.0027585626
6869,35191,0.0002767272
6870,100126,0.71801543
6871,76657,0.13447009
6872,20857,0.12290087
6873,71429,0.00050520775
6874,109886,0.024206866
6875,115551,0.8301858
6876,59172,0.6857675
6877,39833,0.75326097
6878,87039,0.5628135
6879,89467,0.00071699003
6880,88221,0.37492988
6881,85866,0.5628135
6882,48414,0.057790365
6883,49562,0.0011649905
6884,111205,0.0008947806
6885,83371,0.3089335
6886,111310,0.009079819
6887,46210,0.0070359865
6888,59910,0.42581627
6889,68298,0.30090106
6890,20990,0.05419713
6891,91457,0.0069380403
6892,106901,0.058820546
6893,92558,0.024206866
6894,34956,0.007402212
6895,39478,0.017654972
6896,63142,0.0005541349
6897,33804,0.002085475
6898,42720,5.68893e-05
6899,17396,0.009927506
6900,45217,0.0068548415
6901,829,0.7349616
6902,80556,0.015142322
6903,63039,0.42581627
6904,66274,0.012725955
6905,80066,0.00038919126
6906,111458,0.78131825
6907,64669,0.029874334
6908,75669,0.1508694
6909,80184,0.2419718
6910,12117,2.3491244e-05
6911,669,0.0095950635
6912,112404,0.023149302
6913,61980,0.7976046
6914,85037,0.014490051
6915,16760,0.66443765
6916,84224,0.47754645
6917,93136,0.40678856
6918,112211,0.0008344364
6919,10561,0.69796836
6920,17117,0.0057382775
6921,100363,0.012710879
6922,89056,0.34392092
6923,54601,0.81378096
6924,71655,0.004340315
6925,1971,0.019056804
6926,103086,0.024206866
6927,27737,0.0029317704
6928,83736,0.0024044046
6929,112842,0.87863064
6930,98063,0.6779619
6931,88619,0.8338674
6932,28088,0.00481278
6933,106567,0.00050883094
6934,27963,0.011897027
6935,106505,0.4123848
6936,8258,0.047424603
6937,49815,0.00029644734
6938,44827,0.00022796135
6939,43646,0.02084303
6940,97418,0.5075232
6941,22057,0.9685034
6942,108857,0.528339
6943,50498,0.4888416
6944,108945,0.1508694
6945,112034,0.989094
6946,22635,0.12078799
6947,93544,0.13447009
6948,85536,0.87978876
6949,756,0.005105691
6950,66074,0.006758071
6951,109570,0.5350702
6952,78037,0.12275081
6953,87494,0.7478843
6954,97155,0.18376456
6955,107124,0.009188496
6956,22265,0.027409334
6957,50211,0.07818704
6958,21081,0.012533478
6959,65696,0.0011112769
6960,100546,0.5075232
6961,46279,0.0034378408
6962,65622,0.18376456
6963,29464,0.0008344364
6964,80999,0.00027521956
6965,19009,0.5442662
6966,96289,0.008437991
6967,24709,0.4888416
6968,79011,4.5819845e-05
6969,48045,0.15288648
6970,114879,0.32676116
6971,11828,0.001770877
6972,30417,0.12035916
6973,24229,0.19521376
6974,21482,0.027409334
6975,1914,0.98013306
6976,86204,0.0005486369
6977,98344,0.024206866
6978,77483,0.8591475
6979,110908,0.004495058
6980,109084,0.4123848
6981,90527,0.0004917636
6982,43771,0.9792859
6983,83045,0.638665
6984,113789,0.0005541349
6985,102932,0.0009372664
6986,19456,0.009927506
6987,32984,0.021325976
6988,90256,0.5628135
6989,28162,0.006544561
6990,94544,0.027119404
6991,55106,0.024206866
6992,69232,0.8745886
6993,49125,0.9761811
6994,92905,0.30090106
6995,35190,0.5232106
6996,31474,0.00028856297
6997,44663,0.00025834364
6998,39531,0.011897027
6999,29786,0.013659366
7000,26922,0.0063297707
7001,51786,0.0057945102
7002,72211,0.34392092
7003,5081,0.0010260659
7004,12545,0.47754645
7005,90713,0.004340315
7006,114415,0.0019960382
7007,56240,0.00010540062
7008,67897,0.34392092
7009,112208,0.9792859
7010,88855,0.56749433
7011,48658,0.47383937
7012,73033,0.13447009
7013,30420,0.5232106
7014,64791,0.52379495
7015,21635,0.00016999718
7016,93786,0.58307195
7017,32205,0.5232106
7018,77872,0.1508694
7019,81106,0.4888416
7020,35305,0.016388483
7021,18206,0.00038737603
7022,33653,0.002326809
7023,22961,0.7976046
7024,76287,0.6857675
7025,10862,0.073019944
7026,26717,0.0052747796
7027,16213,0.07818704
7028,72892,0.12290087
7029,96593,0.00031389523
7030,64402,0.6323282
7031,115651,1.1514203e-05
7032,69830,0.5346374
7033,92542,0.34392092
7034,6107,0.07934818
7035,41843,0.0020718006
7036,97492,0.007859644
7037,65424,0.00030549918
7038,92451,0.077305205
7039,110780,0.58307195
7040,961,0.8996655
7041,114621,2.888851e-05
7042,82523,0.7478843
7043,80851,0.71321934
7044,32979,0.6022919
7045,47728,0.0039807325
7046,100744,0.09091524
7047,5030,0.004340315
7048,56420,0.0006746154
7049,43914,0.6022919
7050,97583,0.5918634
7051,32665,0.00057636807
7052,27027,0.5628135
7053,24175,0.0022208928
7054,55670,0.99003536
7055,81306,0.96568954
7056,28813,0.5628135
7057,74104,0.34392092
7058,105482,0.3089335
7059,28919,0.009818205
7060,56998,0.5232106
7061,97575,0.19346014
7062,15566,0.0069380403
7063,39563,0.42581627
7064,23076,0.21136047
7065,9599,0.047930084
7066,62617,0.2170439
7067,111129,0.0018721197
7068,5320,0.49502462
7069,65656,0.2622862
7070,27559,4.217391e-05
7071,29338,0.5232106
7072,76644,0.34392092
7073,104085,0.0010309853
7074,37255,0.12078799
7075,50552,0.7704209
7076,64651,9.22584e-05
7077,100810,0.015142322
7078,33527,0.00066723657
7079,26911,0.03664784
7080,112387,0.98369354
7081,9221,0.010516585
7082,19810,0.008285374
7083,92866,0.34392092
7084,80635,0.3089335
7085,78038,0.20503531
7086,89911,0.02438613
7087,66363,0.00037149663
7088,21337,0.0011823875
7089,1641,0.0007081321
7090,30373,0.5628135
7091,55414,0.0782925
7092,86401,0.13447009
7093,34746,0.55797154
7094,37058,0.88018847
7095,113816,0.00035001672
7096,48266,0.27559015
7097,7580,0.0062786704
7098,52974,0.0011706477
7099,87500,0.07318084
7100,35802,0.4888416
7101,78710,0.1508694
7102,65189,0.12290087
7103,2148,0.01599841
7104,30312,0.0002890735
7105,85798,6.366986e-05
7106,78015,0.2164638
7107,55898,0.733664
7108,89322,0.27559015
7109,8196,0.0039436966
7110,41421,0.0017358308
7111,41451,0.0045714984
7112,96223,0.7478843
7113,47249,0.5026056
7114,115126,0.07724256
7115,104463,0.06562725
7116,49091,0.005279548
7117,4770,0.04945419
7118,3520,0.9685034
7119,32645,0.5730763
7120,110207,0.79734695
7121,16434,0.04985191
7122,25155,0.0070359865
7123,99440,0.32676116
7124,84979,0.035321414
7125,24637,0.40678856
7126,95270,0.00038048637
7127,94632,0.13447009
7128,85602,0.5026056
7129,102021,0.006191808
7130,31521,0.0022208928
7131,1059,0.0025535054
7132,39393,0.0070359865
7133,25939,0.0008344364
7134,13754,0.00872611
7135,89529,0.024206866
7136,114729,0.0010011981
7137,47468,0.7704209
7138,85423,0.010210467
7139,107873,0.0009069122
7140,103869,0.009188496
7141,74243,0.4888416
7142,65779,0.0060033025
7143,47016,0.59822583
7144,88404,0.45888868
7145,3478,0.021937707
7146,88151,0.7478843
7147,41061,0.12078799
7148,62942,0.5628135
7149,96642,0.12290087
7150,4904,0.03200804
7151,3711,0.013822098
7152,29953,0.7233257
7153,28220,0.016867047
7154,37271,0.12290087
7155,11217,0.7798892
7156,107085,0.0078094616
7157,35749,0.00022796135
7158,34312,0.0060033025
7159,106406,0.0014080327
7160,51678,0.13580467
7161,108091,0.47754645
7162,46227,0.00071699003
7163,2038,0.01599841
7164,51695,0.00053779234
7165,91335,0.34392092
7166,100100,0.0039600274
7167,36761,0.0006305294
7168,33246,0.043853756
7169,54452,0.004346945
7170,48377,0.0010326668
7171,79088,0.0066222902
7172,58464,0.13447009
7173,20885,0.027409334
7174,6968,0.0008377331
7175,26965,0.0054704677
7176,38913,0.79584295
7177,85425,0.16114923
7178,94877,0.53350335
7179,102078,0.20503531
7180,70043,0.0049902825
7181,59098,0.00023330664
7182,71197,0.34392092
7183,65867,0.011402751
7184,21901,0.011613776
7185,33781,0.6857675
7186,109515,0.7270048
7187,36287,0.5730763
7188,114236,0.14703433
7189,40328,0.31145355
7190,109479,6.59839e-05
7191,102443,0.00019354248
7192,22415,0.82937336
7193,67868,0.34392092
7194,40722,0.025006045
7195,97750,0.1508694
7196,100229,0.56749433
7197,97056,0.024206866
7198,105547,0.0278131
7199,7170,0.0050332136
7200,37694,0.0023444546
7201,39763,3.8713566e-05
7202,1628,0.0078094616
7203,39526,0.3089335
7204,46183,0.1276629
7205,106530,0.58307195
7206,57071,7.417279e-05
7207,4771,0.024927352
7208,109529,0.8301858
7209,39628,0.0008344364
7210,1442,0.021318072
7211,58968,0.4888416
7212,25628,0.12290087
7213,47317,0.12290087
7214,17623,0.4888416
7215,65008,0.6795658
7216,73491,0.4201848
7217,11360,0.00028520642
7218,38387,0.0041407975
7219,10106,0.03859982
7220,17048,0.47754645
7221,26343,0.0028299503
7222,8904,0.045763817
7223,84343,0.30090106
7224,16978,0.008112372
7225,40867,0.0024343426
7226,115516,0.009188496
7227,56135,0.78131825
7228,63945,0.20503531
7229,59132,0.00046380193
7230,112964,0.5232106
7231,21588,0.0006106924
7232,9068,0.00805233
7233,102763,0.024206866
7234,67192,0.34392092
7235,113158,0.2005415
7236,56954,0.00019486777
7237,102407,0.005014898
7238,43791,0.057469305
7239,13839,0.010010961
7240,96470,0.12290087
7241,36216,0.00095032883
7242,16950,0.009927506
7243,114078,0.012309231
7244,40776,0.59822583
7245,242,0.03200804
7246,82620,0.7478843
7247,9268,0.44851086
7248,23,0.020274352
7249,71980,0.0017587844
7250,57654,0.008938783
7251,36514,0.5232106
7252,96862,0.024206866
7253,51443,0.029874334
7254,114886,0.0018707784
7255,95510,0.007859644
7256,66867,0.0029114224
7257,11234,0.010516585
7258,75283,0.019679453
7259,96177,0.13447009
7260,66464,0.07818704
7261,81198,0.06427912
7262,25399,0.07765219
7263,110226,9.5092735e-05
7264,78900,0.13447009
7265,32285,0.5730763
7266,27405,0.12290087
7267,8497,0.0098010395
7268,112466,0.24450037
7269,50583,0.0008344364
7270,106760,0.009079819
7271,88373,0.56749433
7272,94016,0.7678493
7273,110071,0.0011475447
7274,70162,0.78131825
7275,71481,0.000106841
7276,82328,0.0060033025
7277,95520,0.00019138056
7278,40327,0.5628135
7279,111405,0.58307195
7280,1386,0.010516664
7281,112526,0.005839836
7282,102983,0.7478843
7283,64311,0.2622862
7284,89794,0.3089335
7285,35559,0.5730763
7286,6271,0.008247896
7287,61377,0.0004206574
7288,97929,0.026673649
7289,5203,0.047942977
7290,3966,0.26386112
7291,15367,0.033714566
7292,59285,0.004340315
7293,47258,0.08265154
7294,56879,0.008305467
7295,106974,0.58307195
7296,38215,0.03599013
7297,75056,0.07818704
7298,107738,3.298865e-05
7299,82240,2.3935605e-05
7300,71022,0.13447009
7301,115760,0.24450037
7302,15220,0.0011072916
7303,78396,0.024206866
7304,3985,0.013822098
7305,88168,0.60409665
7306,55142,9.761432e-06
7307,37263,0.40022257
7308,80830,0.024206866
7309,64565,0.2181275
7310,38176,0.011897027
7311,84390,0.4888416
7312,52861,0.024206866
7313,109921,0.96914333
7314,184,0.007402212
7315,114684,0.011610164
7316,40229,0.3089335
7317,91279,0.34392092
7318,33181,0.0061633433
7319,97970,0.0052681984
7320,65542,0.012725955
7321,70427,0.16114923
7322,103273,0.024206866
7323,25682,0.12078799
7324,94302,0.06230866
7325,104433,0.34392092
7326,99883,0.79734695
7327,43663,0.00030529537
7328,110416,0.557548
7329,51588,0.5232106
7330,4832,0.008247896
7331,85436,0.02279648
7332,65134,0.006731276
7333,79360,0.0011214612
7334,2319,0.0062386924
7335,88485,0.024206866
7336,56795,0.15288648
7337,80767,0.13447009
7338,76868,0.3089335
7339,85067,0.13447009
7340,9278,0.84811413
7341,38485,0.5628135
7342,44750,0.78131825
7343,79491,0.0002470095
7344,110073,0.34392092
7345,64776,0.016911069
7346,87206,0.0044210283
7347,36659,0.12078799
7348,13039,0.007402212
7349,11681,0.05336086
7350,64518,0.0005260863
7351,70252,0.7478843
7352,9099,0.0018368879
7353,115213,0.010666239
7354,92647,0.34392092
7355,84710,0.5628135
7356,108021,0.0060930443
7357,103127,0.07818704
7358,43214,0.02084303
7359,41223,0.7976046
7360,50515,0.9476337
7361,94551,0.0012094076
7362,65408,0.00034813795
7363,106048,0.24450037
7364,62160,0.0034378408
7365,38765,0.012198511
7366,62092,0.024206866
7367,99092,0.78131825
7368,79331,0.53350335
7369,17285,0.4888416
7370,69668,0.2170439
7371,74051,0.024206866
7372,96551,0.55215096
7373,36137,0.3089335
7374,16987,0.008112372
7375,1902,0.09211248
7376,66905,2.0463225e-05
7377,46898,0.08241512
7378,99223,0.78131825
7379,42420,0.02084303
7380,39276,0.37492988
7381,75526,0.78131825
7382,100208,0.67513126
7383,21445,0.00036856803
7384,43383,0.008285374
7385,115136,0.44521296
7386,8441,0.06859021
7387,82587,0.34392092
7388,3329,0.008247896
7389,36186,0.25912815
7390,17724,0.0009885154
7391,8855,0.014061994
7392,58795,0.15288648
7393,110617,0.02203267
7394,54524,0.010538689
7395,20802,0.36316264
7396,44361,0.6174846
7397,11468,0.0018368879
7398,17454,0.006125173
7399,77580,0.5628135
7400,52479,0.12290087
7401,71274,0.4201848
7402,42541,0.00022121487
7403,54800,0.5232106
7404,6450,0.007593883
7405,33625,0.9654049
7406,36891,0.0057945102
7407,115709,0.024206866
7408,9064,8.764455e-05
7409,76150,0.0017587844
7410,85811,0.0057402095
7411,45819,0.02084303
7412,87931,0.0018721197
7413,50605,0.00030549918
7414,98301,0.59822583
7415,19883,0.00067497167
7416,51879,0.07021838
7417,54234,0.0012159809
7418,7199,0.0011462125
7419,29542,0.00034813795
7420,22576,0.014765168
7421,114460,0.0010011981
7422,70981,0.34392092
7423,74853,0.007878901
7424,43508,0.2622862
7425,91202,0.4201848
7426,66610,0.029874334
7427,86359,0.12035916
7428,111191,0.24450037
7429,104635,0.008379253
7430,27763,0.5730763
7431,76345,0.00010248878
7432,44285,0.011897027
7433,18637,0.42581627
7434,36977,0.15288648
7435,4419,0.49502462
7436,34354,0.5232106
7437,45069,0.02084303
7438,29019,0.5730763
7439,27705,0.001442015
7440,427,0.03599013
7441,58261,0.7478843
7442,103240,0.029618468
7443,89113,0.34392092
7444,102861,0.05072495
7445,23846,0.68328345
7446,52756,0.9790203
7447,26449,0.0026908694
7448,112448,0.27762106
7449,46813,0.041428864
7450,20531,0.0026469259
7451,20749,0.27861652
7452,18759,0.006125173
7453,98145,0.0011926993
7454,34806,0.3089335
7455,45788,0.0115717
7456,69371,0.027119404
7457,9422,0.002874587
7458,3786,0.008247896
7459,64144,0.12035916
7460,109167,0.34392092
7461,24810,1.4678636e-05
7462,17273,0.41613477
7463,22486,0.00063040387
7464,113441,0.007859644
7465,56005,0.590359
7466,17235,0.054573994
7467,40510,0.6857675
7468,92708,0.13447009
7469,7282,0.059985757
7470,62795,0.8044119
7471,65493,0.032481693
7472,105334,0.3089335
7473,114902,0.0007226556
7474,43461,0.027550844
7475,76555,0.04344542
7476,93288,0.27559015
7477,88936,0.002847351
7478,78168,0.029551594
7479,24144,0.12035916
7480,103735,0.024206866
7481,114216,0.733664
7482,47003,0.45888868
7483,85542,0.34392092
7484,86228,0.00022439989
7485,35744,0.006758071
7486,7141,0.0039436966
7487,37047,0.004281679
7488,55380,0.554042
7489,100570,0.004340315
7490,35638,0.027668724
7491,593,0.0016630675
7492,103202,0.24450037
7493,105774,0.32676116
7494,79862,0.69238746
7495,3437,0.02809463
7496,9214,0.053895727
7497,46005,0.44748464
7498,75646,0.056484483
7499,104541,0.023175027
7500,98378,0.20503531
7501,104688,0.0078094616
7502,60724,0.643951
7503,95539,0.07818704
7504,31462,0.0033811661
7505,114692,0.00086536893
7506,102702,0.45888868
7507,385,0.0016933937
7508,67601,0.13447009
7509,87071,0.0032969099
7510,115184,0.009946336
7511,32667,0.6857675
7512,13458,0.5026056
7513,1487,0.18602805
7514,39813,0.0013284114
7515,47554,0.0001925074
7516,60603,0.14672548
7517,24664,0.0006933797
7518,53242,0.015038574
7519,92407,0.024206866
7520,100029,0.58307195
7521,112033,0.75738317
7522,111733,0.47754645
7523,100542,0.60409665
7524,28809,0.59822583
7525,31757,0.011897027
7526,104598,0.20503531
7527,71221,0.024206866
7528,61522,0.009927506
7529,83937,0.643951
7530,99390,0.0003531424
7531,10879,0.9709329
7532,19264,0.0002685727
7533,6817,0.0003161384
7534,56616,0.027902244
7535,73844,0.012059835
7536,100110,0.34392092
7537,34539,0.0008344364
7538,58435,0.643951
7539,36219,0.027119404
7540,82023,0.00018746554
7541,94109,0.26997432
7542,115079,0.032572266
7543,45001,0.0006187803
7544,18962,0.0005260863
7545,8410,0.12078799
7546,86837,0.009011644
7547,53239,0.7270048
7548,74913,0.06427912
7549,49994,0.004346945
7550,73746,0.024206866
7551,79934,0.010210467
7552,111754,0.75738317
7553,51671,0.003784591
7554,16783,0.82937336
7555,59354,0.4201848
7556,84284,0.25912815
7557,18584,0.44521296
7558,96617,0.0078094616
7559,51360,0.96913415
7560,78459,0.04628702
7561,48109,0.21136047
7562,9613,0.49502462
7563,56619,0.6857675
7564,91901,0.34392092
7565,65757,0.031433135
7566,58636,0.4888416
7567,107723,0.0069380403
7568,111686,0.00086536893
7569,15356,0.033714566
7570,52896,0.024206866
7571,33644,0.12078799
7572,95328,0.73686934
7573,11305,0.0031819574
7574,70646,0.16114923
7575,68963,0.16114923
7576,23835,0.029724868
7577,42121,0.4888416
7578,42821,0.0070359865
7579,26818,0.6857675
7580,73273,0.9724124
7581,76530,0.7976046
7582,66440,0.012725955
7583,12098,0.18376456
7584,60151,0.7478843
7585,5769,0.03200804
7586,74774,0.78131825
7587,82980,0.30090106
7588,7576,0.0031214594
7589,28564,0.0013444697
7590,42583,0.68328345
7591,25270,0.4506009
7592,70316,0.9833651
7593,105772,0.5075232
7594,29391,0.008285374
7595,108595,0.46006948
7596,83334,0.0013948819
7597,91717,0.7478843
7598,19065,0.4985085
7599,66977,0.00041943512
7600,53729,0.13447009
7601,47397,0.00045971325
7602,3026,0.034346074
7603,91105,0.00042600924
7604,15501,0.56782615
7605,62593,0.13447009
7606,64185,0.2622862
7607,111229,0.02781691
7608,27351,0.2622862
7609,40486,0.0019652327
7610,50362,0.9773571
7611,29041,0.5232106
7612,63803,0.006758071
7613,115046,0.32676116
7614,43080,0.017654972
7615,92761,0.07004065
7616,30410,0.06709114
7617,83460,0.032572266
7618,27543,0.011897027
7619,23827,0.0062326617
7620,31214,0.016867047
7621,40516,0.15855756
7622,51973,0.9790203
7623,63536,0.00066389976
7624,48276,0.34392092
7625,38106,0.00088362664
7626,71090,0.35455248
7627,48458,0.024206866
7628,61499,0.0114153195
7629,58175,0.42581627
7630,66382,0.0007994225
7631,47886,0.012725955
7632,67867,0.024206866
7633,41767,0.004938112
7634,24063,0.12078799
7635,92342,5.0542818e-05
7636,60538,0.0013401277
7637,12468,0.00081528444
7638,80290,0.71801543
7639,20161,0.00017294764
7640,46107,0.77230483
7641,22848,0.017654972
7642,95446,0.024206866
7643,107407,0.19652489
7644,73680,0.024206866
7645,49508,0.004233338
7646,36876,0.0028299503
7647,9321,0.015601124
7648,48365,0.8044119
7649,37442,0.00025488902
7650,86898,0.12290087
7651,38393,0.6857675
7652,105737,0.00019980685
7653,4525,0.047942977
7654,57603,0.64412415
7655,103056,0.0010521164
7656,102825,0.13447009
7657,9992,0.008498589
7658,85876,0.32597795
7659,53117,0.98100364
7660,85729,0.34392092
7661,103620,0.8289522
7662,112995,0.2622862
7663,37078,0.0054401755
7664,70434,0.0011115712
7665,96002,0.0012709372
7666,47997,0.00025744713
7667,101442,0.46006948
7668,102735,0.032572266
7669,13787,0.08695534
7670,58268,0.024206866
7671,73386,0.47754645
7672,30689,0.011897027
7673,107701,0.13447009
7674,78969,0.011778448
7675,63507,0.0009108971
7676,113454,0.37492988
7677,91408,0.56749433
7678,78161,0.5232106
7679,9649,0.0048087235
7680,113976,0.00033610148
7681,56928,0.20503531
7682,59336,0.36867666
7683,18563,0.0039436966
7684,81692,0.0278131
7685,77578,0.024154125
7686,73185,0.7976046
7687,105798,0.24450037
7688,35237,0.82937336
7689,89796,0.56749433
7690,21160,0.59917617
7691,64134,0.001163373
7692,115715,0.009188496
7693,77970,0.004340315
7694,68377,0.59822583
7695,67524,0.024206866
7696,56844,0.7478843
7697,72990,0.000106841
7698,86579,0.00022205147
7699,98713,0.8819471
7700,26984,0.00082101923
7701,33111,0.018676624
7702,37630,0.025379142
7703,112745,0.02493182
7704,109701,0.79584295
7705,13130,0.50877464
7706,111311,0.00023700127
7707,94672,0.039677676
7708,106323,3.2768607e-05
7709,5219,0.42581627
7710,73804,0.14427938
7711,22814,0.004103815
7712,39963,0.007402212
7713,46003,0.011897027
7714,113681,0.32597795
7715,95842,0.58307195
7716,115023,0.5918634
7717,96402,0.7478843
7718,33689,0.018676624
7719,24861,0.0014159462
7720,52788,0.95399666
7721,65359,0.0012807138
7722,54946,0.004340315
7723,55046,0.8745886
7724,77659,0.00087121705
7725,6558,0.008751997
7726,81327,0.00015481179
7727,75407,0.0034754733
7728,30578,0.0058967625
7729,971,7.817199e-05
7730,26334,0.0060033025
7731,65196,0.0016716174
7732,2519,0.047942977
7733,36492,0.4832058
7734,45527,0.12078799
7735,30599,0.5232106
7736,60059,0.01451028
7737,9752,0.0018368879
7738,78571,0.0060033025
7739,35493,0.0008344364
7740,75301,0.78131825
7741,35839,0.5232106
7742,53428,0.015038574
7743,96219,0.0029114224
7744,53177,0.0007180192
7745,88419,0.00010027348
7746,106717,0.10652142
7747,10852,0.00052048056
7748,71521,0.00067289546
7749,18644,0.005940306
7750,97365,0.009946336
7751,1129,0.79584295
7752,24194,0.0014562495
7753,111469,0.0007541796
7754,56800,0.024206866
7755,46024,0.0011492447
7756,102115,0.7478843
7757,3358,0.08508578
7758,10858,0.005844289
7759,113214,0.0060033025
7760,7849,0.057469666
7761,67177,0.30090106
7762,69305,0.024206866
7763,17301,0.012727734
7764,727,0.021937707
7765,104938,0.75738317
7766,103379,0.5730763
7767,20200,0.4888416
7768,52028,0.0018478032
7769,65929,0.029874334
7770,80490,0.07818704
7771,95788,0.4413185
7772,67116,0.48146573
7773,52676,0.4888416
7774,70804,0.12290087
7775,31625,0.1370344
7776,16819,0.59917617
7777,26248,0.0023717778
7778,36667,0.0069380403
7779,53026,0.006758071
7780,36531,0.69238746
7781,10653,0.012266115
7782,103459,0.52988625
7783,41204,0.59822583
7784,48220,0.13447009
7785,60526,0.638665
7786,53132,0.5628135
7787,4948,0.03200804
7788,30606,0.0028252755
7789,102241,0.000913589
7790,23357,0.80925137
7791,44812,0.5628135
7792,5532,3.4701432e-05
7793,25459,0.00037082558
7794,1497,0.0024934355
7795,59511,0.000121079305
7796,105549,0.006684573
7797,8564,0.0007081321
7798,83802,0.008612103
7799,21358,0.4985085
7800,94028,0.0014752067
7801,114644,0.010121302
7802,104235,0.7349488
7803,10032,0.47754645
7804,25326,6.259817e-05
7805,74744,0.1508694
7806,33994,0.0002112173
7807,44605,0.59938043
7808,6354,0.049826156
7809,34398,0.5232106
7810,69849,0.0005805685
7811,32614,0.00082101923
7812,60269,0.45888868
7813,80349,0.34392092
7814,45460,0.0027327714
7815,109685,0.4123848
7816,103502,0.024206866
7817,17676,0.010449789
7818,85271,0.0020615396
7819,50727,0.003457734
7820,40652,0.38854715
7821,43444,0.2622862
7822,18984,0.5026056
7823,100031,0.02733642
7824,87342,0.37492988
7825,98841,0.079446584
7826,69901,0.16114923
7827,36299,0.00012765506
7828,13840,0.02279648
7829,85952,0.13447009
7830,68676,0.018676624
7831,1594,0.046046227
7832,1707,0.50877464
7833,75372,0.06854477
7834,73704,0.024206866
7835,37882,0.59938043
7836,81471,0.004340315
7837,85691,0.30090106
7838,19665,0.022540424
7839,100871,0.73020315
7840,63528,0.0072625442
7841,90811,0.34392092
7842,108761,0.32676116
7843,49391,0.5232106
7844,77742,0.51769406
7845,29685,0.011897027
7846,48816,0.024206866
7847,96146,0.0020830212
7848,105655,0.009188496
7849,32395,0.01826357
7850,68174,0.01962534
7851,98331,0.106036216
7852,102010,0.0008759859
7853,49514,0.00080634793
7854,35338,0.6641874
7855,77688,0.00030549918
7856,35195,0.00071508926
7857,14153,0.5628135
7858,35170,0.040918738
7859,14923,0.015749399
7860,68428,0.590359
7861,78736,0.0026741808
7862,32954,0.011897027
7863,58357,0.59822583
7864,3487,0.98013306
7865,85789,0.0049902825
7866,9046,0.004898149
7867,48918,0.15288648
7868,63402,0.009927506
7869,75103,0.010210467
7870,51124,0.015038574
7871,86979,0.5232106
7872,30899,0.0003208423
7873,5528,0.6139433
7874,62227,0.011897027
7875,69016,0.018676624
7876,9171,0.00010588123
7877,17561,0.006125173
7878,81544,0.0039072223
7879,108318,0.0008565802
7880,37934,0.0016334793
7881,22287,0.8030171
7882,103303,0.024206866
7883,95745,4.438799e-05
7884,78734,0.7478843
7885,19938,0.0009885154
7886,2192,0.05097301
7887,102353,3.5140583e-05
7888,101594,0.008396457
7889,52288,0.60335207
7890,42380,0.79584295
7891,4684,0.040918738
7892,4690,0.008247896
7893,46968,0.017652763
7894,39313,0.12078799
7895,35341,0.0008344364
7896,42249,0.0008600627
7897,38071,0.0035195565
7898,63335,0.13447009
7899,1448,0.8770808
7900,28555,0.12396051
7901,34707,0.5730763
7902,115754,0.34392092
7903,105691,0.36316264
7904,2672,0.058883075
7905,96568,0.71801543
7906,32097,0.59822583
7907,79412,0.014681552
7908,14108,0.009927506
7909,75002,0.010210467
7910,20384,0.00014401028
7911,27855,0.0013892303
7912,51796,0.5730763
7913,8326,0.015423814
7914,26322,0.12078799
7915,33887,0.0036456923
7916,31139,0.5232106
7917,112084,0.0005152362
7918,8319,0.010516585
7919,29781,0.0008344364
7920,76364,8.9811045e-05
7921,4285,0.0008564611
7922,30510,0.5232106
7923,32009,0.011897027
7924,3853,0.0056358688
7925,95116,0.00074748637
7926,54875,0.4888416
7927,19164,0.8057262
7928,25608,0.19521376
7929,26776,0.00057559315
7930,13963,0.13580467
7931,59152,0.00092742784
7932,101394,0.5824497
7933,78989,0.024206866
7934,2669,0.012299234
7935,17217,0.07818704
7936,21471,0.030121073
7937,114396,0.07818704
7938,77848,0.37963933
7939,2408,0.0058679553
7940,6795,0.33768094
7941,49000,0.006758071
7942,53748,0.0034310385
7943,65521,0.00015711458
7944,57709,0.05599028
7945,39147,0.44951525
7946,83013,0.055746336
7947,87316,0.733664
7948,10358,0.69864136
7949,10062,0.003004343
7950,37164,0.78131825
7951,67149,0.20503531
7952,112050,0.024206866
7953,723,0.59938043
7954,84036,0.41613477
7955,92841,0.007859644
7956,25312,0.00057559315
7957,107793,0.00086536893
7958,82509,0.0078094616
7959,49260,0.12290087
7960,110019,0.56886965
7961,77201,0.7270048
7962,8888,0.0038308783
7963,111669,0.00080915506
7964,36434,0.5026056
7965,8355,0.49502462
7966,91791,0.1508694
7967,10288,0.008247896
7968,71047,0.061298724
7969,22701,0.03664784
7970,69027,0.34392092
7971,110531,0.8636776
7972,50165,0.003116589
7973,45141,0.016388483
7974,76127,0.25912815
7975,107258,0.6843454
7976,13536,0.8513087
7977,27335,0.013891192
7978,61061,0.5232106
7979,101069,0.8819471
7980,86387,0.029874334
7981,14416,0.0069380403
7982,6166,0.008285374
7983,48554,0.018387165
7984,17234,0.0048087235
7985,99054,0.8819471
7986,61160,0.4888416
7987,34994,0.5628135
7988,102960,0.34392092
7989,72168,0.024206866
7990,57764,0.45888868
7991,38787,0.00062758813
7992,103350,0.58307195
7993,65587,0.0002893026
7994,18818,0.014681552
7995,45011,0.5026056
7996,32208,0.0006305294
7997,45101,0.12035916
7998,56215,0.00025684698
7999,21717,0.0074093663
8000,113415,0.36867666
8001,7773,0.0034652818
8002,33252,0.6022919
8003,37744,0.554042
8004,39267,0.00898717
8005,98210,0.00033479845
8006,11417,0.84811413
8007,51525,0.008477488
8008,77195,0.010756634
8009,36077,0.054752417
8010,38932,6.0997678e-05
8011,23579,0.69238746
8012,74310,0.00038469458
8013,35228,0.5232106
8014,87428,0.5730763
8015,20660,0.3089335
8016,13280,0.005712436
8017,50248,0.007402212
8018,79306,0.00040564957
8019,74959,0.7976046
8020,19858,0.59917617
8021,588,0.4985085
8022,2936,0.00015791392
8023,10521,0.7798892
8024,79504,0.000106841
8025,58678,0.2622862
8026,13971,0.5026056
8027,41373,0.015038574
8028,31160,0.15288648
8029,115286,0.0005362623
8030,22928,0.6857675
8031,47551,0.0008344364
8032,88028,0.16114923
8033,43124,2.2427459e-05
8034,91668,0.78131825
8035,26200,0.0008344364
8036,102223,0.033001106
8037,79044,0.78131825
8038,78207,0.000106841
8039,27629,0.00020191813
8040,65970,0.0006106808
8041,108540,0.00031313454
8042,53701,0.0069380403
8043,111295,0.0020102512
8044,105323,0.5628135
8045,10234,0.012266115
8046,21131,0.033028502
8047,27909,0.011897027
8048,114867,0.34661445
8049,61743,0.27559015
8050,78840,0.21623379
8051,46672,0.12078799
8052,41793,0.6857675
8053,38980,0.0008344364
8054,39647,0.12078799
8055,108039,0.75738317
8056,27198,0.0020718006
8057,54877,0.5628135
8058,88998,0.7478843
8059,66621,0.6417211
8060,71128,0.59938043
8061,104888,0.24450037
8062,69348,0.34392092
8063,47496,0.5628135
8064,8130,0.005418914
8065,98257,0.032572266
8066,111023,0.024206866
8067,3230,0.09211248
8068,111657,0.0278131
8069,6819,0.012266115
8070,15311,0.20630145
8071,81445,0.45888868
8072,27311,0.02484052
8073,103387,0.00013886554
8074,38914,0.00016732392
8075,104478,0.46006948
8076,61646,0.12290087
8077,21552,0.009927506
8078,37643,0.0014881245
8079,99773,0.58307195
8080,77735,0.000106841
8081,109103,0.00026831677
8082,55558,0.017654972
8083,94352,0.5232106
8084,76630,0.007859644
8085,68590,0.4888416
8086,69494,0.41613477
8087,96530,0.2622862
8088,91371,0.1508694
8089,20810,0.002137195
8090,9443,0.69864136
8091,58047,0.07818704
8092,6092,0.99171597
8093,19579,0.00037941386
8094,23099,0.21136047
8095,20474,0.015702382
8096,103863,0.6022919
8097,24702,0.027119404
8098,111180,0.00049773743
8099,66324,0.0007451195
8100,109143,0.0028219686
8101,24744,0.12078799
8102,111677,0.58307195
8103,87120,0.96913415
8104,18717,0.0069380403
8105,7916,0.0039436966
8106,51064,0.000913589
8107,33955,0.0049902825
8108,50824,0.5232106
8109,19705,0.4985085
8110,75960,0.024206866
8111,30177,0.029874334
8112,14491,0.36867666
8113,36153,0.5730763
8114,36008,2.2427459e-05
8115,2576,0.0057382775
8116,1515,7.066979e-05
8117,91225,0.00215505
8118,33973,0.015776215
8119,30015,0.007613828
8120,115560,0.009188496
8121,62150,0.27559015
8122,111308,0.0008565802
8123,30339,0.6022919
8124,86688,0.004340315
8125,107773,0.60899097
8126,30749,0.0008344364
8127,39474,0.80925137
8128,39748,3.5247947e-05
8129,6173,0.4835136
8130,9220,0.0069171013
8131,13247,0.15320407
8132,6237,0.0014776292
8133,23188,0.21136047
8134,63490,0.13447009
8135,105887,0.5350702
8136,63009,0.011897027
8137,40399,0.00096970994
8138,714,0.61716485
8139,85255,0.00030138373
8140,63591,0.37492988
8141,40220,0.015973859
8142,21858,0.00025586662
8143,86825,0.043436952
8144,78586,0.008612103
8145,62020,0.590359
8146,83125,0.63034135
8147,12281,0.42581627
8148,38805,0.12078799
8149,36117,0.0009778216
8150,26144,0.36867666
8151,78300,0.7976046
8152,56085,0.78131825
8153,67495,0.003766106
8154,30284,0.12035916
8155,108095,0.0004202656
8156,24149,0.31145355
8157,30588,0.16181132
8158,11206,0.010516585
8159,26859,0.0053013265
8160,105363,0.13447009
8161,4312,0.0018398463
8162,2091,0.018259957
8163,40687,0.004704783
8164,19747,0.00042372072
8165,30024,0.5232106
8166,48585,0.0069380403
8167,89991,0.029874334
8168,98444,0.0003634733
8169,24310,0.5628135
8170,63631,0.00011366429
8171,94173,0.071540065
8172,111063,0.00011393058
8173,94679,0.56749433
8174,102841,0.024206866
8175,105051,0.58307195
8176,63997,0.79584295
8177,4927,0.008247896
8178,35407,0.007402212
8179,44188,7.606192e-05
8180,21799,4.422684e-05
8181,65923,0.012725955
8182,25316,4.4017004e-05
8183,58284,0.0010096605
8184,92766,0.19346014
8185,4416,0.6569232
8186,91536,0.0022304899
8187,72056,0.5232106
8188,110629,0.5918634
8189,41468,0.1331502
8190,64291,8.337741e-05
8191,61851,0.0015201581
8192,79882,0.00062017015
8193,23917,0.59938043
8194,50569,0.0069380403
8195,24053,0.69238746
8196,57292,0.002085475
8197,64346,0.00872611
8198,58900,0.00017805709
8199,55565,0.42772782
8200,109632,0.003461635
8201,113792,0.79734695
8202,111351,0.24450037
8203,59856,0.07818704
8204,26009,0.0010147803
8205,54123,0.0010241107
8206,84866,6.1199746e-05
8207,63854,0.12035916
8208,108052,0.07818704
8209,40134,0.00082101923
8210,56437,0.23309723
8211,43861,0.5628135
8212,48215,0.0069380403
8213,12477,0.00036032373
8214,103205,0.03414784
8215,19394,0.2170439
8216,29049,0.554042
8217,3659,0.008566236
8218,15463,0.054573994
8219,64710,0.18376456
8220,63334,0.0005603581
8221,43964,0.12078799
8222,84681,0.6857675
8223,17670,0.0018207983
8224,112439,0.013726516
8225,34235,0.00034314522
8226,66789,0.4888416
8227,98502,0.032572266
8228,45697,0.00481278
8229,64385,0.12035916
8230,95776,0.000309116
8231,27609,0.00046380193
8232,60728,0.4888416
8233,28605,0.0010396191
8234,103301,0.06562725
8235,75495,0.006835955
8236,114795,0.00010311834
8237,10940,0.007937059
8238,70198,0.18636172
8239,102005,0.004340315
8240,89069,0.024206866
8241,45637,0.040636003
8242,3727,0.4835136
8243,39678,0.005049727
8244,28593,0.0008294133
8245,113194,0.027222492
8246,61421,0.13447009
8247,87985,0.0050769723
8248,113776,0.0017417106
8249,53030,0.004346945
8250,34510,0.0008344364
8251,43311,0.0069380403
8252,100032,0.53350335
8253,115353,0.014681552
8254,49554,0.4888416
8255,101578,0.0010066493
8256,115673,8.527296e-05
8257,19420,0.66882885
8258,91208,0.30090106
8259,11274,0.0062386924
8260,19931,0.007402212
8261,44819,0.0008565802
8262,108099,0.007053869
8263,52587,0.0026226393
8264,32253,0.5232106
8265,88856,0.009421197
8266,69292,0.4888416
8267,70594,0.024206866
8268,30121,0.5730763
8269,2024,0.21860906
8270,81849,0.5628135
8271,31616,0.00025509155
8272,65942,0.12035916
8273,98376,0.8819471
8274,49774,0.47754645
8275,113364,0.8301858
8276,71637,0.4888416
8277,35152,0.003577111
8278,780,0.000680188
8279,82285,0.37492988
8280,64009,0.12035916
8281,13234,0.0008344364
8282,103375,0.005799991
8283,105570,0.07818704
8284,1374,0.033714566
8285,113645,0.36867666
8286,82717,0.02484052
8287,87656,0.47754645
8288,68432,0.0068548415
8289,66373,0.20503531
8290,16116,0.009927506
8291,99688,0.001250908
8292,3289,0.040918738
8293,82000,0.0005260863
8294,57971,0.0011814957
8295,97734,0.015588088
8296,40962,0.5628135
8297,54827,0.4888416
8298,22352,0.007402212
8299,48541,0.01008811
8300,6425,0.034867942
8301,97576,0.07004065
8302,49093,0.5730763
8303,96309,0.00010763267
8304,106535,0.60899097
8305,33369,0.0026908694
8306,53163,0.0052371025
8307,65238,0.07721228
8308,32035,0.029874334
8309,112175,0.032572266
8310,104544,0.6843454
8311,72876,0.007859644
8312,9763,0.87683624
8313,633,0.009587363
8314,11557,0.008566236
8315,93376,0.0012552734
8316,29174,0.5232106
8317,59972,0.79584295
8318,86484,0.2622862
8319,4589,0.44851086
8320,13590,1.7455619e-05
8321,81371,0.5730763
8322,487,0.006221635
8323,346,0.37963933
8324,18973,0.07818704
8325,58953,0.99725085
8326,44985,0.59822583
8327,74021,0.011509343
8328,73292,0.6139433
8329,13584,0.008285374
8330,95524,0.0008364796
8331,41635,0.4888416
8332,10710,0.01599841
8333,32019,0.12290087
8334,29526,0.002847351
8335,86765,0.024206866
8336,83403,0.2181275
8337,73148,0.022202088
8338,62341,0.3089335
8339,49615,0.019721959
8340,78490,0.0013300938
8341,34332,0.5232106
8342,19790,0.033028502
8343,105853,0.53675616
8344,83006,0.00014812956
8345,77159,0.0069380403
8346,21441,0.66882885
8347,23977,0.025349155
8348,83733,0.12035916
8349,3694,0.034346074
8350,23173,0.012132102
8351,24879,0.0014080327
8352,93452,0.34054893
8353,31208,0.0003581731
8354,35302,0.03664784
8355,76014,0.4888416
8356,65386,0.029874334
8357,40794,0.9667645
8358,103700,0.0018410832
8359,8854,0.013822098
8360,111025,5.767832e-05
8361,60140,0.5232106
8362,34761,0.0069380403
8363,113405,0.47754645
8364,66290,0.00037149663
8365,94827,0.81378096
8366,70854,0.34392092
8367,35280,0.5232106
8368,65267,0.000686558
8369,32485,0.0057918495
8370,45451,0.60335207
8371,46836,0.12035916
8372,83997,0.00903229
8373,108092,0.4201848
8374,36603,0.5232106
8375,74991,0.006268183
8376,58745,0.07818704
8377,93681,0.024206866
8378,21058,0.13447009
8379,20759,0.5611369
8380,94422,0.00050520775
8381,17915,0.003116589
8382,114784,0.11597714
8383,9582,0.02887322
8384,80846,0.0120466435
8385,62450,0.0061633433
8386,107768,0.32676116
8387,47533,0.00056804536
8388,67838,0.5628135
8389,59649,0.77230483
8390,29573,0.002405202
8391,79260,0.027902244
8392,14844,0.011616147
8393,74445,0.12035916
8394,2839,0.71340895
8395,92259,0.34392092
8396,92781,7.2242976e-05
8397,1095,0.008247896
8398,26947,0.011897027
8399,93415,0.590359
8400,92479,0.4201848
8401,38520,0.47754645
8402,68130,0.039668683
8403,9416,0.00052048056
8404,49188,0.024154125
8405,36519,0.12290087
8406,71533,0.27559015
8407,86040,0.3089335
8408,99744,0.0052614813
8409,64482,0.0068769027
8410,21325,0.57899714
8411,47827,0.13447009
8412,3780,0.08297493
8413,87802,0.7478843
8414,22202,0.59938043
8415,2074,0.031465236
8416,71951,0.0011227193
8417,80629,0.733664
8418,41081,0.010104743
8419,38361,0.057437453
8420,99633,0.13447009
8421,63954,0.0072625442
8422,113551,0.00030170483
8423,73941,0.00027386393
8424,17642,0.8030171
8425,54213,0.007401518
8426,18768,0.4985085
8427,15437,0.0016554483
8428,43537,0.0060891556
8429,78964,0.016911069
8430,115455,0.00415249
8431,42366,0.0033713405
8432,76443,0.0078094616
8433,98452,0.6843454
8434,34328,0.15288648
8435,83183,0.014400821
8436,84072,0.3089335
8437,104443,0.37862125
8438,93351,0.58307195
8439,81868,0.00015318758
8440,44126,0.0018692244
8441,15836,8.483741e-05
8442,76497,0.0006209343
8443,8231,0.00103892
8444,44166,0.011897027
8445,85105,0.0011175552
8446,44532,0.19521376
8447,73221,0.27559015
8448,64534,0.055746336
8449,54266,0.5232106
8450,8862,0.8588091
8451,66833,0.7478843
8452,113511,5.1255985e-05
8453,35770,0.4888416
8454,38897,0.31145355
8455,109974,0.6843454
8456,85086,0.7270048
8457,41125,0.0014913703
8458,27233,0.00082101923
8459,17415,0.45888868
8460,29978,0.5232106
8461,86398,0.4888416
8462,9935,0.031754304
8463,43342,0.004261457
8464,112397,0.27382705
8465,99244,0.44951525
8466,61486,0.4888416
8467,51598,0.4888416
8468,60907,0.27559015
8469,5194,0.0005106209
8470,79267,0.013006808
8471,76052,0.13447009
8472,14501,0.0011072916
8473,100838,3.2711592e-05
8474,92993,0.7478843
8475,7007,0.001114547
8476,26536,0.004533454
8477,94131,0.000106841
8478,84753,0.0041804966
8479,87965,0.011778448
8480,58818,0.0046149883
8481,42161,0.0008565802
8482,34875,0.0008344364
8483,34216,0.5730763
8484,29551,0.12035916
8485,114954,0.007859644
8486,35473,0.024154125
8487,5824,0.87683624
8488,62521,0.733664
8489,34102,0.00074352534
8490,7400,0.69864136
8491,3700,0.018259957
8492,58337,0.78131825
8493,111624,0.0022208928
8494,109488,0.068759404
8495,83301,0.0029114224
8496,42652,0.007402212
8497,80397,0.004627695
8498,37772,0.00481278
8499,83157,0.61716485
8500,20798,0.0002826551
8501,12276,0.8745886
8502,38719,0.00057559315
8503,108320,0.75738317
8504,114431,0.71801543
8505,36586,0.6857675
8506,46490,0.0008344364
8507,37358,0.31145355
8508,47627,0.31145355
8509,36246,0.4888416
8510,57194,0.6477684
8511,65508,0.12035916
8512,93424,0.014570038
8513,87671,0.00079126155
8514,48347,0.0069380403
8515,63908,3.087902e-05
8516,65917,0.00030549918
8517,109653,0.37862125
8518,82616,0.011103688
8519,39035,0.00013675336
8520,111957,0.5730763
8521,83010,0.0020369843
8522,82401,0.13447009
8523,84145,0.45253184
8524,61369,0.016235711
8525,33028,0.008285374
8526,5115,0.03200804
8527,77675,0.020492675
8528,41747,0.016388483
8529,33002,0.016867047
8530,102095,0.0029114224
8531,56225,0.6857675
8532,32577,0.016867047
8533,79319,0.007859644
8534,85799,0.71321934
8535,25539,0.0010066493
8536,79682,0.7478843
8537,76546,0.0022208928
8538,23324,0.0008034793
8539,44717,0.0041407975
8540,15749,0.009927506
8541,44366,9.6608324e-05
8542,40177,0.00028159664
8543,99775,0.24450037
8544,41258,0.007402212
8545,71286,0.5628135
8546,52385,0.8356625
8547,5208,0.010516585
8548,86503,0.009946336
8549,9461,0.008247896
8550,45584,0.000913589
8551,8900,0.7307767
8552,72911,0.8044119
8553,28472,0.005786004
8554,78022,0.18376456
8555,67643,0.018387165
8556,74615,0.0005260863
8557,107000,0.0040108035
8558,14292,0.020388953
8559,9750,0.26776734
8560,94183,0.528339
8561,15883,0.008285374
8562,53319,0.23309723
8563,86089,0.00019045237
8564,8245,0.010516585
8565,41502,0.23309723
8566,45940,0.00062017015
8567,59890,0.00525633
8568,10109,0.0048087235
8569,65770,0.012725955
8570,8571,0.011746759
8571,12402,0.0001833818
8572,15405,0.59938043
8573,19951,0.0016554483
8574,81273,0.18376456
8575,57827,0.7478843
8576,24152,0.0278131
8577,77165,0.5232106
8578,84915,0.000913589
8579,80109,0.0027332613
8580,55218,0.00015711458
8581,97616,0.20503531
8582,87327,0.002299432
8583,93996,0.10454007
8584,15673,0.002847351
8585,47508,0.03664784
8586,105934,0.004391144
8587,19743,0.13447009
8588,11044,0.68390995
8589,24775,0.02084303
8590,72091,0.28686333
8591,44792,0.010198945
8592,2515,0.01599841
8593,16861,0.0028369885
8594,30259,0.79175997
8595,8749,0.4568756
8596,73778,0.34392092
8597,59191,0.5232106
8598,64803,0.006407254
8599,52454,0.00012166828
8600,61912,0.004948695
8601,97605,0.53350335
8602,43399,0.21136047
8603,72639,0.0069380403
8604,105209,0.024206866
8605,5224,0.003444817
8606,49598,0.0008344364
8607,49695,0.12290087
8608,103370,0.009291503
8609,74075,0.7478843
8610,25229,0.0006187803
8611,18016,0.027119404
8612,56684,0.018096644
8613,21193,0.0002098865
8614,27528,0.12290087
8615,33081,0.00034813795
8616,84520,0.3089335
8617,24185,0.015979841
8618,22844,0.010210467
8619,90887,0.056111116
8620,115129,0.028418195
8621,80847,0.34661445
8622,46859,9.104656e-05
8623,80104,0.018163886
8624,112395,0.3514602
8625,10808,0.017004477
8626,26078,0.03599013
8627,55583,0.00013553836
8628,58130,0.16114923
8629,75567,0.0012794927
8630,100505,0.032572266
8631,33500,0.4832058
8632,17348,0.013006808
8633,26836,0.000776633
8634,101336,0.7678493
8635,62962,0.0048293485
8636,3398,0.01599841
8637,55232,9.631838e-05
8638,29825,0.0011072916
8639,113697,0.013659366
8640,52173,0.0028748931
8641,57116,0.007401518
8642,20668,0.554042
8643,7887,0.7307767
8644,14184,0.66577196
8645,74852,0.0006239007
8646,44805,0.0060033025
8647,103810,0.018743023
8648,50466,0.7270048
8649,110885,0.14427938
8650,35973,0.3089335
8651,38528,0.007402212
8652,55967,0.78131825
8653,36841,0.88018847
8654,109398,0.024206866
8655,41384,0.0011072916
8656,86594,0.87755346
8657,15585,0.009927506
8658,67504,0.008612103
8659,36844,0.0010147803
8660,47809,0.00070814055
8661,99328,0.53350335
8662,8033,0.01599841
8663,92421,0.71801543
8664,44873,0.0061633433
8665,113152,0.75738317
8666,46642,0.6857675
8667,39554,0.0008344364
8668,4504,0.008247896
8669,25413,0.12078799
8670,45786,0.12290087
8671,55342,0.15288648
8672,1659,0.46064824
8673,2005,0.010516585
8674,64258,0.2181275
8675,42748,0.31145355
8676,50124,0.5232106
8677,54039,0.5026056
8678,15292,0.003155887
8679,25473,0.015038574
8680,65829,0.025089461
8681,114743,0.37492988
8682,66308,0.056916043
8683,100438,0.58307195
8684,102483,0.8819471
8685,78158,0.00033375857
8686,98338,0.12035916
8687,3763,0.004000892
8688,31056,0.59938043
8689,9296,0.0056865136
8690,111678,0.045907956
8691,79078,0.88018847
8692,114273,0.0044550723
8693,3034,0.007401518
8694,88584,0.0011444319
8695,111699,0.0801381
8696,81543,0.0002943436
8697,111328,3.654713e-05
8698,69916,0.017152961
8699,104401,0.46006948
8700,28500,0.0985773
8701,114566,0.5232106
8702,108767,0.03804058
8703,25360,0.03599013
8704,27634,0.37963933
8705,110343,0.54713255
8706,54682,1.8110672e-05
8707,44450,0.00036285789
8708,62529,0.011897027
8709,42254,0.03664784
8710,77533,0.037894495
8711,47625,0.008285374
8712,79920,0.014983693
8713,36328,0.040918738
8714,87964,0.5628135
8715,87735,0.71801543
8716,17875,0.00039873956
8717,56637,0.0069380403
8718,64513,0.2622862
8719,8005,0.002286526
8720,13860,0.8745886
8721,63652,0.0072625442
8722,27176,0.011897027
8723,38677,0.02084303
8724,34048,0.0013228455
8725,15847,0.00080634793
8726,18048,0.66882885
8727,17939,0.00044826712
8728,98496,0.029150972
8729,111102,0.007859644
8730,5876,0.59703815
8731,2324,0.034346074
8732,53837,0.12290087
8733,106006,0.20503531
8734,114992,0.00021377215
8735,66550,0.0060033025
8736,51975,0.0020718006
8737,79985,0.004340315
8738,4112,0.03562388
8739,9157,0.9685034
8740,71301,0.024206866
8741,32872,0.011897027
8742,47918,0.004340315
8743,69884,0.34392092
8744,89984,0.34392092
8745,69886,0.5346374
8746,57668,0.5232106
8747,84831,0.45888868
8748,95485,0.056111116
8749,97596,0.059144076
8750,11932,0.008123813
8751,28514,0.0008053404
8752,102975,0.0006385582
8753,43089,0.2622862
8754,3947,0.7307767
8755,22157,0.00028159664
8756,85321,0.004948695
8757,13696,0.7704209
8758,41731,0.79584295
8759,88676,0.01561095
8760,49155,0.002019432
8761,46846,0.007402212
8762,96398,0.0069380403
8763,39472,0.0008344364
8764,89163,0.4201848
8765,14133,0.04985191
8766,19236,0.66882885
8767,91330,0.30090106
8768,83656,0.7373063
8769,4606,0.46663678
8770,114535,0.010210467
8771,74317,0.0278131
8772,16239,0.77334636
8773,79743,0.006954585
8774,75194,0.0005260863
8775,18122,0.010077535
8776,63766,0.0008319439
8777,49760,0.4888416
8778,104039,0.8301858
8779,31057,0.6857675
8780,60264,0.15288648
8781,72836,0.4832058
8782,108717,0.060229108
8783,37225,0.0010038151
8784,54262,0.5232106
8785,66041,0.20503531
8786,33195,0.1508694
8787,24417,0.31145355
8788,12549,0.000111923626
8789,79742,0.004340315
8790,20397,0.4985085
8791,95433,0.7678493
8792,99237,0.018114625
8793,35478,0.009818205
8794,28524,0.19521376
8795,52035,0.5232106
8796,1207,0.00052048056
8797,57032,0.0060033025
8798,87747,0.87863064
8799,42747,0.98010695
8800,56959,0.0046897037
8801,90754,0.16114923
8802,22580,0.96913415
8803,76124,0.12035916
8804,26864,0.00030549918
8805,2256,0.008972212
8806,48902,0.05599028
8807,53790,0.0018594239
8808,100335,0.24450037
8809,84158,0.0052958755
8810,47821,0.0004745771
8811,40255,0.44748464
8812,79896,0.010756634
8813,77443,0.0011895258
8814,76792,0.010756634
8815,13602,0.023759691
8816,89108,0.56749433
8817,112410,0.71340895
8818,8301,0.0034652818
8819,99816,0.2622862
8820,59161,0.7478843
8821,113082,0.00015011842
8822,33512,0.12290087
8823,43517,0.0008344364
8824,32739,0.5730763
8825,5970,0.7841161
8826,53925,0.5232106
8827,23479,0.0032348514
8828,2361,0.80572975
8829,21140,0.009462972
8830,45593,0.023175027
8831,106542,0.60899097
8832,49244,0.029618468
8833,101306,0.2181275
8834,75717,0.004340315
8835,12967,0.015702382
8836,35671,0.5232106
8837,95487,0.024206866
8838,103023,0.014996818
8839,76594,0.4201848
8840,27874,0.0033811661
8841,67049,0.035468392
8842,34976,0.0008344364
8843,29712,0.0035048204
8844,50480,0.5232106
8845,104140,0.2622862
8846,108505,0.00011819073
8847,27313,0.5730763
8848,48980,0.0069380403
8849,26774,0.68328345
8850,86882,0.63034135
8851,74960,0.4201848
8852,28871,0.12290087
8853,22158,0.009079819
8854,10925,0.69796836
8855,45367,0.0010054896
8856,87882,0.87863064
8857,38016,0.0070359865
8858,38817,0.0014913703
8859,92531,0.0019026742
8860,62269,0.06575073
8861,11160,0.019972613
8862,49732,0.023663448
8863,5530,0.0004291706
8864,83146,0.13447009
8865,42119,0.0069380403
8866,25588,0.79584295
8867,26048,0.12078799
8868,14644,0.7704209
8869,36013,0.12756199
8870,77496,0.7976046
8871,66642,0.05335345
8872,34520,0.01244814
8873,93425,0.7478843
8874,56601,0.031164318
8875,57492,0.024206866
8876,15004,0.028269496
8877,81083,0.5628135
8878,106118,0.0011287933
8879,98771,0.0053728563
8880,113074,0.03804058
8881,37739,0.0039513833
8882,70712,0.024206866
8883,92571,0.21136047
8884,20451,0.6857675
8885,39782,0.0018235607
8886,1725,0.00872611
8887,27495,0.8745886
8888,75115,0.78131825
8889,37264,0.0012538969
8890,24098,0.59938043
8891,13743,0.012145294
8892,51459,0.00011287388
8893,60099,0.80727136
8894,110077,0.24450037
8895,23883,0.8044119
8896,103557,0.58307195
8897,18970,0.015988413
8898,63308,0.0028299503
8899,8400,0.84811413
8900,52089,0.66443765
8901,87393,0.0011214612
8902,36636,2.1380869e-05
8903,7191,0.0018368879
8904,85793,0.024206866
8905,50070,0.5232106
8906,92437,0.53350335
8907,66837,0.0023717778
8908,71179,0.031164318
8909,52179,0.15288648
8910,89826,0.7478843
8911,47349,0.40678856
8912,88250,0.008156596
8913,88254,0.009946336
8914,33261,0.5730763
8915,114209,0.014660342
8916,87739,0.7976046
8917,61467,0.002085475
8918,4341,0.097182274
8919,89011,0.60409665
8920,11539,0.006792939
8921,89054,0.3089335
8922,20813,0.0018721197
8923,40540,0.41613477
8924,13450,0.87683624
8925,48537,0.13447009
8926,20921,0.0013821219
8927,194,0.03200804
8928,30294,0.024518486
8929,102086,0.027119404
8930,85383,0.008919352
8931,2093,0.506679
8932,67918,0.12290087
8933,92883,0.04360758
8934,87579,0.7478843
8935,101038,0.00033479845
8936,54671,0.42581627
8937,111321,0.0045834593
8938,76542,0.0026128625
8939,55628,3.077956e-05
8940,74210,0.0010047436
8941,77798,0.21623379
8942,56399,0.006396392
8943,33200,0.012632351
8944,45820,6.3377156e-05
8945,90358,0.733664
8946,3449,0.5730763
8947,39849,0.8044119
8948,85803,0.34392092
8949,22268,0.20503531
8950,101115,0.0005153126
8951,79054,0.006396392
8952,45847,0.20948003
8953,4259,0.01599841
8954,75867,0.0036399518
8955,54680,0.024206866
8956,18077,4.6533558e-05
8957,25623,0.010137472
8958,105244,0.87978876
8959,83234,0.54713255
8960,107141,0.029618468
8961,99010,0.012206747
8962,39025,0.12078799
8963,106629,0.30090106
8964,68945,0.59938043
8965,104238,0.032657478
8966,65596,0.012725955
8967,43077,0.8636776
8968,12282,0.20503531
8969,104410,0.75738317
8970,57229,0.0023717778
8971,28484,0.00022796135
8972,32124,0.6569232
8973,104016,0.0114423055
8974,43866,0.00069838745
8975,33819,0.00029158403
8976,64523,0.01451028
8977,43929,0.0075086835
8978,51178,0.0008344364
8979,48787,0.010099898
8980,37840,0.0020718006
8981,62553,0.029874334
8982,27808,0.0008565802
8983,79499,0.79734695
8984,110463,0.004438234
8985,57894,0.12290087
8986,95748,0.00055037654
8987,4955,0.010516585
8988,28148,0.00013327925
8989,32203,0.051179893
8990,10281,0.07934818
8991,104995,0.000106841
8992,111017,0.0801381
8993,51157,0.7704209
8994,4448,0.01004394
8995,53704,0.766975
8996,29281,0.4888416
8997,45555,0.59822583
8998,86317,0.34392092
8999,98341,0.03207134
9000,42106,0.59822583
9001,64708,0.002529951
9002,63488,0.0060033025
9003,55728,0.5730763
9004,84587,0.5628135
9005,40544,0.59938043
9006,36206,0.5232106
9007,110300,0.024206866
9008,30816,0.0008344364
9009,40841,0.00082101923
9010,108104,0.024206866
9011,40214,0.12078799
9012,7244,0.028720004
9013,52158,0.5730763
9014,109760,0.014490051
9015,37115,0.0078094616
9016,71785,0.7478843
9017,51034,0.024540639
9018,54449,0.5730763
9019,72952,0.0015552664
9020,61312,0.4888416
9021,68343,0.0029114224
9022,15006,0.028269496
9023,85151,0.0048293485
9024,62052,0.024206866
9025,55588,0.0061633433
9026,22080,0.12078799
9027,34080,0.5232106
9028,14810,0.45888868
9029,18177,0.4888416
9030,102461,0.003943129
9031,114300,0.01426431
9032,17913,0.004326417
9033,84009,0.015608735
9034,69,0.16062759
9035,32365,0.027119404
9036,56429,0.7478843
9037,8882,8.854762e-05
9038,60469,0.3089335
9039,45264,0.59938043
9040,48529,0.34392092
9041,107638,0.19652489
9042,50474,0.5232106
9043,56528,0.5730763
9044,64498,0.012132102
9045,77465,0.008321805
9046,7068,0.013822098
9047,28264,0.001964006
9048,67500,0.30090106
9049,83882,0.8698058
9050,74304,0.0078094616
9051,44028,0.0208884
9052,66748,0.34054893
9053,99587,0.58307195
9054,106828,0.46006948
9055,106123,0.18376456
9056,26207,0.12290087
9057,16039,0.0032838662
9058,76916,0.25912815
9059,74818,0.07818704
9060,108820,0.03891551
9061,77277,0.2622862
9062,107471,0.00036934132
9063,81290,0.0012984526
9064,52321,0.2170439
9065,75505,0.024206866
9066,28710,0.5232106
9067,103844,0.75738317
9068,71246,0.13447009
9069,37497,0.8691696
9070,53893,0.0029082804
9071,58664,0.5232106
9072,43066,0.02084303
9073,89691,0.590359
9074,35743,0.002419896
9075,62745,0.12035916
9076,16006,0.03664784
9077,5293,0.4835136
9078,77882,0.16114923
9079,13639,0.0007746052
9080,63569,0.12035916
9081,95435,0.029874334
9082,40919,0.00096970994
9083,2513,0.0048087235
9084,113321,0.0011347384
9085,47277,0.8057262
9086,49160,0.6857675
9087,27891,0.009808071
9088,96303,6.683516e-05
9089,107182,0.010477487
9090,30519,0.3089335
9091,44743,0.00023991572
9092,80640,0.13447009
9093,107173,0.7270048
9094,17703,0.4985085
9095,20797,0.03664784
9096,44919,0.00079126155
9097,35921,0.12290087
9098,61512,0.0046992064
9099,66787,7.0492104e-05
9100,68285,0.733664
9101,9113,0.7841161
9102,111588,0.024501417
9103,42561,0.81378096
9104,109435,6.9686845e-05
9105,42311,0.0014725428
9106,106960,0.5918634
9107,48886,0.4888416
9108,89656,0.13447009
9109,63236,0.12035916
9110,51317,0.004019146
9111,9565,0.0008377331
9112,61277,0.13447009
9113,114648,0.07818704
9114,86370,0.00030549918
9115,105542,0.53675616
9116,14107,0.4985085
9117,83319,0.09990603
9118,87869,0.590359
9119,82094,0.014400821
9120,34531,0.4888416
9121,68066,0.0069380403
9122,38352,0.003116589
9123,10960,0.9709329
9124,56683,0.008135748
9125,109267,0.0012735061
9126,33359,0.5730763
9127,16923,0.23309723
9128,48460,0.4888416
9129,69237,0.59938043
9130,57873,0.3089335
9131,40956,0.3089335
9132,2544,0.034346074
9133,29428,0.00035695377
9134,66390,0.34661445
9135,61858,0.024206866
9136,105346,0.0311136
9137,10509,0.0050332136
9138,111620,0.24450037
9139,1433,0.008042586
9140,37138,0.37492988
9141,84052,0.0012984526
9142,27509,0.3089335
9143,93835,0.010569337
9144,25161,0.36316264
9145,18865,0.06646179
9146,80780,0.82937336
9147,10278,0.021937707
9148,49924,0.5730763
9149,92980,0.5824497
9150,89313,0.0023249404
9151,98001,0.2622862
9152,39355,0.0020718006
9153,15621,0.74854356
9154,33837,0.0060033025
9155,11271,0.0006305294
9156,31483,0.0065213284
9157,76098,0.7976046
9158,94883,0.5232106
9159,63589,0.0060033025
9160,40000,0.12078799
9161,102035,0.9859816
9162,92280,0.68328345
9163,70921,0.20503531
9164,110840,0.024206866
9165,92502,0.32597795
9166,32393,0.03986257
9167,19978,0.015702382
9168,75428,0.07818704
9169,48303,0.008230086
9170,42581,0.0006127339
9171,1419,0.0069819386
9172,51660,0.8745886
9173,87401,0.4888416
9174,19735,0.0009709228
9175,77033,0.05907342
9176,91221,0.41613477
9177,71705,0.16114923
9178,53074,0.0034644553
9179,81491,0.008772003
9180,100034,0.34392092
9181,32932,0.021318072
9182,2464,0.0005106209
9183,25453,0.00021411075
9184,43012,0.0078094616
9185,41570,0.010210467
9186,27819,0.033028502
9187,79710,0.0005260863
9188,16925,0.04985191
9189,88854,0.5628135
9190,60486,0.59938043
9191,69022,0.00029962833
9192,40690,0.019369384
9193,98143,0.1775413
9194,109289,0.0011395318
9195,69210,0.7478843
9196,68376,0.019369384
9197,107665,0.027982187
9198,539,0.0051826052
9199,82338,0.0060033025
9200,6258,0.008247896
9201,83205,0.001055821
9202,70625,0.4888416
9203,74458,0.809392
9204,81756,0.71321934
9205,9207,0.005199846
9206,285,0.124850154
9207,48077,0.0005260863
9208,74158,0.0024955976
9209,109383,0.014457734
9210,43639,0.00096549874
9211,78942,0.47754645
9212,99486,0.56749433
9213,93475,0.017654972
9214,115400,0.01579575
9215,85416,0.57440144
9216,17226,0.00020793008
9217,8601,0.024927352
9218,72024,0.00013775351
9219,24213,0.024518486
9220,53063,0.12290087
9221,34752,0.00029911232
9222,32789,0.040636003
9223,43591,0.0023519807
9224,56532,0.16062759
9225,73553,0.78131825
9226,39134,0.007402212
9227,65893,0.0007989842
9228,57187,0.032182768
9229,101898,0.0007443495
9230,83851,0.024206866
9231,32367,0.6022919
9232,74803,0.0005260863
9233,93986,0.5628135
9234,109834,0.0134694865
9235,12401,0.008285374
9236,103147,0.77334636
9237,99669,0.13447009
9238,54001,0.024206866
9239,15839,0.82937336
9240,85258,0.30090106
9241,11516,0.8731015
9242,26134,0.12078799
9243,14098,0.12035916
9244,15651,0.0041407975
9245,105963,0.0049849157
9246,27395,0.78131825
9247,36632,0.0008344364
9248,81285,0.0003202482
9249,71591,0.34392092
9250,87918,0.00215505
9251,70644,0.4888416
9252,115606,0.0060033025
9253,48785,0.4832058
9254,100227,0.557548
9255,78440,0.1508694
9256,34123,0.072123565
9257,32211,0.0075904983
9258,24255,0.01962534
9259,9860,0.7307767
9260,22930,0.0008344364
9261,67581,0.59938043
9262,109798,0.11107583
9263,113382,0.00922836
9264,106453,0.0032065562
9265,106820,0.0010283838
9266,83369,0.021318072
9267,45912,0.80925137
9268,39309,0.5628135
9269,101271,0.00857521
9270,39363,0.033028502
9271,73564,0.13447009
9272,57670,0.20503531
9273,9073,0.3089335
9274,60694,0.024206866
9275,18431,0.011616147
9276,18375,0.00016670888
9277,97634,0.13447009
9278,70485,0.000106841
9279,16065,0.26997432
9280,73451,0.34392092
9281,61653,0.0006517022
9282,79256,0.053475935
9283,79346,0.0016069273
9284,41611,0.19521376
9285,59802,0.15288648
9286,27949,0.10027761
9287,23725,0.0077516995
9288,27104,0.5232106
9289,53101,0.0069380403
9290,95084,0.45888868
9291,99619,0.041965593
9292,55132,0.0062247603
9293,110326,0.009274745
9294,41978,8.123212e-05
9295,10215,0.59703815
9296,55514,0.07818704
9297,107441,0.19652489
9298,4831,0.047942977
9299,18677,0.047197085
9300,16136,0.073696695
9301,10809,0.002360743
9302,97790,0.0069380403
9303,73416,0.0035422475
9304,99061,0.0026392532
9305,99764,0.58307195
9306,113416,0.0076768226
9307,71773,0.34392092
9308,31932,0.0023733126
9309,64686,0.18376456
9310,24518,0.6857675
9311,109713,0.02484052
9312,8761,0.0039436966
9313,79480,0.010210467
9314,114363,0.024206866
9315,37774,0.15288648
9316,84428,0.005104168
9317,82923,0.733664
9318,68122,0.0046671093
9319,89211,0.8745886
9320,85545,0.5026056
9321,98673,0.001209593
9322,80698,0.3089335
9323,14456,0.00037650848
9324,95789,0.59938043
9325,32588,0.0008344364
9326,37705,0.006544561
9327,57332,7.1788556e-05
9328,53590,0.00016402992
9329,24633,0.029724868
9330,27029,0.009818205
9331,79791,0.5232106
9332,7666,0.0077516995
9333,68958,0.024206866
9334,100954,0.006418149
9335,111876,0.5918634
9336,31778,0.00034314522
9337,30058,0.12290087
9338,681,0.0075326078
9339,14051,0.033028502
9340,99683,0.024206866
9341,66901,0.001163373
9342,40552,0.00013132663
9343,65750,0.01451028
9344,80945,0.010210467
9345,104504,0.37963933
9346,99079,0.24450037
9347,53814,0.024206866
9348,95607,0.7349488
9349,108175,3.2171865e-05
9350,90661,0.63034135
9351,79563,0.011778448
9352,91108,0.00088112283
9353,56262,0.733664
9354,52759,0.5232106
9355,59969,0.81378096
9356,95754,0.2916034
9357,39599,0.00018356864
9358,39249,0.0010991456
9359,51820,0.8044119
9360,11145,0.947118
9361,65157,0.029874334
9362,40891,0.37492988
9363,114719,0.35455248
9364,3368,0.0057382775
9365,24663,0.0070359865
9366,97461,0.34392092
9367,79667,0.6843454
9368,22192,0.011696002
9369,33601,0.04344542
9370,13653,0.0012433466
9371,393,0.07615443
9372,4094,0.69796836
9373,88420,0.7478843
9374,30400,0.5232106
9375,92380,0.5574541
9376,108966,0.83154786
9377,113371,0.06562725
9378,100721,0.24450037
9379,40037,0.2170439
9380,16637,0.00018353538
9381,115372,0.87863064
9382,113840,0.78131825
9383,51162,0.25912815
9384,25052,0.5628135
9385,99978,0.19652489
9386,95136,0.0005628598
9387,92249,0.4201848
9388,5425,0.36316264
9389,8482,0.0686584
9390,112359,0.5232106
9391,47357,0.00015931958
9392,113786,0.00088975567
9393,26547,0.5232106
9394,95661,0.27559015
9395,47431,0.6569232
9396,76649,0.34392092
9397,83739,0.34392092
9398,33475,0.0028010015
9399,104595,0.75738317
9400,29431,0.00898717
9401,18413,0.011616147
9402,104780,0.056111116
9403,28226,6.19152e-05
9404,86007,0.022744736
9405,5762,0.00095032883
9406,74402,0.12035916
9407,96961,0.044053346
9408,64017,0.01451028
9409,55902,0.78131825
9410,75136,0.024206866
9411,91773,0.30090106
9412,40483,0.00096970994
9413,82499,0.0064328555
9414,95598,0.58307195
9415,88235,0.34392092
9416,30106,0.5232106
9417,9092,0.7307767
9418,33316,0.04945419
9419,2002,0.029487636
9420,18845,0.01962534
9421,6649,0.00033929275
9422,18873,0.2170439
9423,66609,0.00037588034
9424,6553,0.03200804
9425,11568,0.068592735
9426,60058,0.733664
9427,67856,0.058751382
9428,58488,0.07818704
9429,96441,0.0009522875
9430,68086,0.12275081
9431,17741,0.45888868
9432,68693,0.0022433246
9433,45817,0.003116589
9434,70117,0.024206866
9435,113887,0.010210467
9436,27081,0.0078094616
9437,38771,0.0070359865
9438,10950,0.22921197
9439,2360,0.08508578
9440,15611,0.00029490932
9441,8851,0.06859021
9442,82488,0.0020318106
9443,87988,0.7478843
9444,114134,0.5075232
9445,15557,0.0018616954
9446,9166,0.000113742026
9447,92293,0.0069380403
9448,67058,0.5346374
9449,17701,0.21136047
9450,70727,0.13447009
9451,92701,0.643951
9452,14518,0.008141395
9453,100309,0.87863064
9454,100057,0.027119404
9455,6079,0.00031773135
9456,23796,0.19521376
9457,115016,0.6022919
9458,101642,0.11731413
9459,55502,0.00029911232
9460,31946,0.001922546
9461,68176,0.0013728857
9462,32366,0.5730763
9463,110036,0.001226861
9464,87599,0.024206866
9465,107456,0.58307195
9466,58833,0.0061633433
9467,112154,0.4201848
9468,88266,0.011778448
9469,1906,0.019535577
9470,42229,0.006202585
9471,45222,0.19521376
9472,88638,0.00043677716
9473,115051,7.630995e-05
9474,74109,0.0013223108
9475,15264,0.033714566
9476,4960,3.4060562e-05
9477,64358,0.054752417
9478,89319,0.5232106
9479,114379,0.6022919
9480,52029,0.7478843
9481,111600,0.009330441
9482,52919,0.0019821962
9483,73472,0.004340315
9484,51285,0.78131825
9485,75667,0.2170439
9486,18679,0.13304114
9487,68012,0.0061633433
9488,8350,0.046046227
9489,82806,0.34392092
9490,81029,0.024206866
9491,6516,0.056934215
9492,72,0.0014105117
9493,34597,0.0020615396
9494,10711,0.075603686
9495,85331,0.12035916
9496,11252,0.0034652818
9497,78533,0.004568258
9498,38502,0.81378096
9499,15987,0.009462972
9500,20751,0.0008344364
9501,33707,0.04344542
9502,89420,0.00014807787
9503,7086,0.7798892
9504,48020,0.004568258
9505,45050,0.016867047
9506,19998,0.029874334
9507,69513,0.34392092
9508,11610,0.0069171013
9509,13311,0.0060360394
9510,95307,0.16982783
9511,71431,0.7478843
9512,71904,0.81378096
9513,81816,0.37862125
9514,41980,0.12078799
9515,10317,0.04945419
9516,19430,0.81378096
9517,77886,0.5026056
9518,64162,0.0007994225
9519,5430,0.64825314
9520,32266,0.5232106
9521,3529,0.506679
9522,105709,0.75738317
9523,85005,0.4832058
9524,43001,0.011897027
9525,5808,0.26759633
9526,17458,0.00015803367
9527,101478,0.2181275
9528,34771,0.59938043
9529,96721,0.006268183
9530,60434,0.1508694
9531,100631,0.45888868
9532,41560,0.12078799
9533,68394,0.7478843
9534,100318,0.00083892455
9535,42579,0.80925137
9536,32569,0.00028159664
9537,4836,0.7841161
9538,107022,0.032572266
9539,37603,0.47754645
9540,100855,0.73020315
9541,56007,0.64412415
9542,31106,0.5232106
9543,7138,0.00013386106
9544,12654,0.002847351
9545,54969,0.3089335
9546,106681,0.75738317
9547,44430,0.008285374
9548,15111,0.4985085
9549,76921,0.032669682
9550,47640,0.12078799
9551,57791,0.5232106
9552,21957,0.00481278
9553,30169,0.04945419
9554,3211,0.013822098
9555,33844,0.00057600724
9556,1689,0.86248016
9557,38649,0.1508694
9558,81607,0.020912925
9559,71412,0.590359
9560,71235,0.37862125
9561,91130,0.34392092
9562,87226,2.7801132e-05
9563,54933,0.023175027
9564,12174,0.1508694
9565,18146,0.000563591
9566,88661,0.30090106
9567,86390,0.0029561217
9568,42196,0.00028159664
9569,76482,0.0120466435
9570,86749,0.00215505
9571,50388,0.0042010187
9572,102583,0.9859816
9573,2502,0.09211248
9574,80885,0.12035916
9575,68232,0.16114923
9576,13784,0.0020718006
9577,50445,0.5628135
9578,7230,0.047942977
9579,101517,0.47754645
9580,115916,0.4123848
9581,69982,0.6857675
9582,13962,0.005738544
9583,75379,0.41613477
9584,40711,0.554042
9585,92732,0.53350335
9586,83998,0.13447009
9587,55963,0.0003873546
9588,84039,0.00047431843
9589,39251,0.017654972
9590,95907,0.590359
9591,8136,0.0009898518
9592,64108,0.00022796135
9593,21045,0.00074352534
9594,58622,0.001163373
9595,50278,0.2181275
9596,94140,0.01408992
9597,102404,0.58307195
9598,82849,0.0278131
9599,95906,0.34392092
9600,66289,0.2622862
9601,52688,0.004340315
9602,37576,0.00045418862
9603,13714,0.04985191
9604,80706,0.14570284
9605,48170,0.010756634
9606,82768,0.007678487
9607,42871,0.12078799
9608,67706,0.0018904355
9609,85747,0.024206866
9610,19828,0.56782615
9611,99446,0.58307195
9612,70589,0.590359
9613,11192,0.008247896
9614,41627,0.9966132
9615,87878,0.008938783
9616,1275,0.0056358688
9617,55478,0.029874334
9618,88686,0.021325976
9619,49923,0.3089335
9620,5088,0.053895727
9621,32640,0.027119404
9622,69441,0.52988625
9623,40447,0.0026248454
9624,5165,0.85631025
9625,15894,0.009927506
9626,74406,0.024206866
9627,74582,0.05811228
9628,31217,0.37492988
9629,68692,0.0011214612
9630,72227,0.024206866
9631,15038,0.87683624
9632,112362,0.27382705
9633,100217,0.71801543
9634,103950,0.0078094616
9635,9745,0.84811413
9636,16845,0.00872611
9637,70724,0.024206866
9638,75714,0.0024044046
9639,22173,0.0005402077
9640,99769,0.00012780499
9641,23467,0.00025686217
9642,53209,0.9788325
9643,114765,0.5075232
9644,103206,0.37492988
9645,13523,0.4985085
9646,107902,0.32676116
9647,29633,0.5232106
9648,437,0.027409334
9649,32677,0.36316264
9650,41701,0.15288648
9651,70421,0.017152961
9652,91039,0.002484301
9653,47423,0.0056515927
9654,62137,0.00415249
9655,54540,0.024206866
9656,113641,0.01579575
9657,99292,0.0051597306
9658,65285,0.6795658
9659,57953,0.0020718006
9660,12388,0.0006452623
9661,68062,0.34392092
9662,13181,0.0074624936
9663,956,0.07615443
9664,16469,0.008073088
9665,25569,0.00028159664
9666,81779,0.02484052
9667,11381,0.4835136
9668,67870,0.00057826255
9669,29044,0.4888416
9670,3133,0.8731015
9671,69231,0.0018594239
9672,53885,0.0006021133
9673,48041,0.024206866
9674,66913,0.04913227
9675,77870,0.20503531
9676,114691,0.0010011981
9677,76480,0.13447009
9678,96490,0.001099949
9679,98205,0.58307195
9680,10647,0.022640524
9681,114760,0.03414784
9682,26966,0.0027332613
9683,26906,0.007402212
9684,11708,0.96013254
9685,55543,0.5232106
9686,53270,0.006557449
9687,61224,0.49535096
9688,76577,0.00037588034
9689,21136,0.766975
9690,101526,0.34392092
9691,110401,0.0029114224
9692,38965,0.74854356
9693,39581,0.0007108966
9694,24164,0.04344542
9695,42519,0.00038538792
9696,106357,0.79734695
9697,67331,0.0029114224
9698,34430,0.00030549918
9699,72376,0.00033427094
9700,44006,0.05756874
9701,65951,2.9114939e-05
9702,4707,0.028720004
9703,93501,0.023649527
9704,34835,0.5730763
9705,43353,0.2622862
9706,24484,0.12078799
9707,30701,0.2622862
9708,77000,0.036467418
9709,77665,0.0060033025
9710,101684,0.041965593
9711,53693,0.4888416
9712,88539,0.78131825
9713,4083,0.7307767
9714,82638,0.0017587844
9715,107138,0.0023733126
9716,69281,0.79584295
9717,75435,0.024206866
9718,17183,0.029289218
9719,97804,0.4365949
9720,40467,0.7757448
9721,106980,0.006684573
9722,101157,0.014490051
9723,20272,0.006125173
9724,25091,0.00022418518
9725,72231,0.6027404
9726,35540,1.7992577e-05
9727,15623,0.009388434
9728,11459,0.02924629
9729,70010,0.733664
9730,25561,0.12078799
9731,91024,0.1688553
9732,91671,0.0018904355
9733,98916,0.0005260863
9734,165,0.0061635016
9735,89912,0.056111116
9736,114744,0.0003009685
9737,28562,0.19652489
9738,86981,0.47754645
9739,54183,0.638665
9740,81552,0.733664
9741,105361,0.58307195
9742,18789,0.25912815
9743,111799,0.12290087
9744,52987,4.2854288e-05
9745,83290,0.71321934
9746,5838,0.33766186
9747,102908,0.0018474595
9748,93269,0.0052556694
9749,5580,0.8323833
9750,55097,0.033028502
9751,56815,0.78131825
9752,13424,0.06771289
9753,38572,0.81378096
9754,89341,0.004346945
9755,11804,0.4888416
9756,10258,0.0043484843
9757,10205,0.0077516995
9758,63510,0.0041407975
9759,34245,0.00017971001
9760,55551,0.59938043
9761,88298,0.6216189
9762,74117,0.30090106
9763,66203,0.07818704
9764,1958,0.034346074
9765,41457,0.2622862
9766,7390,0.017116271
9767,42786,0.00092207873
9768,52594,0.32597795
9769,97023,0.01408992
9770,113484,0.07818704
9771,106579,0.03783373
9772,115355,0.44521296
9773,88413,2.1547981e-05
9774,98385,0.46975958
9775,54424,0.0062247603
9776,4137,0.0020615396
9777,33778,0.04945419
9778,3946,4.8479436e-05
9779,74360,0.07818704
9780,38491,0.42581627
9781,65797,0.012725955
9782,22558,0.016867047
9783,77897,0.13447009
9784,5820,0.008247896
9785,93759,0.0011358189
9786,6133,0.03200804
9787,57644,0.006418149
9788,26866,0.032932054
9789,43955,0.8055856
9790,34427,0.7704209
9791,21361,0.0008344364
9792,66060,0.012725955
9793,35593,0.00025691188
9794,110324,0.2622862
9795,7647,0.69796836
9796,78397,0.06427912
9797,97661,0.0022813852
9798,52882,0.024206866
9799,12687,0.8030171
9800,63981,0.2622862
9801,79942,0.7976046
9802,29505,0.5232106
9803,25773,0.12078799
9804,82590,0.00013824551
9805,42612,0.19521376
9806,53963,0.0069380403
9807,35323,1.1578895e-05
9808,6903,0.0018368879
9809,104795,0.34392092
9810,100315,0.006268183
9811,113379,0.0801381
9812,58199,0.13447009
9813,77438,0.000848871
9814,113995,0.8301858
9815,8649,0.0020615396
9816,83314,0.10726183
9817,8920,0.021937707
9818,20094,0.009927506
9819,18190,0.026578547
9820,65694,0.07818704
9821,49521,0.4888416
9822,63852,0.0007994225
9823,11341,0.0686584
9824,16988,0.0008344364
9825,14320,0.007402212
9826,44578,0.008285374
9827,57093,0.20948003
9828,367,0.06581619
9829,47137,0.016235711
9830,68614,0.009486918
9831,56737,0.59938043
9832,1991,0.1714914
9833,112207,0.003252618
9834,36331,0.7976046
9835,62672,0.0023717778
9836,38302,0.0008053404
9837,109674,0.00093738514
9838,111662,0.0801381
9839,89450,0.7478843
9840,35794,0.027119404
9841,57514,0.40678856
9842,33615,0.5232106
9843,95715,0.0079947645
9844,55458,0.00074352534
9845,73839,0.0010241107
9846,13067,0.005712436
9847,40749,0.015083874
9848,40241,0.4888416
9849,63170,0.00055954215
9850,11205,0.59703815
9851,49784,0.0011985725
9852,68726,0.0001795302
9853,25475,0.006418149
9854,6484,0.0034652818
9855,61497,0.6569232
9856,22479,0.00025744713
9857,81924,0.0015655839
9858,70708,0.0069380403
9859,115178,0.87372524
9860,17639,0.006758071
9861,5062,0.85631025
9862,62660,0.0009539216
9863,3718,0.7207577
9864,13764,0.0010319886
9865,66348,0.012725955
9866,109176,0.048201922
9867,70545,0.00074748637
9868,92119,0.056111116
9869,101402,0.4123848
9870,102295,0.643951
9871,11005,0.022640524
9872,109409,0.0801381
9873,48876,0.15288648
9874,108869,0.32676116
9875,8994,0.4835136
9876,51072,0.01979557
9877,92850,0.0071766847
9878,109540,0.8301858
9879,51327,0.3089335
9880,85004,0.03750189
9881,7341,0.05336086
9882,52262,0.027119404
9883,74025,0.40678856
9884,90259,0.00050520775
9885,21161,0.66882885
9886,91718,0.7270048
9887,25193,0.0060033025
9888,74892,0.029874334
9889,54615,0.00078614894
9890,26155,0.002932027
9891,92981,0.73686934
9892,84505,0.006202585
9893,102084,0.006758071
9894,2008,0.0039436966
9895,54922,0.0046483916
9896,102989,0.00042211977
9897,40643,0.0048293485
9898,6482,0.026646854
9899,43039,0.00016754871
9900,1927,0.036056653
9901,20461,0.59938043
9902,61237,0.12290087
9903,82494,0.010210467
9904,28860,0.3089335
9905,106171,0.019369384
9906,83030,0.006202585
9907,51476,0.12275081
9908,28550,0.0019518195
9909,25049,0.5026056
9910,72562,0.7009889
9911,41274,0.554042
9912,49816,5.5076933e-05
9913,56569,0.0069380403
9914,85997,0.006900122
9915,33985,0.0026908694
9916,90447,0.0015105429
9917,45942,0.0008344364
9918,100845,0.24450037
9919,90518,0.7478843
9920,2083,0.031754304
9921,91055,0.87863064
9922,23671,0.012266115
9923,51489,0.7976046
9924,12159,0.034867942
9925,92516,0.16114923
9926,53526,0.0022208928
9927,87569,0.16982783
9928,104048,0.1508694
9929,102243,0.13910973
9930,39473,0.02084303
9931,30896,0.3089335
9932,55827,0.0017228009
9933,109229,0.32676116
9934,1149,0.08260083
9935,32762,0.021375904
9936,84053,0.45253184
9937,8267,0.021937707
9938,86282,0.00017031078
9939,58475,0.78131825
9940,68042,0.69228375
9941,46926,0.010198945
9942,36059,0.07818704
9943,67931,0.6857675
9944,69769,0.34392092
9945,75048,0.4888416
9946,67544,0.40678856
9947,21301,8.126653e-05
9948,55043,0.019309165
9949,72600,0.78131825
9950,7040,0.008247896
9951,52615,0.2170439
9952,48043,0.0034754733
9953,6952,0.006125173
9954,101933,0.34392092
9955,52465,0.16114923
9956,31542,0.5232106
9957,94653,0.0069380403
9958,58559,0.13447009
9959,62977,0.00062294764
9960,5892,0.69796836
9961,5419,0.0039436966
9962,94979,0.12035916
9963,90814,0.34392092
9964,111276,2.5514659e-05
9965,70985,0.004340315
9966,32523,0.1508694
9967,18453,0.011616147
9968,98863,0.53350335
9969,35359,0.004346945
9970,92975,0.00872611
9971,85569,0.014572694
9972,25447,0.19521376
9973,95509,0.010137472
9974,70197,0.00300456
9975,20573,0.0063547273
9976,43234,0.012533478
9977,107765,0.004472894
9978,70609,0.34392092
9979,20520,0.00044368513
9980,85937,0.024206866
9981,94782,0.6843454
9982,106765,0.75738317
9983,58677,0.59822583
9984,12333,7.5976095e-05
9985,109076,0.00068920647
9986,43112,0.0070359865
9987,84962,0.13447009
9988,7093,0.44851086
9989,28117,0.00083795504
9990,46318,0.4888416
9991,32304,0.82937336
9992,44552,0.37492988
9993,45653,0.47754645
9994,28636,0.055429235
9995,91724,0.733664
9996,5723,0.21860906
9997,90937,0.30090106
9998,12070,0.0009868254
9999,27280,0.19521376
10000,24818,0.12078799
10001,85033,0.30090106
10002,75261,0.014681552
10003,104835,0.0078094616
10004,102997,0.004340315
10005,97850,0.13447009
10006,19857,0.00011728281
10007,59399,0.023649527
10008,58164,0.7478843
10009,114628,0.010210467
10010,83713,0.0017622345
10011,108689,0.0010096605
10012,53125,0.15288648
10013,56688,0.15288648
10014,80545,0.34392092
10015,13604,0.8731015
10016,62261,0.00053853175
10017,41550,0.0070359865
10018,40754,0.12078799
10019,13131,0.1890358
10020,98561,0.7009889
10021,84381,0.0069380403
10022,41376,0.016388483
10023,92617,0.00030549918
10024,65067,0.00080822146
10025,101928,0.015142322
10026,54818,0.0010991456
10027,114014,0.01579575
10028,38752,0.008318602
10029,41830,0.0013739223
10030,105074,0.00025403986
10031,2065,0.0039436966
10032,95436,0.0004658792
10033,51387,0.54713255
10034,67567,0.4888416
10035,96654,0.1508694
10036,70227,0.78131825
10037,69576,0.009354052
10038,52126,0.5730763
10039,85061,0.0018293434
10040,17153,0.4985085
10041,52190,0.006758071
10042,1001,0.26386112
10043,86699,0.024206866
10044,4551,0.021937707
10045,84297,0.032572266
10046,8857,0.010516585
10047,74999,0.02484052
10048,104579,0.0006121102
10049,100134,0.13447009
10050,31892,0.00082101923
10051,9695,0.00010012251
10052,48527,0.0069380403
10053,63828,0.2622862
10054,36526,0.42581627
10055,89126,0.028615579
10056,49383,0.03664784
10057,56626,0.012132102
10058,53471,2.3491244e-05
10059,24534,0.12290087
10060,83113,0.024206866
10061,29063,0.5730763
10062,77351,0.00071508926
10063,40116,0.040901404
10064,66346,0.01451028
10065,57817,0.0069380403
10066,101316,0.7678493
10067,14613,0.4985085
10068,46139,5.8120862e-05
10069,99193,0.024206866
10070,24235,0.4559257
10071,47033,0.0068548415
10072,16568,0.66882885
10073,49120,0.004346945
10074,38732,0.0014729201
10075,50932,0.14783554
10076,61641,0.0007978491
10077,112110,0.024206866
10078,86639,0.34392092
10079,72640,0.0023519807
10080,99786,0.58307195
10081,106873,0.6843454
10082,34838,0.007402212
10083,52979,0.005562632
10084,43624,0.0006106808
10085,74710,0.014490051
10086,16656,0.00053632417
10087,16868,0.4985085
10088,9054,0.00076878804
10089,31459,0.0015201581
10090,76904,0.02484052
10091,103881,0.00042061307
10092,88144,0.34392092
10093,23083,0.6857675
10094,34069,0.000113797134
10095,71547,0.00021529871
10096,371,0.000321416
10097,17411,0.0009241289
10098,13064,0.87683624
10099,10097,0.0044894926
10100,15822,0.04985191
10101,95268,0.16982783
10102,111084,0.6022919
10103,56056,0.0023717778
10104,67616,0.4888416
10105,12095,0.0013228455
10106,97951,0.9859816
10107,19453,0.00028466148
10108,36154,0.85546416
10109,12346,0.7704209
10110,44324,2.4644636e-05
10111,71129,0.34392092
10112,110065,0.32676116
10113,97039,0.6843454
10114,48285,0.07818704
10115,83663,0.010210467
10116,30343,0.1370344
10117,59590,0.0399133
10118,86764,0.733664
10119,17638,0.037069563
10120,63079,0.16114923
10121,46002,0.2170439
10122,49967,0.36316264
10123,67228,0.4602632
10124,47648,0.078555875
10125,108500,0.2419718
10126,84492,0.13447009
10127,90192,0.34392092
10128,41954,0.002847351
10129,90319,0.03441545
10130,19237,0.32136968
10131,47182,0.0015742591
10132,112289,0.024206866
10133,3854,0.036056653
10134,20255,0.04985191
10135,87050,0.4201848
10136,57100,0.032455213
10137,17995,0.0012417199
10138,95611,0.45888868
10139,25897,0.00011606556
10140,3909,0.06008862
10141,93955,0.6843454
10142,4446,0.9654829
10143,110912,0.6022919
10144,39680,0.59822583
10145,34651,0.7976046
10146,20517,0.4888416
10147,39360,0.35455248
10148,84283,0.13447009
10149,8638,0.64825314
10150,660,0.7798892
10151,16181,0.0022208928
10152,12554,0.03423111
10153,23630,0.0001833818
10154,94468,0.8345878
10155,1364,0.027409334
10156,37099,0.018326262
10157,45528,0.0008565802
10158,94052,0.0069380403
10159,95930,0.12290087
10160,55156,0.5232106
10161,52895,0.024206866
10162,102408,0.014180323
10163,37051,0.0063297707
10164,58356,0.0014612525
10165,4095,0.69796836
10166,17219,0.44521296
10167,52496,0.002147693
10168,109293,0.12290087
10169,66153,0.0346668
10170,80544,0.14570284
10171,25564,0.0008565802
10172,88821,0.59938043
10173,22681,0.54713255
10174,23219,0.02084303
10175,56788,0.0042583747
10176,109973,0.032572266
10177,27560,0.00481278
10178,79445,0.0058882935
10179,50002,0.12290087
10180,58656,0.12290087
10181,59075,0.0069380403
10182,8273,0.68390995
10183,111417,0.037069563
10184,108925,0.75738317
10185,71210,0.024206866
10186,23596,0.007402212
10187,5212,0.0069171013
10188,110283,0.044053346
10189,29767,0.00013365495
10190,26030,0.0065295263
10191,76876,0.0005260863
10192,53877,0.0024343426
10193,90648,0.71801543
10194,32728,0.0008344364
10195,29188,0.0078094616
10196,28697,0.002788275
10197,38336,0.5628135
10198,75001,0.1890358
10199,52314,0.0008344364
10200,60760,0.07818704
10201,35567,0.020674951
10202,40506,0.002928373
10203,7526,0.0012929179
10204,32831,0.009846066
10205,14410,0.0013207953
10206,75263,0.0015655839
10207,24601,0.00013373705
10208,73032,0.0020561472
10209,34951,0.5232106
10210,42055,0.0056411144
10211,57314,0.0069380403
10212,73710,0.0017587844
10213,13620,0.87683624
10214,84884,0.0063309707
10215,64059,0.2181275
10216,2249,0.05336086
10217,27580,0.44748464
10218,89314,0.87863064
10219,47851,0.029874334
10220,59784,0.78131825
10221,83914,0.019557627
10222,36,0.7704209
10223,49205,0.0008344364
10224,20074,0.002085475
10225,92339,0.9736786
10226,78370,0.5628135
10227,65816,0.016235711
10228,79610,0.00022708904
10229,7340,0.6569232
10230,58030,0.024206866
10231,11074,0.0002932881
10232,31187,0.032317188
10233,48710,0.0013192715
10234,21388,0.0019810202
10235,17270,0.006125173
10236,108384,0.47754645
10237,84678,0.00030549918
10238,19760,0.0008344364
10239,67667,0.34392092
10240,9645,0.019056804
10241,38064,0.00021182616
10242,88593,0.008950483
10243,30653,0.34661445
10244,110723,0.020374158
10245,38700,0.00028856297
10246,58480,0.5346374
10247,110134,0.00071699003
10248,18335,0.009927506
10249,4284,0.09211248
10250,68416,0.00030549918
10251,109711,0.0078094616
10252,76872,5.745456e-05
10253,42817,0.026646854
10254,6,0.013822098
10255,58472,0.0028748931
10256,30956,0.0078094616
10257,81395,0.733664
10258,103129,4.5468576e-05
10259,54005,0.4888416
10260,57285,0.006536623
10261,17565,0.006418149
10262,5302,0.00074352534
10263,5844,0.073019944
10264,58458,0.78131825
10265,22617,0.0008344364
10266,15901,0.008285374
10267,71902,0.5628135
10268,30733,0.42581627
10269,98200,0.34392092
10270,48374,0.006418149
10271,11688,0.0050332136
10272,57284,0.005562632
10273,55463,0.013483033
10274,71019,0.0029114224
10275,82112,0.78131825
10276,50987,0.018554173
10277,80242,0.00068088615
10278,45535,0.7757448
10279,1613,0.010516585
10280,18037,0.00028159664
10281,86603,0.12275081
10282,77056,0.5232106
10283,73166,0.1026934
10284,89633,0.0024044046
10285,8243,0.019056804
10286,104431,0.00010302448
10287,80187,0.7378498
10288,22780,0.029618468
10289,76897,0.34392092
10290,66511,0.009354052
10291,61152,0.23309723
10292,76980,0.20503531
10293,73415,0.02383644
10294,18175,0.56782615
10295,28840,0.0065295263
10296,17159,4.091931e-05
10297,104448,0.6022919
10298,24655,0.79584295
10299,41124,0.0005260863
10300,85880,0.2622862
10301,45889,0.0005020868
10302,1910,0.766975
10303,91889,0.0011610355
10304,59900,0.12035916
10305,40182,0.024518486
10306,18585,0.0072368905
10307,99693,0.009462972
10308,50225,0.024154125
10309,98712,0.3089335
10310,11276,0.44615385
10311,95869,0.00010288625
10312,72651,0.5026056
10313,86741,0.5628135
10314,48003,0.5232106
10315,7643,0.19337308
10316,114008,0.00415249
10317,7641,0.021937707
10318,62568,0.7478843
10319,32115,0.0004461788
10320,6082,0.7307767
10321,94803,0.5628135
10322,50634,0.0078094616
10323,72208,0.5628135
10324,88689,0.0693856
10325,111381,0.024206866
10326,22584,0.638665
10327,97987,0.0020450067
10328,73530,0.0004206574
10329,85301,0.25912815
10330,58564,0.0024529102
10331,112485,0.03621409
10332,52891,0.5232106
10333,5909,0.0004653663
10334,60218,0.12275081
10335,86313,0.643951
10336,90443,0.56749433
10337,80388,0.028340075
10338,78416,0.34392092
10339,36508,0.031164318
10340,46421,0.007402212
10341,33395,0.12290087
10342,87056,0.12035916
10343,81510,0.010210467
10344,8328,0.07030542
10345,98779,0.059144076
10346,73906,0.643951
10347,61620,0.024206866
10348,43271,0.45888868
10349,96867,0.00092201063
10350,48628,0.8044119
10351,85945,0.010756634
10352,113587,0.27762106
10353,32530,0.0007792688
10354,11603,0.03599013
10355,41602,0.2622862
10356,50600,0.5232106
10357,36825,0.001572654
10358,95759,0.7478843
10359,36210,0.98010695
10360,64050,0.010756634
10361,7699,0.041471865
10362,46698,0.9881633
10363,70664,0.12290087
10364,65365,0.012725955
10365,105535,0.46006948
10366,59149,0.5730763
10367,75098,0.0078094616
10368,28387,0.59822583
10369,60446,0.13447009
10370,81547,0.006817378
10371,88105,0.5026056
10372,24978,0.5026056
10373,49518,0.4888416
10374,31808,0.5730763
10375,20689,0.45888868
10376,98683,0.5918634
10377,88545,0.4201848
10378,65016,0.18376456
10379,48369,0.0007808242
10380,100087,0.7678493
10381,13948,0.77230483
10382,88223,0.026691185
10383,53464,0.59938043
10384,111930,0.00087168993
10385,31492,0.6323282
10386,41718,0.0013739223
10387,4861,0.013822098
10388,42224,0.015879171
10389,17890,0.006125173
10390,53674,0.0002219994
10391,7586,0.028720004
10392,60580,0.0011214612
10393,14270,0.0021180424
10394,41105,0.4832058
10395,100334,0.048965137
10396,111248,0.00013440412
10397,77262,0.05907342
10398,25788,0.00028856297
10399,105283,0.026289925
10400,104455,0.09415718
10401,92065,0.0120466435
10402,36807,0.42581627
10403,69684,0.78131825
10404,107211,0.009462972
10405,90095,0.5232106
10406,29472,0.6022919
10407,31719,0.5730763
10408,106839,0.0023733126
10409,21719,0.12078799
10410,1218,0.0021913012
10411,10452,0.00052572164
10412,59902,0.00041502962
10413,42351,0.12078799
10414,42060,0.4888416
10415,9326,0.00021170078
10416,81766,0.023663448
10417,49574,0.7976046
10418,7471,0.004773652
10419,109956,0.0278131
10420,21191,0.018857906
10421,82096,0.004675736
10422,48462,0.00021926657
10423,62202,0.025686532
10424,15852,0.9538255
10425,39215,0.5628135
10426,104728,0.71340895
10427,12057,0.00088818267
10428,47700,0.0060033025
10429,62843,0.011897027
10430,46553,0.011897027
10431,33068,0.008285374
10432,115143,0.0010011981
10433,61815,0.002085475
10434,80487,0.00042978904
10435,91141,0.13447009
10436,4229,3.0019417e-05
10437,51331,0.025349155
10438,78167,0.7976046
10439,104457,0.34392092
10440,50708,0.9790203
10441,4714,0.002342779
10442,76518,0.0026765766
10443,11715,0.010516585
10444,65695,0.0007746052
10445,63642,9.818841e-05
10446,80189,0.0079947645
10447,73412,0.024206866
10448,60281,0.0001643366
10449,52164,0.04035335
10450,64069,0.66443765
10451,42208,0.004873621
10452,100493,0.53350335
10453,28694,0.19521376
10454,97884,0.010171857
10455,95174,0.019679453
10456,98733,0.008862073
10457,39112,0.0002583934
10458,109214,0.00019897491
10459,66426,0.0017587844
10460,8122,0.4835136
10461,70532,0.0009853129
10462,24375,0.04175559
10463,115180,0.014612724
10464,34688,0.07818704
10465,87487,0.0011020519
10466,101071,0.56749433
10467,51212,0.2181275
10468,82774,0.00025772981
10469,64666,0.20503531
10470,115816,0.34392092
10471,54841,0.002289822
10472,76526,0.7478843
10473,70017,0.3089335
10474,8249,0.012769156
10475,102618,0.73020315
10476,108206,0.47754645
10477,17336,0.006994658
10478,89412,0.029874334
10479,42247,0.79584295
10480,93704,0.4365949
10481,7477,0.0011608358
10482,822,0.25013295
10483,10557,0.005921866
10484,64824,0.00030549918
10485,43429,0.02084303
10486,28300,0.011161709
10487,2725,0.9450762
10488,110311,0.18376456
10489,49305,0.024456685
10490,1917,0.7307767
10491,88742,0.0022433246
10492,66831,0.0026097156
10493,112380,0.024206866
10494,62086,0.12035916
10495,82752,0.13447009
10496,65665,0.2622862
10497,77449,0.024206866
10498,87099,0.13447009
10499,86290,0.0017587844
10500,53644,0.024206866
10501,4702,0.74017555
10502,55669,0.23309723
10503,71643,0.029874334
10504,54488,0.6857675
10505,10266,0.014983693
10506,56319,0.7373063
10507,82696,0.5232106
10508,97507,0.34392092
10509,5044,0.0832958
10510,89296,0.0069380403
10511,52685,0.15288648
10512,38479,0.59938043
10513,88365,0.033338454
10514,101534,0.79584295
10515,65503,0.18376456
10516,111060,0.0005064322
10517,55681,0.2595534
10518,38217,0.10027761
10519,11364,0.073019944
10520,55369,0.0008344364
10521,30271,0.0049902825
10522,99295,0.04468665
10523,94245,0.4201848
10524,50953,0.81378096
10525,35484,0.24078001
10526,70392,0.52379495
10527,3573,0.008247896
10528,94469,0.56749433
10529,102160,0.002326809
10530,88807,0.34392092
10531,78243,0.024206866
10532,52632,0.008285374
10533,11898,0.010548269
10534,90474,0.9736786
10535,51216,0.0069748308
10536,52936,0.32597795
10537,102652,0.007859644
10538,99613,7.5973774e-05
10539,46914,0.5628135
10540,44634,0.011897027
10541,16741,0.0018368879
10542,58759,0.78131825
10543,10462,0.0077511603
10544,64115,0.01451028
10545,81610,0.0036336002
10546,29676,0.5232106
10547,47425,0.010198945
10548,55440,0.010569337
10549,92808,0.007797746
10550,78741,0.011897027
10551,23611,0.02084303
10552,37871,0.4413185
10553,2194,0.017004477
10554,50683,0.45888868
10555,97985,0.7678493
10556,86942,0.000106841
10557,81495,0.8044119
10558,103372,0.47754645
10559,5632,0.0034652818
10560,89622,0.34392092
10561,4084,0.040918738
10562,93956,0.12290087
10563,76529,0.16114923
10564,61346,0.0010066493
10565,103034,0.014400821
10566,11147,0.22921197
10567,76663,0.000499812
10568,92296,0.029874334
10569,76064,0.010210467
10570,55064,0.9945359
10571,115067,0.24450037
10572,80668,0.029874334
10573,90454,0.7478843
10574,62940,0.0773322
10575,107169,0.14345498
10576,70618,0.0029114224
10577,2575,0.96013254
10578,62463,0.12035916
10579,72667,0.11105866
10580,112388,0.20503531
10581,58796,0.00481278
10582,109235,0.06562725
10583,61591,0.011897027
10584,4231,0.59917617
10585,96487,0.0064328555
10586,66170,0.00037534538
10587,108486,0.6022919
10588,39274,0.12078799
10589,50915,0.5628135
10590,47727,0.027982187
10591,113462,0.79734695
10592,46393,0.00013073652
10593,92820,4.4290573e-05
10594,66106,0.00037149663
10595,12412,0.0024215956
10596,84796,0.01658721
10597,11502,0.008285374
10598,11578,0.008247896
10599,42388,0.008285374
10600,54315,0.4888416
10601,70553,0.34392092
10602,34271,0.12290087
10603,26797,0.0040880116
10604,21038,0.0036098117
10605,3295,0.0050332136
10606,9760,0.0039436966
10607,97580,0.059144076
10608,8047,0.01927787
10609,83186,0.13447009
10610,110613,0.048201922
10611,88054,0.36316264
10612,95114,0.56749433
10613,81359,0.008635866
10614,79087,0.8356625
10615,73999,0.13447009
10616,54494,0.45888868
10617,10601,0.0010408028
10618,43543,0.011897027
10619,106470,0.4201848
10620,38812,0.47754645
10621,93209,0.528339
10622,55027,6.669369e-05
10623,4844,0.4888416
10624,51403,0.12290087
10625,5805,0.053895727
10626,64367,0.00019371843
10627,56542,0.0091449525
10628,44365,0.040918738
10629,62871,0.59822583
10630,61464,0.0069380403
10631,48094,0.0060033025
10632,93175,0.45888868
10633,42538,0.0008344364
10634,14136,0.008006459
10635,38762,0.027119404
10636,59478,0.5628135
10637,82960,0.0047873794
10638,69064,0.00030549918
10639,81831,0.024206866
10640,33579,0.018676624
10641,13145,0.18376456
10642,103551,0.07004065
10643,25970,0.2622862
10644,33808,0.6022919
10645,104284,0.6022919
10646,11518,0.0003161384
10647,15060,0.015702382
10648,92225,0.35455248
10649,11658,0.0018368879
10650,108458,0.00033578856
10651,108643,0.12290087
10652,69601,2.5446301e-05
10653,17846,0.00016882877
10654,70281,0.021318072
10655,102451,0.65394056
10656,92060,0.3089335
10657,5898,0.012266115
10658,75376,0.8044119
10659,11163,0.01599841
10660,56393,0.00481278
10661,74416,0.0019239509
10662,31895,0.0023733126
10663,60316,0.4888416
10664,48546,0.0060033025
10665,64769,0.2622862
10666,38261,0.011817629
10667,74319,0.13447009
10668,66032,0.012725955
10669,42869,0.00022121487
10670,105060,0.7678493
10671,95698,0.0060033025
10672,29876,0.19652489
10673,62437,0.7478843
10674,12658,0.4985085
10675,105506,0.03804058
10676,89722,0.60409665
10677,79432,0.0014708673
10678,46118,0.0068548415
10679,10530,0.0018368879
10680,19914,0.011857566
10681,61642,0.78131825
10682,36651,0.12078799
10683,19972,0.1508694
10684,34243,0.21136047
10685,84706,0.733664
10686,18761,0.63034135
10687,105874,0.00021566771
10688,42048,0.00070814055
10689,74027,4.4632437e-05
10690,76899,0.34392092
10691,91414,0.34392092
10692,25123,0.12078799
10693,73277,0.00081528444
10694,60146,0.590359
10695,59238,0.0011895258
10696,28858,0.0027332613
10697,15875,0.0038145971
10698,76203,0.13447009
10699,83709,0.5026056
10700,51696,0.2622862
10701,22577,0.0070359865
10702,81433,0.34661445
10703,79268,0.0064328555
10704,41106,0.6139433
10705,102183,0.56749433
10706,108700,0.59822583
10707,75227,0.024206866
10708,73768,0.0020718006
10709,12465,0.00020283954
10710,76629,0.0015201581
10711,98660,0.001094837
10712,73751,0.004340315
10713,2601,0.60126334
10714,107272,0.037683595
10715,3504,0.98196423
10716,12152,0.42581627
10717,43774,0.016867047
10718,53094,0.024206866
10719,78978,0.054752417
10720,25867,0.0069380403
10721,45911,0.12035916
10722,45831,0.001572654
10723,1332,0.03102777
10724,105254,0.0057751406
10725,22823,0.4888416
10726,88707,0.00019138056
10727,90304,0.16114923
10728,42525,0.0034583432
10729,72606,0.024206866
10730,26202,0.005799991
10731,3549,0.008247896
10732,24962,0.0078094616
10733,39676,0.12290087
10734,114631,0.44521296
10735,60714,0.4888416
10736,49937,0.5730763
10737,96201,0.029874334
10738,34153,0.008305467
10739,54748,0.5232106
10740,75193,0.1508694
10741,38428,0.0065295263
10742,43323,0.00082101923
10743,113761,0.010210467
10744,79414,8.443991e-05
10745,2706,0.058883075
10746,44883,0.00047423074
10747,60819,0.13447009
10748,34995,0.006409634
10749,88824,0.3089335
10750,86214,0.7478843
10751,109473,0.32676116
10752,76567,0.007859644
10753,59267,0.2170439
10754,58952,0.99672544
10755,81715,0.00079126155
10756,40495,0.6857675
10757,59615,0.008533225
10758,110592,0.87863064
10759,97957,0.79734695
10760,66236,0.00017447278
10761,56386,0.027119404
10762,26232,0.0070359865
10763,101340,0.0069380403
10764,81492,0.13447009
10765,73494,0.34392092
10766,39333,0.54713255
10767,104529,0.000106841
10768,89535,0.2170439
10769,62010,0.59822583
10770,31732,0.011897027
10771,109477,0.7378498
10772,114798,0.014612724
10773,46833,9.0514775e-05
10774,36568,0.064738505
10775,94810,0.028842459
10776,63028,0.024206866
10777,25160,0.12078799
10778,88471,0.7478843
10779,99396,0.024206866
10780,25528,0.0006187803
10781,5902,0.7307767
10782,2595,0.010516585
10783,47040,0.021318072
10784,52827,0.027982187
10785,13105,0.0008344364
10786,115924,0.024206866
10787,18765,0.00072684133
10788,13912,0.003116589
10789,79543,0.3089335
10790,108514,0.52988625
10791,9100,0.00052048056
10792,94930,0.5628135
10793,25876,0.0006187803
10794,76210,0.0069900826
10795,56332,0.7478843
10796,1624,0.021415321
10797,112641,0.019109828
10798,39484,0.00082101923
10799,81810,0.006202585
10800,115477,0.5232106
10801,54318,0.010538689
10802,37243,0.12078799
10803,22875,0.010210467
10804,42564,0.19521376
10805,9698,0.21860906
10806,113933,7.456995e-05
10807,32501,0.0012159809
10808,3008,0.014978178
10809,91790,0.13447009
10810,43192,0.0032027483
10811,41950,0.000913589
10812,23698,0.00026481212
10813,45263,0.0041407975
10814,18875,0.0006439077
10815,81786,0.024206866
10816,49799,0.2181275
10817,42007,0.4832058
10818,775,0.00030815
10819,71195,0.13447009
10820,52299,0.0057981517
10821,83549,0.0009225967
10822,71332,0.7478843
10823,48805,0.3089335
10824,13716,0.0027089177
10825,65731,0.0069380403
10826,14417,0.011809721
10827,20997,0.13447009
10828,46710,0.59938043
10829,114308,0.4201848
10830,72841,0.34054893
10831,10919,0.058168147
10832,45232,0.027550844
10833,32416,0.6022919
10834,24077,3.706414e-05
10835,55287,0.005562632
10836,47049,0.006900122
10837,9551,0.004773652
10838,110766,0.00020462081
10839,51408,0.82970303
10840,33412,0.6022919
10841,15236,0.0008344364
10842,22153,0.12078799
10843,66432,0.012725955
10844,57296,0.001781032
10845,3734,0.0008344364
10846,55238,0.0008580221
10847,24293,0.017288256
10848,64484,0.1508694
10849,28044,0.03664784
10850,44067,0.3089335
10851,6318,0.51769406
10852,26292,0.011897027
10853,85108,0.18376456
10854,22275,0.008897892
10855,8287,0.0048087235
10856,78007,0.0011216123
10857,22554,0.0075326078
10858,103255,2.5971814e-05
10859,35218,0.0010380889
10860,75711,0.06427912
10861,19294,0.00038737603
10862,12052,0.007402212
10863,114877,0.0053618946
10864,58376,0.8044119
10865,54739,0.3089335
10866,4273,0.013822098
10867,45505,0.018857906
10868,50215,0.5730763
10869,7813,0.00052048056
10870,67466,0.34392092
10871,101439,0.5918634
10872,103589,0.79734695
10873,87267,0.000279614
10874,67425,0.008477488
10875,10392,0.059352104
10876,18338,0.00030815
10877,67781,0.00013575437
10878,87175,0.011778448
10879,58971,0.16114923
10880,3,0.0068548415
10881,66132,0.00015265417
10882,101232,0.0027332613
10883,92250,2.4137134e-05
10884,22672,0.9667645
10885,70224,0.34392092
10886,103227,0.0029114224
10887,80429,0.71321934
10888,91761,0.7478843
10889,63998,0.0069380403
10890,7694,0.21860906
10891,97868,0.06645791
10892,16017,0.0038145971
10893,57318,0.59938043
10894,39893,0.0070359865
10895,90715,0.30090106
10896,22329,0.2170439
10897,18896,0.4888416
10898,57309,0.4201848
10899,16683,0.1890358
10900,68052,0.00030549918
10901,104690,0.00035687877
10902,10744,0.69796836
10903,7407,0.013822098
10904,35018,1.2139895e-05
10905,67756,0.027902244
10906,115706,0.00059341907
10907,115414,0.0060930443
10908,26964,0.5232106
10909,104109,0.4123848
10910,73856,0.1508694
10911,13695,0.4985085
10912,18224,0.011616147
10913,97407,0.71801543
10914,111965,0.03775885
10915,80743,0.004976857
10916,33413,0.71340895
10917,93668,0.0047058905
10918,48694,0.00030549918
10919,100860,0.0009821352
10920,100152,0.58307195
10921,91841,0.037106752
10922,53488,0.027051663
10923,3062,0.00048058206
10924,67612,0.7478843
10925,69049,0.03887775
10926,115214,0.07724256
10927,26414,0.19521376
10928,82756,0.05523644
10929,44417,0.88018847
10930,45655,0.0061633433
10931,64888,0.00037149663
10932,114758,0.0032260704
10933,42149,0.0003202482
10934,107933,0.87978876
10935,20731,0.07721228
10936,74796,0.0020615396
10937,75188,0.34054893
10938,26950,0.01962534
10939,29133,0.04344542
10940,52355,0.2170439
10941,89575,0.34392092
10942,112348,0.016079525
10943,92916,0.27559015
10944,113611,0.0031297377
10945,68611,0.30090106
10946,2778,0.010516585
10947,96817,0.34392092
10948,39825,0.47754645
10949,11816,0.26997432
10950,85497,0.2181275
10951,2051,0.031332474
10952,56403,0.42490768
10953,85836,0.00013526826
10954,90944,0.024206866
10955,51380,0.5232106
10956,40245,0.7704209
10957,75866,0.0005260863
10958,4678,0.03604926
10959,70191,0.34392092
10960,112369,0.017946424
10961,60920,0.27559015
10962,51923,0.016388483
10963,34989,0.001770877
10964,43441,0.02084303
10965,72947,0.34392092
10966,109656,0.58307195
10967,58424,0.012198511
10968,1652,0.00036125685
10969,78801,0.029874334
10970,68606,0.34392092
10971,100292,0.015256744
10972,85711,0.004340315
10973,28648,0.027119404
10974,87131,0.13447009
10975,23464,0.5026056
10976,27120,0.007653262
10977,40216,0.95497876
10978,60901,0.00415249
10979,115420,0.004346945
10980,80746,0.34392092
10981,2463,0.01599841
10982,65874,0.00030549918
10983,76285,0.13447009
10984,44244,0.0060033025
10985,31185,0.018676624
10986,104100,0.07021838
10987,41357,0.00032880018
10988,75201,0.017586915
10989,2695,0.03200804
10990,42362,0.014864611
10991,26821,0.8745886
10992,86482,0.37581092
10993,12078,0.055981793
10994,75850,0.032669682
10995,22016,0.26997432
10996,59964,0.021584662
10997,65171,0.07818704
10998,39896,0.043853756
10999,43812,0.0016069273
11000,37209,0.029874334
11001,20561,0.00062017015
11002,70743,0.13447009
11003,15145,0.005614214
11004,28190,0.027902244
11005,43357,0.5232106
11006,25457,0.0047478396
11007,61412,0.016867047
11008,76117,0.13447009
11009,36620,0.008285374
11010,38532,0.007402212
11011,95518,0.8819471
11012,47949,0.13447009
11013,26448,0.0033811661
11014,70228,0.0015772022
11015,15544,0.04985191
11016,98029,0.0018293434
11017,84105,0.0052958755
11018,103827,0.00086536893
11019,90617,0.7478843
11020,115972,0.0008224126
11021,60408,0.0007944968
11022,24577,0.011897027
11023,21155,0.023663448
11024,99203,0.58307195
11025,86021,0.00026553872
11026,51791,0.4888416
11027,103815,0.009573582
11028,10577,0.015301583
11029,60102,0.02299691
11030,9810,0.0018823884
11031,42035,0.027119404
11032,35868,0.45888868
11033,52694,0.00070814055
11034,86042,6.5977592e-06
11035,93036,0.0010922602
11036,54924,0.3089335
11037,47001,0.041428864
11038,82617,0.7478843
11039,86128,0.59822583
11040,93129,0.0011737333
11041,6651,0.008247896
11042,11476,0.008285374
11043,83683,0.044053346
11044,22365,0.00028159664
11045,84386,0.13447009
11046,50241,0.016352717
11047,78154,0.004340315
11048,24094,0.00070289883
11049,53614,0.31145355
11050,113955,0.018743023
11051,93685,0.0047058905
11052,38296,0.0208884
11053,63031,0.7478843
11054,112539,0.21136047
11055,41580,0.12078799
11056,19561,0.59822583
11057,46029,0.51646364
11058,63462,0.0010132992
11059,58922,0.4888416
11060,7896,0.12078799
11061,88874,0.5232106
11062,22026,0.8731015
11063,62136,0.59938043
11064,15690,0.009812791
11065,111419,0.036348995
11066,107438,0.19652489
11067,49029,0.5232106
11068,37131,0.0028906418
11069,45728,0.0011072916
11070,105355,0.024206866
11071,21261,0.21136047
11072,105959,0.87863064
11073,83056,0.21136047
11074,87141,0.71801543
11075,16041,0.011616147
11076,29696,0.5232106
11077,106351,0.96913415
11078,79171,0.00039819506
11079,57390,0.020065548
11080,82793,0.00038690935
11081,115054,0.0008643944
11082,26444,0.02084303
11083,81370,0.0026128625
11084,32998,0.6588724
11085,115346,0.024206866
11086,21706,0.04985191
11087,100561,0.528339
11088,104030,0.75738317
11089,21532,4.4978922e-05
11090,113547,0.06813553
11091,89884,0.00019162342
11092,13529,0.1508694
11093,90660,0.00039242842
11094,68830,0.12035916
11095,75906,0.000913589
11096,24370,0.02084303
11097,10130,0.0039436966
11098,13167,0.0024551232
11099,71859,0.70778805
11100,10887,0.0001139497
11101,31749,0.001796716
11102,79761,0.733664
11103,85676,0.0017587844
11104,69206,0.4888416
11105,74626,0.01979557
11106,103757,0.0002782463
11107,83425,0.00014387083
11108,75831,0.022744736
11109,88999,0.12035916
11110,70624,0.82937336
11111,55983,0.035321414
11112,60015,0.2622862
11113,1353,0.0018973589
11114,24058,0.0012538969
11115,3371,0.44615385
11116,52837,0.5026056
11117,61899,0.01962534
11118,29578,0.013006808
11119,65798,0.02345921
11120,105354,0.0016173712
11121,21289,0.0010272949
11122,55633,0.16181132
11123,29553,0.19652489
11124,58198,0.004346945
11125,82597,0.020912925
11126,20235,0.0010066493
11127,78048,0.4888416
11128,96982,0.34392092
11129,59540,0.6857675
11130,8602,0.0004628135
11131,88129,0.021063577
11132,51181,0.12290087
11133,105985,0.0069380403
11134,104066,0.004346945
11135,59602,0.9281086
11136,19402,0.009927506
11137,55326,0.82937336
11138,18919,0.012061653
11139,92021,0.061298724
11140,39787,0.0009885154
11141,109399,5.7412723e-05
11142,59830,0.0037410532
11143,44834,0.52379495
11144,48334,0.0079947645
11145,12615,0.0004067702
11146,111790,0.024206866
11147,89064,0.07818704
11148,43828,0.97276986
11149,1422,0.00010773319
11150,100543,0.00021135548
11151,17290,0.00034314522
11152,47491,0.0016693916
11153,35121,0.0041407975
11154,69779,0.7478843
11155,13915,0.59822583
11156,96879,0.37862125
11157,83466,0.024206866
11158,39948,0.02084303
11159,62290,0.032669682
11160,50917,0.5628135
11161,16321,0.0008344364
11162,25258,0.0070359865
11163,45426,0.59822583
11164,45898,0.00034825498
11165,46709,0.6022919
11166,36590,0.9852427
11167,18538,0.13447009
11168,91709,0.004340315
11169,98810,0.08106991
11170,105057,0.6022919
11171,22550,0.20693505
11172,14983,0.015702382
11173,42020,0.0020615396
11174,7279,0.023309493
11175,44246,0.05811228
11176,39617,0.12078799
11177,63095,0.008612103
11178,60632,0.0060033025
11179,113847,0.0041793534
11180,87236,9.0607435e-05
11181,101435,0.58307195
11182,106169,0.0008122184
11183,101378,0.5350702
11184,55587,0.12290087
11185,83603,0.59938043
11186,16034,0.003373839
11187,78841,2.1601436e-05
11188,15841,0.0012543872
11189,82121,0.000106841
11190,79527,0.5628135
11191,16260,0.0011072916
11192,7829,0.8731015
11193,39608,0.0020856585
11194,105637,0.97781587
11195,97735,0.049366985
11196,31048,0.00027827307
11197,91366,0.00011251957
11198,64919,0.073884085
11199,64719,0.00015711458
11200,50778,0.98761976
11201,96900,0.00058517477
11202,69161,0.00019092711
11203,112925,0.24450037
11204,70041,0.0069380403
11205,11455,0.008247896
11206,15252,0.0278131
11207,57756,0.00026104445
11208,103220,0.0076375785
11209,54967,0.47754645
11210,90224,0.13447009
11211,43045,0.027550844
11212,37308,0.005060267
11213,47737,0.2622862
11214,78740,0.37492988
11215,54094,0.0078094616
11216,23861,0.021325976
11217,14497,0.036449376
11218,6078,0.0039436966
11219,36799,0.5350702
11220,109694,0.00042436586
11221,93369,0.87863064
11222,18412,0.8057262
11223,92946,0.32597795
11224,44360,0.638665
11225,7677,0.053895727
11226,79816,0.4888416
11227,33868,0.0004745771
11228,39750,0.59938043
11229,76860,0.00010134058
11230,30756,0.001689281
11231,101903,9.620309e-05
11232,7934,0.017004477
11233,5404,0.069537625
11234,95807,0.71801543
11235,27717,0.20893829
11236,2919,0.008247896
11237,75803,0.06427912
11238,7328,0.0027185536
11239,33300,0.00040856295
11240,65363,0.00058022083
11241,70979,0.024206866
11242,49601,0.003588254
11243,52670,0.13447009
11244,102146,0.13447009
11245,23557,0.00056228717
11246,63635,0.8636776
11247,3228,0.0098010395
11248,43514,0.79584295
11249,112670,0.0052681984
11250,79520,0.45888868
11251,112338,0.13447009
11252,31315,0.7976046
11253,62331,0.009927506
11254,92364,0.7478843
11255,79146,0.0120466435
11256,101668,0.12290087
11257,85424,8.830157e-05
11258,85655,0.13447009
11259,34942,0.5730763
11260,40914,0.9966132
11261,113880,0.6022919
11262,15460,0.0011072916
11263,45338,0.31145355
11264,26432,0.0070359865
11265,106859,0.58307195
11266,111627,0.5918634
11267,65182,0.012725955
11268,97209,0.53350335
11269,97435,0.2916034
11270,43356,0.016867047
11271,84672,0.4888416
11272,82275,0.000106841
11273,50757,0.5628135
11274,20768,0.00016164873
11275,59023,0.0008103986
11276,15829,0.009927506
11277,24253,0.02084303
11278,91534,0.40678856
11279,94986,0.024206866
11280,94959,2.4099714e-05
11281,28916,0.039509878
11282,3273,0.21860906
11283,80607,0.4888416
11284,17364,0.12290087
11285,23356,0.4888416
11286,80812,0.00021589237
11287,20302,0.00027418634
11288,90802,0.008477488
11289,10126,0.008783533
11290,52612,0.5628135
11291,57392,0.061298724
11292,84245,0.34392092
11293,46012,0.0008344364
11294,16832,0.0011888755
11295,105719,0.0004243485
11296,57910,0.0012854383
11297,3311,0.021937707
11298,46901,0.008285374
11299,38578,0.0003151838
11300,111692,0.00215505
11301,10286,0.008247896
11302,61657,0.35455248
11303,109250,0.37862125
11304,107989,0.07021838
11305,29504,0.5232106
11306,7721,0.0039436966
11307,105822,9.370944e-05
11308,16246,0.011616147
11309,62389,0.13447009
11310,11457,0.031754304
11311,102985,0.025290422
11312,59743,0.0011072916
11313,77479,0.00041702428
11314,55755,0.12290087
11315,76704,0.34392092
11316,18629,0.0014415454
11317,92001,0.41613477
11318,106215,0.0069380403
11319,71852,0.7478843
11320,63974,0.12035916
11321,76466,0.6857675
11322,3539,0.034346074
11323,19711,0.054573994
11324,74365,0.4888416
11325,100201,0.7349488
11326,18635,0.95083934
11327,46391,0.0015392686
11328,43957,0.766975
11329,26132,0.00025686217
11330,66858,0.0008344364
11331,68080,0.95004815
11332,92670,0.643951
11333,34485,0.5026056
11334,26017,0.012059835
11335,105999,0.024206866
11336,113780,0.0013076687
11337,38119,0.59822583
11338,77492,0.00027195696
11339,111190,0.56886965
11340,44860,0.3089335
11341,84248,0.6795658
11342,74595,0.02484052
11343,78822,0.0069380403
11344,45187,0.12078799
11345,69312,0.13447009
11346,57905,0.5730763
11347,25779,0.34661445
11348,80061,0.0007418766
11349,3510,0.013822098
11350,43661,0.0008344364
11351,36945,0.0070359865
11352,2836,0.034346074
11353,102306,0.16114923
11354,11656,0.01011158
11355,37498,0.00039623247
11356,8561,0.00095370127
11357,75628,0.007115362
11358,26471,0.009818205
11359,41107,0.69238746
11360,108798,0.78131825
11361,77522,0.12275081
11362,88953,0.71801543
11363,10113,0.0039436966
11364,88458,0.56749433
11365,33756,0.34661445
11366,21265,0.018676624
11367,25617,0.12078799
11368,77335,0.77230483
11369,74166,0.27559015
11370,56251,0.5232106
11371,114070,0.024206866
11372,46512,0.051022906
11373,107841,0.7678493
11374,43926,0.0017868213
11375,4582,0.0032600146
11376,9717,0.0050332136
11377,50476,0.0015853929
11378,47176,0.0004281507
11379,42017,0.011897027
11380,72466,0.13447009
11381,26624,0.19521376
11382,15712,0.021889687
11383,37546,0.19521376
11384,62849,0.12275081
11385,100344,0.20503531
11386,6656,0.0050332136
11387,83219,0.02224569
11388,42662,0.0008473263
11389,74918,0.07818704
11390,40575,0.015142322
11391,35136,0.0030203336
11392,25929,0.00034192766
11393,70771,0.78131825
11394,9160,0.0035749548
11395,11809,0.0008344364
11396,17958,0.4985085
11397,15011,0.033714566
11398,105080,0.13447009
11399,115642,0.47754645
11400,5417,0.010516585
11401,110351,0.12290087
11402,110965,0.009188496
11403,69819,0.2622862
11404,28528,0.00037149663
11405,45429,0.4888416
11406,91785,0.13447009
11407,64001,0.12035916
11408,88237,0.0049902825
11409,101216,0.106036216
11410,76493,0.0005645897
11411,104113,0.009188496
11412,67316,0.70778805
11413,61378,0.0069380403
11414,79798,0.56749433
11415,59547,0.7478843
11416,103675,0.6022919
11417,54321,0.0013598495
11418,52968,0.00016744537
11419,92040,0.006026623
11420,52572,0.13447009
11421,39192,0.47754645
11422,70223,0.30090106
11423,55844,0.4888416
11424,10197,0.008247896
11425,23648,0.0278131
11426,74996,0.3089335
11427,20832,0.4985085
11428,100608,0.003932758
11429,51134,0.014572694
11430,114271,0.009188496
11431,87450,1.3884667e-05
11432,6268,0.0034652818
11433,40239,0.007402212
11434,22089,0.4985085
11435,7059,0.008018386
11436,85520,0.13447009
11437,41305,0.2622862
11438,2286,0.98013306
11439,14093,0.5628135
11440,63625,0.6795658
11441,111092,0.95329523
11442,110720,0.007994594
11443,65347,0.2622862
11444,94328,0.00014033458
11445,110190,0.0008071839
11446,55406,0.12290087
11447,20826,0.010137472
11448,81161,0.34392092
11449,9925,0.010449789
11450,13951,0.59938043
11451,114983,0.5026056
11452,98349,0.0069380403
11453,33387,0.4888416
11454,73411,0.024206866
11455,3496,0.4835136
11456,46802,0.00022121487
11457,106987,0.00086536893
11458,102811,0.015142322
11459,16278,0.6857675
11460,43773,0.0070359865
11461,21428,0.4985085
11462,21298,0.014490051
11463,74370,0.13447009
11464,62874,0.48146573
11465,102406,0.0069380403
11466,71119,0.4888416
11467,33315,0.1508694
11468,59673,0.011517575
11469,69689,0.5346374
11470,25007,0.033028502
11471,49950,0.027119404
11472,97366,0.0013232745
11473,77148,0.006418149
11474,41679,0.02084303
11475,5440,0.07704517
11476,13109,0.0008344364
11477,71418,0.8338674
11478,92918,0.0010241107
11479,87125,0.005707723
11480,27452,0.004346945
11481,21775,0.0070359865
11482,11491,0.0054475744
11483,53666,0.13447009
11484,86569,0.04694134
11485,58377,0.005417213
11486,62142,0.029874334
11487,4577,0.69796836
11488,73874,0.30090106
11489,19842,0.03664784
11490,101887,0.009188496
11491,63696,0.010756634
11492,66316,0.0060033025
11493,114484,0.5232106
11494,45267,0.010198945
11495,67039,0.7478843
11496,5159,0.00028159664
11497,110422,0.05335345
11498,369,0.0069380403
11499,35245,0.4888416
11500,29086,0.5232106
11501,11713,0.008247896
11502,40490,0.0070359865
11503,67185,0.20503531
11504,25689,0.015038574
11505,85759,0.00046411043
11506,105265,0.52988625
11507,94215,0.007156454
11508,91349,0.4201848
11509,65523,0.0003656543
11510,106759,0.40678856
11511,28368,0.0040880116
11512,88095,0.02438613
11513,72280,0.30090106
11514,43118,0.2622862
11515,2805,0.021937707
11516,86680,0.00030474953
11517,112071,0.0010656539
11518,56630,0.7478843
11519,44801,0.5628135
11520,62369,0.16114923
11521,42866,0.0006187803
11522,114649,0.07818704
11523,77051,0.00040720653
11524,107427,0.75738317
11525,21617,0.98504686
11526,111303,0.030085884
11527,29292,0.004346945
11528,102344,0.059144076
11529,114598,0.47754645
11530,25772,0.00066957343
11531,61026,0.733664
11532,613,0.0060033025
11533,14278,0.4888416
11534,101895,0.73582023
11535,76131,2.1597234e-05
11536,1292,0.05336086
11537,64355,0.0041407975
11538,98734,0.13447009
11539,11863,2.7422928e-05
11540,7543,0.016935335
11541,47328,0.0070359865
11542,16941,0.09962458
11543,18196,0.26997432
11544,8954,0.047942977
11545,22629,0.1508694
11546,31560,0.42581627
11547,10539,0.59703815
11548,19510,0.4888416
11549,65552,0.0007746052
11550,47412,0.19521376
11551,33702,0.0002890735
11552,70473,0.0007180192
11553,68630,0.7478843
11554,35759,0.7976046
11555,44835,0.0010991456
11556,111514,0.028396439
11557,25093,0.0017743818
11558,5582,0.0069171013
11559,114479,0.87863064
11560,89186,0.004340315
11561,38508,0.018676624
11562,81189,0.45888868
11563,36874,0.0034644553
11564,78668,0.8044119
11565,20730,0.0003002918
11566,57470,0.59938043
11567,10334,0.13934237
11568,109093,0.023175027
11569,63140,0.79584295
11570,92277,0.024206866
11571,26853,0.02084303
11572,110227,0.3089335
11573,53070,4.6110727e-05
11574,80526,0.2181275
11575,23174,0.12035916
11576,4810,0.021937707
11577,60474,0.005614214
11578,16867,0.0038145971
11579,92528,0.30090106
11580,20342,0.8055856
11581,39872,0.0008344364
11582,13703,0.69796836
11583,115906,0.021318072
11584,69603,0.13447009
11585,39014,0.40678856
11586,8204,0.0039436966
11587,104792,0.0134694865
11588,74221,0.78131825
11589,75659,0.4888416
11590,31770,0.15288648
11591,7579,0.68390995
11592,106715,0.6022919
11593,55020,0.5730763
11594,103605,0.75738317
11595,37979,0.006758071
11596,78423,0.2622862
11597,67737,0.00026073176
11598,96208,0.024206866
11599,90672,0.12035916
11600,34465,0.6857675
11601,114517,0.15567808
11602,13520,0.027409334
11603,41567,0.042055316
11604,97174,0.6139433
11605,8662,0.021863114
11606,100843,0.8044119
11607,106619,0.62967145
11608,98742,0.005786004
11609,22002,0.037530314
11610,105875,0.1508694
11611,88346,0.0015696334
11612,86968,0.00215505
11613,112667,0.005839836
11614,106572,0.0001073339
11615,107398,0.19652489
11616,4653,0.003444817
11617,89017,0.005839836
11618,96256,0.34392092
11619,69546,0.0029114224
11620,71620,0.006298852
11621,21351,0.057106867
11622,65563,0.0016232468
11623,85630,0.2170439
11624,2499,0.008247896
11625,63593,0.0015105429
11626,24537,0.00014807787
11627,29328,0.5232106
11628,39922,0.4413185
11629,69368,0.13447009
11630,24359,0.12290087
11631,82097,0.024248097
11632,105771,0.87863064
11633,102265,0.060229108
11634,89415,0.590359
11635,13085,0.0021810015
11636,62784,0.0029114224
11637,88247,0.0015662713
11638,56373,0.006557449
11639,45195,0.20098324
11640,30048,0.10821275
11641,97337,1.9100426e-05
11642,48124,0.024206866
11643,26156,0.6857675
11644,65089,0.011402751
11645,16131,0.0011072916
11646,70495,0.8745886
11647,69577,0.96913415
11648,88743,0.590359
11649,71638,0.00021589237
11650,33805,0.5232106
11651,60203,0.59938043
11652,11819,3.5893736e-05
11653,46014,0.766975
11654,29351,0.79584295
11655,46294,0.0006305294
11656,100135,0.03414784
11657,98069,0.009553857
11658,63676,0.106024325
11659,83139,0.45888868
11660,45754,0.011897027
11661,61739,0.00023334958
11662,62800,0.78131825
11663,12694,0.13447009
11664,112658,0.005839836
11665,86881,0.12290087
11666,16669,0.0011072916
11667,89096,0.043436952
11668,5599,0.005408534
11669,6864,0.021937707
11670,56702,0.8763795
11671,95657,0.56749433
11672,71151,0.00037149663
11673,17590,0.6857675
11674,47333,0.48146573
11675,66174,0.0008621628
11676,24872,0.0065295263
11677,79565,0.04054585
11678,111538,0.5232106
11679,113368,0.5730763
11680,45649,0.31145355
11681,16976,0.6857675
11682,40276,0.12290087
11683,32976,0.0278131
11684,62221,0.4888416
11685,36475,0.6027404
11686,50678,0.15288648
11687,68255,0.024206866
11688,85155,0.00027423652
11689,96523,0.34392092
11690,85671,0.04458883
11691,114655,0.044053346
11692,73758,0.10027761
11693,23148,0.21136047
11694,26880,0.1508694
11695,2245,0.0039436966
11696,34756,0.60335207
11697,17444,0.0008344364
11698,67758,0.024206866
11699,60458,0.0020953624
11700,86609,0.020651823
11701,8046,0.01782675
11702,115979,0.0014752067
11703,9993,0.00044444835
11704,58498,0.0026981002
11705,6775,0.006095352
11706,85263,0.006758071
11707,37568,0.19521376
11708,63494,0.0027332613
11709,5551,0.008247896
11710,12646,0.0006681848
11711,75661,0.010210467
11712,90812,0.013627192
11713,52738,0.13447009
11714,103004,0.21136047
11715,63199,0.5346374
11716,71389,0.5628135
11717,68552,0.0017587844
11718,35212,0.15288648
11719,59092,0.5730763
11720,115857,0.024206866
11721,2816,0.007884927
11722,109242,0.58307195
11723,107241,0.47754645
11724,41039,0.4888416
11725,78128,0.20503531
11726,50523,0.00030167637
11727,31774,0.0012105147
11728,29605,0.0030297255
11729,21469,0.37492988
11730,61871,0.02484052
11731,28278,0.0033811661
11732,92897,0.0051597306
11733,47441,0.0032756003
11734,43875,0.0014577897
11735,47854,0.0069380403
11736,91613,2.1013675e-05
11737,72102,0.011663879
11738,7911,0.0018368879
11739,46186,0.12078799
11740,32252,0.47754645
11741,76738,0.00069012895
11742,94088,0.024206866
11743,41546,0.0069380403
11744,5613,0.026646854
11745,10874,0.008247896
11746,114863,0.002298007
11747,22321,0.52379495
11748,3241,0.003194116
11749,46193,0.0006882892
11750,99711,0.50293183
11751,89718,0.7478843
11752,87940,0.30090106
11753,115479,0.79734695
11754,108950,0.81980735
11755,21317,0.002847351
11756,40484,3.171847e-05
11757,88176,0.34392092
11758,92987,0.19521376
11759,85493,0.5263963
11760,45711,0.5026056
11761,2067,0.9780425
11762,93087,0.0052471603
11763,111258,0.3089335
11764,19846,0.8745886
11765,78683,0.13447009
11766,1954,0.012279
11767,74813,0.08260083
11768,94541,0.60409665
11769,36065,0.5232106
11770,113220,0.06682916
11771,25947,0.04694134
11772,24470,0.0020718006
11773,111868,0.049366985
11774,11108,0.033282194
11775,25,0.22022916
11776,89723,0.5232106
11777,33127,0.004346945
11778,59123,0.78131825
11779,32880,0.9788325
11780,52211,0.12652355
11781,28835,8.320204e-05
11782,23919,0.00055002625
11783,59767,0.0008103986
11784,49978,0.5232106
11785,1627,0.0039436966
11786,54457,0.752463
11787,115637,0.07021838
11788,26117,0.0006882892
11789,2216,0.012986855
11790,49962,0.006758071
11791,70552,0.5628135
11792,2815,0.007884927
11793,112277,0.5730763
11794,90537,0.30015066
11795,109277,0.024206866
11796,80249,0.34392092
11797,14097,0.5628135
11798,46266,0.42581627
11799,93434,0.6843454
11800,27501,0.005799991
11801,93616,0.7478843
11802,60487,0.13447009
11803,19086,0.008486539
11804,50870,0.5122713
11805,26828,0.3089335
11806,70222,0.025349155
11807,16859,0.009927506
11808,88659,0.56749433
11809,1350,0.06859021
11810,23969,0.00028159664
11811,32965,0.0027014164
11812,32066,0.5232106
11813,20196,0.054573994
11814,106827,0.557548
11815,104565,1.5504427e-05
11816,45791,0.12290087
11817,105389,0.75738317
11818,47081,0.005738544
11819,54629,0.000106841
11820,95515,1.7668148e-05
11821,95357,0.78131825
11822,69435,0.004326417
11823,92625,0.7478843
11824,3380,0.0039436966
11825,75793,0.06427912
11826,46248,0.12078799
11827,16095,0.47754645
11828,32477,0.02279648
11829,28492,0.5628135
11830,39692,0.0014080327
11831,80960,0.00030549918
11832,35161,0.00040059446
11833,109215,1.7612616e-05
11834,53456,0.5232106
11835,24954,0.0062540784
11836,34463,0.5730763
11837,21613,0.0069380403
11838,98024,0.34392092
11839,89394,0.56749433
11840,8048,0.0077516995
11841,95166,0.0006746154
11842,7587,0.7307767
11843,87242,0.061298724
11844,32447,0.012280648
11845,80688,0.34392092
11846,84022,0.027119404
11847,2807,0.025228934
11848,102905,0.5232106
11849,47776,0.0022208928
11850,113304,0.024206866
11851,5593,0.0070954035
11852,93055,0.20503531
11853,71537,0.0023519807
11854,94462,0.16114923
11855,37166,0.6022919
11856,23433,0.004328176
11857,111307,0.24450037
11858,111690,0.6843454
11859,4463,0.972462
11860,26634,0.19521376
11861,45438,0.6857675
11862,78809,0.00030549918
11863,46621,0.19521376
11864,107203,4.4471755e-05
11865,49046,0.0020615396
11866,40526,0.0008344364
11867,78295,0.2170439
11868,83092,0.34392092
11869,39337,0.4888416
11870,113305,0.4123848
11871,71730,0.3089335
11872,79526,0.001491518
11873,56740,0.0008344364
11874,104095,0.1508694
11875,87321,0.0006125689
11876,94872,0.031665727
11877,65352,0.00060314377
11878,82796,0.0071907747
11879,65685,0.2622862
11880,16535,0.0075326078
11881,67720,0.5628135
11882,27711,0.018334555
11883,24241,0.12078799
11884,14128,0.18376456
11885,72276,0.34392092
11886,83654,0.0023519807
11887,50378,0.56782615
11888,21565,0.0008344364
11889,38602,0.016235711
11890,8077,0.8699766
11891,53174,0.009573582
11892,49891,0.0011178406
11893,62026,0.016867047
11894,85498,0.34392092
11895,770,0.0038145971
11896,99330,0.0040955995
11897,8528,0.010516585
11898,5515,0.036056653
11899,108933,0.008862073
11900,100738,0.2622862
11901,64197,0.006758071
11902,83767,0.008612103
11903,78876,0.0022208928
11904,23352,0.00013596658
11905,69144,0.0069380403
11906,56258,0.0035688046
11907,83827,0.010137472
11908,90742,0.7478843
11909,92150,0.018163886
11910,34802,0.5232106
11911,51365,3.911808e-05
11912,50197,0.0018973589
11913,18541,0.01826105
11914,80994,0.45253184
11915,105513,0.024206866
11916,49240,0.16114923
11917,18817,0.2170439
11918,9069,0.031754304
11919,95339,0.0069380403
11920,82869,0.5628135
11921,66797,0.12035916
11922,57997,0.0014080327
11923,39087,0.7006492
11924,17043,0.69238746
11925,107540,0.05335345
11926,75403,0.003571135
11927,104058,6.0997678e-05
11928,1640,0.007884927
11929,83408,0.733664
11930,21579,0.5628135
11931,115636,0.0078094616
11932,101363,0.58307195
11933,68145,0.13447009
11934,102715,0.0120466435
11935,29262,0.5026056
11936,86927,0.5026056
11937,33116,0.040636003
11938,86615,0.4888416
11939,27531,0.19652489
11940,42675,0.82937336
11941,105326,0.75738317
11942,30359,0.5232106
11943,93486,0.30090106
11944,18023,0.00027130565
11945,2059,0.034346074
11946,69767,0.34392092
11947,92912,0.5824497
11948,53978,0.13447009
11949,7016,0.02924629
11950,54371,0.0015834017
11951,44300,0.003116589
11952,82200,0.19576807
11953,81782,0.78131825
11954,63087,0.057028957
11955,109212,0.0038359622
11956,102032,0.5232106
11957,39383,0.4413185
11958,106748,0.00090137887
11959,57248,0.024206866
11960,66035,0.012725955
11961,15548,0.007859644
11962,74628,0.13447009
11963,85849,0.4888416
11964,2530,0.766975
11965,99009,0.0012929086
11966,32255,0.88018847
11967,41756,0.010198945
11968,97624,0.032572266
11969,36482,0.5232106
11970,102372,0.3089335
11971,102807,0.73686934
11972,16043,0.0007994225
11973,21491,0.42581627
11974,16385,0.8731015
11975,6577,0.013822098
11976,103165,0.12287841
11977,25393,0.34661445
11978,84603,0.00014424046
11979,42539,0.0041407975
11980,86816,0.0069380403
11981,70958,0.34392092
11982,98281,0.53350335
11983,66271,0.8356625
11984,61702,0.03502317
11985,111005,0.010470839
11986,31320,0.032317188
11987,55545,0.0069380403
11988,52488,0.4201848
11989,59042,0.0001048058
11990,59832,0.0015696334
11991,78101,0.007859644
11992,34782,0.7424075
11993,75712,0.4888416
11994,392,0.019241843
11995,52885,0.5232106
11996,37755,0.12078799
11997,35414,0.5730763
11998,8774,0.0057382775
11999,23859,0.0059880847
12000,9453,0.011372094
12001,46071,0.011897027
12002,84596,0.005639007
12003,15762,0.009812791
12004,108707,0.07818704
12005,64774,0.004100996
12006,48198,0.0002722527
12007,115966,0.000106841
12008,113318,0.00017257518
12009,27954,0.00018447472
12010,55112,0.00050520775
12011,59501,0.0017147216
12012,100163,0.0025920293
12013,88416,0.34392092
12014,80325,0.007859644
12015,1456,0.02084303
12016,95265,0.0028252755
12017,73369,0.024206866
12018,801,0.008314056
12019,71831,0.0015105429
12020,54935,0.23309723
12021,55799,0.99853456
12022,67413,0.34392092
12023,8173,0.007884927
12024,90342,0.5628135
12025,57152,0.78131825
12026,78738,0.34392092
12027,50164,0.5628135
12028,79783,0.0013643593
12029,77478,0.0004705332
12030,115605,0.528339
12031,107266,0.34392092
12032,37932,0.4888416
12033,46171,0.006900122
12034,114356,0.0005305619
12035,15310,0.9654829
12036,26800,0.0011072916
12037,62483,0.011897027
12038,55047,0.8763795
12039,40930,0.2595534
12040,50380,0.12290087
12041,86146,0.021584662
12042,55092,0.12035916
12043,10409,0.057469305
12044,46956,0.0008344364
12045,106402,0.75738317
12046,78657,0.0029041574
12047,98202,0.056111116
12048,84924,0.007174908
12049,51127,0.2622862
12050,17245,0.26997432
12051,50457,0.5232106
12052,14067,2.3875555e-05
12053,12040,0.015277598
12054,79663,0.009188496
12055,5800,0.26386112
12056,84957,0.00025196993
12057,43642,0.0021259836
12058,40150,0.44748464
12059,70602,0.0011115712
12060,15305,0.004326417
12061,23568,0.8055856
12062,17171,0.0007269616
12063,48877,0.017429283
12064,24381,0.0012538969
12065,109028,0.009188496
12066,67240,0.733664
12067,8153,0.00044464815
12068,71662,0.34392092
12069,85888,0.0060033025
12070,101158,0.00027306014
12071,102633,0.024206866
12072,10383,0.44851086
12073,61991,0.34661445
12074,46697,0.011897027
12075,107686,0.009188496
12076,74604,0.029874334
12077,90430,0.027119404
12078,74632,0.000913589
12079,103963,0.5020986
12080,75688,0.12035916
12081,6999,0.69796836
12082,48723,0.024206866
12083,103898,0.58307195
12084,32441,0.4888416
12085,94362,0.0007426504
12086,17651,0.00012575388
12087,43706,0.02084303
12088,83490,0.0032610497
12089,83952,0.590359
12090,49528,0.057437453
12091,114965,0.029841844
12092,50606,0.00028856297
12093,21891,0.69238746
12094,68978,0.4888416
12095,70986,0.78131825
12096,91816,0.34392092
12097,67476,0.01658721
12098,37489,0.0008344364
12099,77154,0.00037588034
12100,48996,0.0018594239
12101,60908,0.7478843
12102,77204,0.024206866
12103,96070,0.34392092
12104,11631,0.0039436966
12105,105598,0.60899097
12106,72750,0.03604926
12107,24447,0.0069380403
12108,91977,0.5628135
12109,40520,0.0013777306
12110,97362,0.010494092
12111,46130,0.007402212
12112,83510,0.0064328555
12113,12443,0.4985085
12114,112096,0.0010066493
12115,66501,0.52379495
12116,24981,0.0004705332
12117,20712,0.008135748
12118,15382,0.004233348
12119,85170,0.13447009
12120,54248,0.5730763
12121,54438,0.7915935
12122,111471,0.041965593
12123,91418,0.8057262
12124,10054,0.0063750776
12125,8384,0.008025243
12126,78250,8.043939e-05
12127,68911,0.4888416
12128,57908,0.16114923
12129,55296,0.059933767
12130,38945,0.0048087235
12131,75231,0.06427912
12132,30290,0.002419896
12133,69083,0.16114923
12134,53325,0.5730763
12135,20204,0.2170439
12136,41700,0.00857521
12137,50899,0.2622862
12138,18498,0.07004065
12139,21149,0.42581627
12140,70360,0.12035916
12141,83203,0.8044119
12142,66982,0.5628135
12143,15980,0.0069380403
12144,69185,3.4634915e-05
12145,113043,0.048201922
12146,72727,0.47754645
12147,88013,1.7810455e-05
12148,101857,0.32676116
12149,12796,0.006758836
12150,32788,0.012398635
12151,51827,0.10985459
12152,98823,0.0005365256
12153,56271,0.733664
12154,47179,0.0033943113
12155,90012,0.024206866
12156,114762,0.0010011981
12157,91587,0.0009149776
12158,64253,0.0060033025
12159,13171,0.95496625
12160,12677,0.0058448464
12161,31045,0.018676624
12162,59906,0.4888416
12163,95414,0.025290422
12164,35940,0.5232106
12165,76302,0.7478843
12166,84430,0.001019412
12167,78011,0.06813553
12168,44055,0.0041407975
12169,43428,0.00096970994
12170,37441,0.002847351
12171,32776,0.0008344364
12172,19695,0.0038145971
12173,66780,0.011742337
12174,37183,0.6857675
12175,67566,0.85062313
12176,89424,0.13447009
12177,38665,0.0022208928
12178,75991,0.3089335
12179,38305,0.1508694
12180,53842,0.005712436
12181,44598,0.05074214
12182,77949,0.3089335
12183,57902,0.00033969682
12184,59995,0.02781691
12185,107728,0.52988625
12186,40472,0.4888416
12187,43651,0.554042
12188,46905,0.011897027
12189,25589,0.02484052
12190,39823,0.59938043
12191,60723,0.12290087
12192,83167,0.0010519199
12193,22282,0.05072495
12194,58520,0.5232106
12195,76696,0.98816454
12196,112788,0.00040545146
12197,98418,0.02279648
12198,17287,8.8455636e-05
12199,111302,0.12290087
12200,57381,0.5122713
12201,25801,0.12290087
12202,46887,0.0006517022
12203,49545,0.5232106
12204,47291,0.68328345
12205,55235,0.59822583
12206,24212,0.0027480691
12207,81276,0.0018904355
12208,10272,0.26386112
12209,82033,0.5026056
12210,109184,2.6305235e-05
12211,67154,0.018387165
12212,12981,0.98041224
12213,45590,0.005738544
12214,49129,0.45888868
12215,11257,0.06859021
12216,15837,0.00060615136
12217,91102,0.56749433
12218,94545,0.20503531
12219,64846,0.013659366
12220,19471,0.009927506
12221,11392,0.008018386
12222,84947,0.6857675
12223,14166,0.0024890667
12224,43919,0.0068548415
12225,5280,0.85631025
12226,73347,0.12290087
12227,44514,0.0070359865
12228,107240,0.00021969934
12229,62038,0.006758071
12230,89923,0.004948695
12231,38791,0.0008344364
12232,6495,0.058883075
12233,66352,0.07127253
12234,105877,0.26997432
12235,44460,0.12290087
12236,9244,0.7307767
12237,87674,0.7478843
12238,51159,0.001095595
12239,56658,0.0018904355
12240,39436,0.12078799
12241,90426,0.006758071
12242,87398,0.0023644743
12243,90553,2.6354148e-05
12244,55484,0.0069380403
12245,101554,0.24450037
12246,72563,0.5232106
12247,28989,0.055429235
12248,9928,0.0069171013
12249,2058,0.5730763
12250,48873,0.8057262
12251,115028,0.05811228
12252,96560,0.00018486986
12253,63881,0.08697566
12254,88006,0.0029017474
12255,84376,0.34392092
12256,72548,0.00872611
12257,86047,0.7478843
12258,105668,0.004391144
12259,3120,0.0047478396
12260,86592,0.34392092
12261,29741,0.5232106
12262,84340,0.5628135
12263,113340,0.0005541349
12264,30791,4.1457657e-05
12265,70440,0.34392092
12266,54879,0.0009539216
12267,12242,0.00028159664
12268,33542,0.009011644
12269,63966,0.5730763
12270,41173,0.0070359865
12271,35005,0.014582058
12272,8517,0.69796836
12273,20033,0.04985191
12274,34921,0.5232106
12275,99064,0.24450037
12276,75942,0.34054893
12277,89400,0.56749433
12278,90019,0.56749433
12279,109053,0.58307195
12280,35632,0.5232106
12281,57004,0.5232106
12282,63297,0.85546416
12283,33731,0.018676624
12284,73773,0.12035916
12285,58003,0.12290087
12286,66819,0.029874334
12287,44545,0.3089335
12288,106172,0.34392092
12289,61891,0.024206866
12290,79270,0.0015395436
12291,61270,0.26997432
12292,96206,0.0010066493
12293,50482,0.0008344364
12294,54936,0.0002670435
12295,63931,0.0017587844
12296,98356,0.016665477
12297,109672,0.044053346
12298,22259,0.4985085
12299,74643,0.027119404
12300,4517,0.00030441763
12301,12991,0.0058448464
12302,30426,0.0007177523
12303,10799,0.008042586
12304,81223,0.003241796
12305,3863,0.008247896
12306,56853,0.20503531
12307,29460,0.6857675
12308,52247,0.5232106
12309,20611,0.018857906
12310,27234,0.004533454
12311,69719,0.049751725
12312,72113,0.13447009
12313,10421,0.4568756
12314,64422,0.0004317879
12315,108438,0.46006948
12316,57034,0.012164273
12317,82296,0.0034497266
12318,66508,0.52379495
12319,1591,0.45888868
12320,22745,0.0009853129
12321,47738,0.0008344364
12322,83847,0.010210467
12323,13770,0.8745886
12324,54679,0.0078094616
12325,31493,0.59822583
12326,77089,0.59822583
12327,38735,0.0020718006
12328,70145,0.12290087
12329,51490,0.59822583
12330,52216,0.2181275
12331,4820,0.25203338
12332,3420,0.0011072916
12333,26659,0.69238746
12334,69324,0.0036612637
12335,70783,0.0002670435
12336,74661,0.024206866
12337,100105,0.000849739
12338,65855,0.0072625442
12339,5714,0.0034652818
12340,4620,0.00015515626
12341,79009,0.34661445
12342,574,0.0075326078
12343,43778,0.0017793389
12344,101133,0.0078094616
12345,66561,0.0003140901
12346,110876,0.34392092
12347,42212,0.0008565802
12348,14554,0.6857675
12349,75691,0.067466095
12350,4027,0.07200105
12351,91686,0.37862125
12352,42709,0.12078799
12353,66326,0.51646364
12354,112746,0.0060033025
12355,69645,0.45888868
12356,82438,0.95496625
12357,72724,0.5628135
12358,75665,0.0006071042
12359,70214,0.00023739478
12360,40573,0.5026056
12361,69976,0.024206866
12362,71583,0.0012699359
12363,11152,0.59703815
12364,23602,0.008285374
12365,48796,0.5232106
12366,54080,0.26997432
12367,32497,0.0018594239
12368,13699,0.007859644
12369,65388,0.01451028
12370,21013,0.008772003
12371,30033,0.0012778431
12372,110983,0.00014241638
12373,8818,0.0017348661
12374,42138,0.9954685
12375,65132,0.012725955
12376,19663,0.009927506
12377,113652,2.6580123e-05
12378,98930,0.0027332613
12379,4192,0.0028876842
12380,61915,0.2181275
12381,56478,0.00027386393
12382,15904,0.5628135
12383,114538,0.015142322
12384,112509,0.015590605
12385,11670,0.016065754
12386,2356,0.00010195685
12387,97075,0.13447009
12388,40525,0.37963933
12389,1293,0.05336086
12390,76202,0.30090106
12391,21543,0.015702382
12392,18167,0.0069380403
12393,106769,0.027222492
12394,27165,0.68328345
12395,89981,0.04054585
12396,35320,0.5232106
12397,103154,0.007859644
12398,58371,0.024206866
12399,46303,0.02084303
12400,36460,0.5628135
12401,84633,0.07818704
12402,35905,0.0016912516
12403,75796,0.00015869037
12404,44521,0.5026056
12405,2840,0.0007081321
12406,107655,0.024206866
12407,91028,0.0052681984
12408,90709,0.13447009
12409,72538,0.00027386393
12410,69897,0.0006649931
12411,112173,0.10652142
12412,15184,0.40950078
12413,20404,0.00031737168
12414,4842,0.49502462
12415,28724,0.011897027
12416,87296,0.73686934
12417,3834,0.0009323722
12418,81397,0.029874334
12419,31042,0.00041502962
12420,25146,0.12078799
12421,103341,0.007797746
12422,101823,0.005132436
12423,3885,0.031332474
12424,8500,0.00031398292
12425,27879,0.5730763
12426,97591,0.33352122
12427,82133,0.00041171696
12428,86023,0.010210467
12429,38206,0.97267544
12430,81668,0.005716283
12431,114777,0.8044119
12432,75715,0.0010066493
12433,56895,0.0029933455
12434,96888,0.01733762
12435,27907,0.00481278
12436,107586,0.0028401846
12437,31444,0.0012159809
12438,114717,0.00872611
12439,114781,0.009468314
12440,112781,0.9271887
12441,68264,0.000913589
12442,23284,0.004121449
12443,49565,0.5232106
12444,61276,0.5611369
12445,26691,0.6857675
12446,100901,0.0060891556
12447,15447,0.59938043
12448,5091,0.08508578
12449,107094,0.34392092
12450,84766,0.733664
12451,21211,0.011616147
12452,110678,0.1508694
12453,84346,0.733664
12454,53301,0.5232106
12455,91482,0.34392092
12456,42406,0.11454947
12457,64206,0.2622862
12458,39660,0.010516664
12459,70633,0.0015696334
12460,64154,0.12035916
12461,88772,0.60409665
12462,92138,0.5075232
12463,38565,0.41613477
12464,55541,0.040636003
12465,52485,0.007859644
12466,22445,0.3089335
12467,90485,0.12290087
12468,473,0.69238746
12469,97810,0.6843454
12470,46392,0.0010434858
12471,52423,0.5026056
12472,18721,0.4888416
12473,30744,0.5232106
12474,69791,0.16114923
12475,96249,0.023649527
12476,62001,0.68617105
12477,74266,0.32597795
12478,56490,0.0006058447
12479,111889,0.32676116
12480,101073,0.00023526633
12481,74795,0.1890358
12482,46007,0.0013400989
12483,41418,0.011897027
12484,21145,0.0026536174
12485,35238,8.88911e-05
12486,87481,0.0029114224
12487,464,0.0628029
12488,51378,0.025043935
12489,73632,0.34392092
12490,57945,0.13447009
12491,58317,0.590359
12492,57485,0.78131825
12493,60008,0.00026073176
12494,18099,0.31145355
12495,115851,0.004611021
12496,88103,0.78131825
12497,101613,0.24450037
12498,42360,0.554042
12499,7577,0.06316098
12500,6226,0.1655398
12501,114623,0.5918634
12502,34468,0.040636003
12503,30181,0.4888416
12504,38934,0.010210467
12505,31701,0.0078094616
12506,54305,0.0069380403
12507,69314,0.0029114224
12508,98259,0.58307195
12509,44019,0.0022208928
12510,30442,0.0052471603
12511,71732,0.006418149
12512,40732,0.5628135
12513,48136,0.00010400287
12514,31510,0.02484052
12515,96889,0.7478843
12516,58276,0.13447009
12517,100497,0.34392092
12518,7921,0.0001579505
12519,101481,0.03804058
12520,39753,0.0033465438
12521,26302,0.027119404
12522,80499,0.0017587844
12523,65849,0.0060033025
12524,11244,0.9685034
12525,43583,0.5026056
12526,36699,0.7704209
12527,58387,0.055746336
12528,104980,0.12035916
12529,64109,0.0051854067
12530,13833,0.59938043
12531,6562,0.0012053847
12532,103288,0.0131777655
12533,59038,0.000106841
12534,39386,0.010198945
12535,94160,0.03604926
12536,63670,0.7980782
12537,111916,0.9930259
12538,26173,0.12078799
12539,32224,0.6022919
12540,96706,0.00058022083
12541,115522,0.4201848
12542,74594,0.2622862
12543,29806,0.008285374
12544,637,0.42581627
12545,56776,0.0079947645
12546,82047,0.0069380403
12547,52655,0.006782787
12548,77233,0.024206866
12549,377,0.08508578
12550,96056,0.12035916
12551,92954,0.13447009
12552,97874,0.12396051
12553,23880,0.5232106
12554,49399,0.5232106
12555,11320,0.00097567437
12556,60273,0.5730763
12557,9856,0.021937707
12558,24556,0.554042
12559,105216,0.009188496
12560,34306,0.5232106
12561,60397,0.0011844825
12562,107992,0.024206866
12563,109472,0.0030330298
12564,16758,0.00046840712
12565,70652,8.495569e-05
12566,83921,0.30090106
12567,46324,0.007402212
12568,24843,0.007824517
12569,110159,0.0051932987
12570,40476,0.010198945
12571,101193,0.016235711
12572,23920,0.00034286172
12573,80987,0.010210467
12574,96937,0.7009889
12575,21983,0.00062017015
12576,100650,0.97781587
12577,15630,0.006782787
12578,44887,0.0060033025
12579,52180,0.5232106
12580,33286,3.6205718e-05
12581,83208,0.30090106
12582,47356,0.0006187803
12583,38434,0.12078799
12584,112786,0.02484052
12585,62797,0.0020353817
12586,89370,0.000784117
12587,54809,0.12290087
12588,98706,0.00010174484
12589,66360,0.00017249769
12590,95846,0.46006948
12591,114871,0.011696002
12592,79484,0.34392092
12593,39194,0.0016233535
12594,15565,0.47754645
12595,100188,0.009978881
12596,28355,0.19652489
12597,76211,0.0015201581
12598,95950,0.590359
12599,89493,0.56749433
12600,5901,0.013578771
12601,41869,0.0008344364
12602,18302,0.0034497266
12603,94744,0.6027404
12604,14390,0.5628135
12605,18086,2.3006356e-05
12606,63114,0.7478843
12607,10483,0.0018368879
12608,90620,0.13447009
12609,43071,0.19521376
12610,16848,0.0075326078
12611,59417,0.00021179185
12612,106971,0.0006341022
12613,51730,0.9626095
12614,44590,0.1508694
12615,59779,0.0008103986
12616,15215,0.017041259
12617,60216,0.6795658
12618,38557,0.006544561
12619,48799,0.0018594239
12620,74136,0.0018594239
12621,83015,0.004709199
12622,71222,0.0057055824
12623,36262,0.9790203
12624,114242,0.6022919
12625,98458,0.0033893306
12626,42015,0.4888416
12627,79304,0.14427938
12628,74250,0.029874334
12629,9653,0.05542147
12630,86008,0.024206866
12631,12755,0.0011072916
12632,81754,0.47383937
12633,87243,0.004410555
12634,18712,0.0008344364
12635,18929,0.0008344364
12636,52538,0.005014898
12637,112487,0.75738317
12638,78991,0.002847351
12639,87115,0.3089335
12640,10678,0.0648613
12641,107960,0.71340895
12642,783,0.7431329
12643,83109,0.011012454
12644,23308,0.0018235607
12645,115443,0.0008346284
12646,30674,0.5232106
12647,102438,0.048965137
12648,21170,0.00022796135
12649,42142,0.000110376
12650,69030,0.0015051966
12651,34757,0.40678856
12652,32004,0.0114153195
12653,66143,0.10714645
12654,23132,0.0069380403
12655,83402,0.47754645
12656,38343,0.006034821
12657,83137,0.64412415
12658,106491,0.07004065
12659,112331,0.1508694
12660,40898,0.005417213
12661,105742,7.478366e-05
12662,26479,0.12078799
12663,84595,0.04344542
12664,109410,0.0069380403
12665,4246,0.0027946117
12666,93928,0.7009889
12667,34070,0.5730763
12668,92186,0.1508694
12669,45145,0.86312497
12670,108051,0.04954909
12671,34473,0.0008344364
12672,87787,0.7478843
12673,19640,0.4985085
12674,112043,0.56886965
12675,78676,0.14427938
12676,88808,0.78131825
12677,52775,0.5232106
12678,38438,0.12078799
12679,31965,0.766975
12680,79781,0.021063577
12681,15312,0.005614214
12682,115419,0.005973712
12683,46584,0.0068548415
12684,8656,0.013822098
12685,8334,0.0048300195
12686,31347,0.6857675
12687,46835,0.0015105429
12688,98856,0.00030549918
12689,98431,9.5092735e-05
12690,13009,0.68617105
12691,82666,0.30090106
12692,35616,0.03599013
12693,69964,0.61716485
12694,47091,0.0060033025
12695,816,0.021919478
12696,87307,0.7976046
12697,32025,0.5232106
12698,32595,0.12290087
12699,26639,0.023787519
12700,58188,0.13447009
12701,48067,0.5232106
12702,111618,0.067466095
12703,88918,0.7478843
12704,36550,0.006418149
12705,14778,5.412467e-05
12706,73110,0.0004988931
12707,13757,0.011809721
12708,38457,0.0012854383
12709,41053,0.007402212
12710,99269,0.32676116
12711,1331,0.0018368879
12712,89594,0.0035295477
12713,22760,0.0018594239
12714,63941,0.0072625442
12715,48842,0.3089335
12716,69823,0.34392092
12717,33758,0.0021084324
12718,100058,0.06987388
12719,77736,0.0069380403
12720,32278,0.3089335
12721,20654,0.009462972
12722,58334,0.0040913303
12723,94664,0.024206866
12724,113940,0.00088975567
12725,86654,0.011778448
12726,26915,0.3089335
12727,88531,0.4201848
12728,31674,0.5628135
12729,114506,0.6022919
12730,103422,0.07818704
12731,53129,0.3089335
12732,103105,0.8301858
12733,19292,0.009927506
12734,113034,0.048201922
12735,5360,0.038232908
12736,39684,0.59822583
12737,51673,0.88769776
12738,15789,0.014080701
12739,35439,0.00013872262
12740,93631,0.009946336
12741,108138,0.022503551
12742,50713,0.5232106
12743,66733,0.05335345
12744,37018,0.0025532576
12745,50908,0.5026056
12746,31752,0.0012159809
12747,63838,0.00081332715
12748,25866,0.12078799
12749,99007,0.0012047321
12750,68459,0.34392092
12751,92921,0.7478843
12752,47751,0.0013821219
12753,18084,0.009927506
12754,90499,0.64751875
12755,84876,0.014490051
12756,109431,5.6339595e-05
12757,21680,0.12078799
12758,25018,0.0005167777
12759,79208,0.7678493
12760,91269,0.0002555945
12761,27816,0.19652489
12762,42370,0.8745886
12763,10669,0.00022503517
12764,88616,0.5628135
12765,64674,0.0031091296
12766,59950,0.733664
12767,82044,0.2170439
12768,53989,0.0015655839
12769,4040,0.0039436966
12770,47747,0.027550844
12771,76413,0.59822583
12772,15129,0.47754645
12773,91002,0.0029114224
12774,14260,0.0010991456
12775,110752,0.96481454
12776,45792,0.003116589
12777,48006,0.5232106
12778,114889,0.44521296
12779,8937,0.0007252614
12780,40599,0.0020718006
12781,47535,0.47754645
12782,66034,0.20503531
12783,57335,0.2622862
12784,65811,0.0002476148
12785,52344,0.5730763
12786,59349,0.5730763
12787,11668,0.0047541256
12788,88991,0.56749433
12789,99807,0.024206866
12790,37824,0.12290087
12791,93968,0.004340315
12792,6308,0.49502462
12793,86381,0.024206866
12794,15629,0.4985085
12795,75706,0.013006808
12796,48104,0.00025357405
12797,10492,0.010516585
12798,15322,0.00078553724
12799,35843,0.12290087
12800,97710,0.73686934
12801,49945,0.0005152362
12802,24602,0.007402212
12803,8155,0.015601124
12804,77660,0.01451028
12805,95724,0.12035916
12806,112675,0.528339
12807,88462,0.638665
12808,92351,0.0028402521
12809,3382,0.0018289699
12810,33931,0.00083744695
12811,31035,0.00052409084
12812,93614,0.3089335
12813,70165,0.13447009
12814,110412,0.34392092
12815,29571,0.00029909977
12816,16093,0.5611369
12817,61334,0.009927506
12818,109381,0.06562725
12819,92459,0.73686934
12820,108185,0.95004815
12821,6596,0.0077516995
12822,5692,0.39819574
12823,1696,0.007402212
12824,94605,0.024206866
12825,107499,0.002273654
12826,39037,0.0009853129
12827,66164,0.07127253
12828,73611,0.024206866
12829,109468,0.017152961
12830,83977,0.733664
12831,72087,0.7478843
12832,68989,0.0069380403
12833,65828,0.42249477
12834,83519,0.45888868
12835,99570,0.12197286
12836,22659,0.02975239
12837,109735,0.004340315
12838,101179,0.0012762934
12839,52516,0.13447009
12840,8463,0.0028178
12841,106243,0.0056574238
12842,47735,0.12078799
12843,96776,0.12290087
12844,12161,0.0036445893
12845,30318,0.0063297707
12846,105905,0.24450037
12847,109984,0.6022919
12848,27842,0.12290087
12849,37413,0.4888416
12850,51533,0.003116589
12851,60657,0.79584295
12852,101573,0.8819471
12853,77834,0.054453146
12854,1811,0.011746759
12855,21318,0.00012816623
12856,46809,0.04694134
12857,89992,0.30090106
12858,72748,0.006403466
12859,5074,0.09333572
12860,43484,0.41613477
12861,56565,0.6857675
12862,62501,0.42581627
12863,88835,0.78131825
12864,97927,0.0011227193
12865,101327,0.75738317
12866,60962,0.0005748653
12867,107724,0.024206866
12868,5913,0.008305694
12869,29486,0.004346945
12870,63662,0.026289925
12871,74208,0.0027332613
12872,57572,0.20893829
12873,33993,0.0060033025
12874,13538,0.0008344364
12875,108622,1.5118187e-05
12876,1509,0.37963933
12877,17864,0.5442662
12878,33058,0.44748464
12879,7891,0.00031927665
12880,16266,0.0008344364
12881,101440,0.4201848
12882,64088,0.029874334
12883,100636,0.024206866
12884,3710,0.7841161
12885,72535,0.7009889
12886,46256,0.03664784
12887,58112,0.0069380403
12888,88925,0.0034019835
12889,113850,0.78131825
12890,54609,0.007401518
12891,10022,0.00805233
12892,82181,0.78131825
12893,112891,0.00070814055
12894,94359,0.27559015
12895,58008,0.12290087
12896,62978,0.02781691
12897,62509,0.00013322994
12898,110215,0.4123848
12899,70166,0.5628135
12900,88724,0.87863064
12901,106141,0.34392092
12902,36253,0.7976046
12903,72031,0.0014080327
12904,94147,0.032572266
12905,38638,0.0011618647
12906,6613,0.002538689
12907,97226,0.34392092
12908,102890,0.007859644
12909,55416,0.16114923
12910,99179,0.024206866
12911,72188,0.34392092
12912,60967,0.5346374
12913,105027,0.7678493
12914,99342,0.0023733126
12915,48652,0.54713255
12916,6954,0.49502462
12917,12628,0.04985191
12918,18616,0.04985191
12919,97952,0.00857521
12920,95229,0.7678493
12921,79631,0.45888868
12922,111745,0.87863064
12923,114025,0.021063577
12924,57220,0.5232106
12925,73066,0.4888416
12926,54468,0.004346945
12927,31348,0.59938043
12928,13694,0.6857675
12929,87373,0.001427209
12930,112329,0.02493182
12931,86302,0.34392092
12932,75133,0.06427912
12933,26814,0.083272375
12934,21869,0.0038145971
12935,4982,0.0009323722
12936,63753,0.2622862
12937,62944,0.0034497266
12938,25663,0.42581627
12939,59582,0.590359
12940,67526,0.733664
12941,19751,0.37492988
12942,89892,0.13447009
12943,11416,0.0077995425
12944,30620,0.018676624
12945,80892,0.0020615396
12946,12841,0.0014080327
12947,54146,0.002575428
12948,112053,0.3089335
12949,82102,0.0018904355
12950,87764,0.0514298
12951,15745,0.00027132555
12952,24902,0.02084303
12953,87137,0.3089335
12954,61190,0.105913065
12955,37629,0.1508694
12956,4644,0.010516585
12957,11327,0.0297213
12958,50294,0.0008344364
12959,24893,0.04694134
12960,10783,0.39819574
12961,64411,0.12035916
12962,48769,0.027902244
12963,69417,0.024206866
12964,97808,3.5359117e-05
12965,114966,0.0036614116
12966,100053,0.009797083
12967,19165,0.011809721
12968,22518,0.027409334
12969,60346,0.5346374
12970,40775,0.95004815
12971,107157,0.0040108035
12972,98443,0.012206747
12973,67805,0.014977199
12974,67428,0.018676624
12975,59215,0.013627192
12976,24932,0.0070359865
12977,99968,0.01733762
12978,14863,0.01451028
12979,89291,0.590359
12980,24020,0.0006187803
12981,9743,0.053895727
12982,95346,0.002893323
12983,10571,7.7496115e-05
12984,57425,0.0017253015
12985,32172,0.029874334
12986,38238,0.5350702
12987,77973,0.006409634
12988,13866,0.5026056
12989,103742,0.5824497
12990,114306,0.0004697288
12991,26520,0.008914766
12992,60831,0.9945359
12993,2215,0.008247896
12994,14258,0.4985085
12995,88748,0.12035916
12996,34316,0.4888416
12997,100824,0.5730763
12998,2950,0.021937707
12999,35682,0.0018594239
13000,35576,0.15288648
13001,114589,0.018399611
13002,90023,0.13447009
13003,18009,0.0008344364
13004,105580,0.00056070625
13005,114349,0.2622862
13006,56276,0.0009536281
13007,100784,0.018214619
13008,1496,0.008285374
13009,97367,0.0060033025
13010,102052,0.002003336
13011,12125,0.009587363
13012,9798,0.0009885154
13013,48449,0.0018594239
13014,56777,0.733664
13015,72890,0.0024343426
13016,6703,0.049826156
13017,47104,0.47754645
13018,73023,0.12275081
13019,49801,0.0008344364
13020,76964,0.10693518
13021,110168,0.048201922
13022,11388,0.058168147
13023,80964,0.0026128625
13024,65439,0.003668835
13025,48231,0.008612103
13026,81053,0.024206866
13027,110878,0.016916808
13028,79063,0.00035746323
13029,67600,0.00030638705
13030,25169,0.19521376
13031,3638,0.010516585
13032,46194,0.00080663495
13033,37004,0.0006076336
13034,19253,0.008285374
13035,71797,0.34392092
13036,43495,0.5232106
13037,61482,0.78131825
13038,22601,0.4985085
13039,51683,0.5628135
13040,49232,0.013006808
13041,89893,0.19346014
13042,32056,0.71340895
13043,42468,0.0006106808
13044,66437,0.0007112415
13045,78760,0.34392092
13046,41523,0.00032576922
13047,100492,0.0005588836
13048,83480,0.0015655839
13049,105510,0.75738317
13050,50345,0.009354052
13051,28738,0.8745886
13052,75769,0.4888416
13053,22056,0.02084303
13054,102427,0.643951
13055,85670,0.0010396191
13056,80094,0.0060033025
13057,60349,0.733664
13058,96119,0.010756634
13059,9399,0.16114968
13060,86907,0.733664
13061,86989,0.007401518
13062,14105,0.00062017015
13063,9560,0.0010103504
13064,64672,9.181344e-05
13065,11006,0.32225552
13066,53215,0.003718107
13067,73170,0.016911069
13068,83868,0.34392092
13069,55476,0.98100364
13070,25377,0.0034382066
13071,30654,0.0033811661
13072,98988,0.5574541
13073,17490,0.66882885
13074,91338,0.30090106
13075,76564,0.6857675
13076,66365,5.8606965e-05
13077,29991,0.56782615
13078,19273,0.06771289
13079,74691,0.006202585
13080,60463,0.643951
13081,49139,0.12290087
13082,44530,0.5026056
13083,69567,0.70778805
13084,58724,0.5730763
13085,59472,0.78131825
13086,108807,0.013006808
13087,17847,0.015038574
13088,10290,0.058168147
13089,44165,0.03664784
13090,21460,0.054573994
13091,115894,0.010210467
13092,18357,0.44748464
13093,20395,0.8030171
13094,11978,0.015702382
13095,108556,0.00069838745
13096,67977,0.88018847
13097,86534,0.00092141394
13098,29908,0.5232106
13099,170,0.19396421
13100,17770,0.5442662
13101,61426,0.00057126425
13102,18754,0.81378096
13103,88251,0.0278131
13104,57634,0.006180902
13105,105106,0.37862125
13106,83773,0.006427938
13107,88869,0.024206866
13108,5082,0.015601124
13109,57319,0.0061633433
13110,9581,0.49502462
13111,56633,0.5346374
13112,3169,0.0062386924
13113,75655,0.013627192
13114,82513,0.5232106
13115,52767,0.9897578
13116,23656,0.12078799
13117,27056,0.019543922
13118,54806,0.016388483
13119,16252,0.59917617
13120,100936,0.34392092
13121,37087,0.1508694
13122,3094,0.008972212
13123,107332,3.6295634e-05
13124,49016,0.12290087
13125,4647,0.010516585
13126,71455,0.45253184
13127,79876,0.87863064
13128,17051,0.009927506
13129,107618,0.19652489
13130,83107,0.4888416
13131,107156,0.009188496
13132,76261,0.0069380403
13133,58844,0.016388483
13134,87949,0.005839836
13135,55743,0.0069380403
13136,19124,0.0024585135
13137,112425,0.5574541
13138,38070,0.00080634793
13139,62482,0.024206866
13140,9331,0.44851086
13141,46496,0.003557742
13142,69177,0.8044119
13143,64722,0.18376456
13144,21009,0.4985085
13145,100856,0.2773507
13146,65396,0.0022208928
13147,59932,0.4888416
13148,71826,0.0028299503
13149,53281,0.0009853129
13150,57803,0.000737098
13151,112553,0.0002893026
13152,38048,0.80925137
13153,73766,0.12035916
13154,106337,0.20503531
13155,24314,0.5628135
13156,95990,0.13447009
13157,80225,0.13447009
13158,26361,0.4888416
13159,53955,0.000346969
13160,96324,0.12290087
13161,46616,0.12078799
13162,2175,0.5730763
13163,16337,0.00014820615
13164,82480,0.52379495
13165,84775,0.00024592597
13166,72723,0.0013105883
13167,11312,0.033302844
13168,85544,0.2170439
13169,30565,0.00093275734
13170,89372,0.024206866
13171,94779,0.003116589
13172,40997,0.12078799
13173,112040,0.0038738947
13174,107323,0.024154125
13175,86308,0.00030549918
13176,40066,0.2622862
13177,40083,0.0018594239
13178,64909,0.041143067
13179,29903,0.03406028
13180,71790,0.7478843
13181,85277,0.5628135
13182,53780,0.5232106
13183,22109,0.02084303
13184,81722,0.010210467
13185,66305,0.049366985
13186,72309,0.34392092
13187,43720,0.19521376
13188,49384,0.005738544
13189,95137,0.0020450067
13190,16811,0.009927506
13191,71093,0.018096644
13192,23234,0.007402212
13193,26364,0.19521376
13194,10300,0.003444817
13195,87374,0.3089335
13196,86897,0.13447009
13197,89497,0.7009889
13198,39570,0.25912815
13199,77010,0.011862155
13200,41395,0.12078799
13201,108459,8.4898515e-05
13202,114789,0.37492988
13203,18054,0.00076258235
13204,33889,0.6022919
13205,91924,0.7478843
13206,59669,0.733664
13207,50182,0.45888868
13208,52376,0.5232106
13209,99156,0.013701562
13210,71287,0.78131825
13211,15824,0.009927506
13212,50587,0.5628135
13213,17316,0.009927506
13214,16753,0.0002789382
13215,29865,0.053475935
13216,5161,0.053895727
13217,2603,0.00020775964
13218,107526,0.12290087
13219,58807,0.01451028
13220,28360,0.5232106
13221,77494,0.12035916
13222,69812,0.0018594239
13223,46021,0.0008957787
13224,84395,0.13447009
13225,13125,0.055981793
13226,73935,0.30090106
13227,31651,0.004272699
13228,55179,0.4888416
13229,10997,0.058168147
13230,94906,0.5232106
13231,79229,0.003766106
13232,78871,0.8044119
13233,5402,0.0006933797
13234,82887,0.023663448
13235,90278,0.5824497
13236,87110,0.13447009
13237,12585,0.42581627
13238,40903,0.23309723
13239,13010,3.74854e-05
13240,56504,0.008566236
13241,35494,0.007402212
13242,30560,0.015142322
13243,55613,0.4888416
13244,49482,0.0009969083
13245,52352,0.5730763
13246,63411,0.21136047
13247,87724,0.04054585
13248,90397,0.0121898195
13249,39857,0.0007734668
13250,20243,0.009927506
13251,31435,0.06153274
13252,86095,0.00046816672
13253,33782,0.040901404
13254,88846,0.40678856
13255,23886,0.41613477
13256,72728,0.7478843
13257,110479,0.00034147437
13258,90849,0.9736786
13259,26875,0.057285305
13260,113679,0.9671268
13261,61561,0.00017257518
13262,46583,0.12078799
13263,17506,0.6364604
13264,24989,0.12078799
13265,76711,0.34392092
13266,4017,0.017004477
13267,21876,0.006004174
13268,31244,0.009486918
13269,45054,0.8057262
13270,91328,0.5574541
13271,99947,0.58307195
13272,94801,0.000106841
13273,100296,0.19652489
13274,51754,0.9866218
13275,92805,0.52379495
13276,66893,0.34392092
13277,11753,0.0014895003
13278,6248,0.14514698
13279,49116,0.4888416
13280,45258,0.0012223638
13281,86894,0.0055639353
13282,50891,5.5076933e-05
13283,73246,0.12035916
13284,53466,0.13447009
13285,42056,0.032669682
13286,43617,0.011703925
13287,67212,0.7478843
13288,12033,0.50877464
13289,4800,0.042499308
13290,26830,0.5232106
13291,110204,0.8301858
13292,114402,0.034151215
13293,13864,0.11278393
13294,72509,0.015256508
13295,67018,0.0069380403
13296,16167,0.009927506
13297,78392,0.13447009
13298,77130,0.00064092723
13299,98142,0.87863064
13300,79024,0.12275081
13301,77864,0.002085475
13302,35703,0.0023717778
13303,108050,0.79734695
13304,78034,0.0007722092
13305,92895,0.0055639353
13306,50470,0.12290087
13307,2213,0.75036687
13308,90939,0.00065640727
13309,112097,0.37862125
13310,64410,0.20503531
13311,50204,0.5232106
13312,109669,0.0069380403
13313,10662,0.010516585
13314,79661,0.000120684155
13315,41319,0.12078799
13316,2931,0.09211248
13317,26620,0.011897027
13318,93367,0.07818704
13319,58129,0.04344542
13320,70591,0.0041407975
13321,91765,0.007859644
13322,75612,0.010210467
13323,36284,0.00034966905
13324,15752,0.021318072
13325,57228,0.590359
13326,51415,0.59938043
13327,103794,0.032572266
13328,64010,0.12035916
13329,113163,0.048201922
13330,104000,0.012358964
13331,76448,0.71321934
13332,78575,8.656789e-05
13333,37575,0.5232106
13334,20626,0.0008344364
13335,46773,0.2622862
13336,74247,0.07818704
13337,107145,0.24450037
13338,42750,0.59938043
13339,68655,0.13447009
13340,20170,0.4888416
13341,52855,0.05599028
13342,109380,0.0014895003
13343,12016,0.009587363
13344,93679,0.034151215
13345,93461,0.46006948
13346,36038,0.69238746
13347,65184,0.0021954703
13348,43606,0.007402212
13349,56182,0.0079947645
13350,66264,0.012132102
13351,110533,0.0032298276
13352,90804,0.45888868
13353,51604,0.008285374
13354,1432,0.0001997539
13355,38478,0.00025793508
13356,722,0.0077516995
13357,41455,0.5628135
13358,20627,0.007402212
13359,55507,0.5232106
13360,20946,0.000913589
13361,83956,0.59938043
13362,114403,5.345094e-05
13363,6946,0.022558227
13364,104001,0.0069380403
13365,100590,0.34392092
13366,77783,0.16114923
13367,30320,0.6022919
13368,70716,0.5628135
13369,24010,0.0005760525
13370,50291,0.5232106
13371,49678,0.5232106
13372,21978,0.004326417
13373,41822,0.0041407975
13374,25188,0.12078799
13375,97932,0.00035510567
13376,13168,0.07200105
13377,53009,0.14766812
13378,57173,0.07818704
13379,61691,0.7976046
13380,102923,0.040918738
13381,548,0.027119404
13382,28071,6.0004775e-05
13383,43309,0.0008344364
13384,69799,0.34392092
13385,66703,0.006058108
13386,114490,0.7891447
13387,15504,0.32676116
13388,72372,0.25912815
13389,13706,0.017594859
13390,31710,0.0003184601
13391,115235,0.37862125
13392,100998,0.32597795
13393,104336,0.024206866
13394,73621,0.01962534
13395,29131,0.5232106
13396,99302,0.07258052
13397,67424,0.09339302
13398,20330,0.009927506
13399,88833,0.00023226456
13400,99259,0.13447009
13401,90122,0.16982783
13402,7457,0.028720004
13403,54788,0.0072625442
13404,2189,0.84811413
13405,28102,0.011897027
13406,13533,0.0008344364
13407,106434,0.32676116
13408,66705,0.009946336
13409,68375,0.5628135
13410,102711,0.018676624
13411,80896,0.6857675
13412,77920,0.011703925
13413,85200,0.000106841
13414,67968,0.008612103
13415,73590,0.34392092
13416,99850,0.006817378
13417,109658,0.25912815
13418,16622,0.3089335
13419,208,0.008247896
13420,76905,0.13447009
13421,14601,0.56782615
13422,60841,0.5346374
13423,17621,0.08889986
13424,77491,0.27559015
13425,113186,0.5232106
13426,33650,0.6857675
13427,68483,0.16114923
13428,35420,0.9709547
13429,108218,0.65461713
13430,12417,0.07466534
13431,102212,0.013022966
13432,31937,0.016867047
13433,73725,0.34392092
13434,87530,0.45888868
13435,9619,0.0034487755
13436,24469,0.0033811661
13437,30888,0.5232106
13438,36188,0.5232106
13439,92679,0.011839312
13440,99567,0.00080357655
13441,57016,0.2687265
13442,65837,0.0011112769
13443,92782,0.81378096
13444,79821,0.0026097156
13445,75233,0.01451028
13446,50517,0.44748464
13447,87196,0.00061414466
13448,96317,0.5628135
13449,63879,0.055746336
13450,26394,0.5628135
13451,16864,0.0011072916
13452,90196,0.0049902825
13453,47116,0.0004911405
13454,81136,0.003241796
13455,75901,0.02484052
13456,1519,0.0038145971
13457,66359,0.00017249769
13458,35369,0.12290087
13459,103659,0.0007081321
13460,11900,0.59917617
13461,82460,0.4201848
13462,90371,0.56749433
13463,30928,0.018676624
13464,18315,0.00048175346
13465,58771,0.733664
13466,102571,0.4123848
13467,36066,0.024154125
13468,46903,0.02084303
13469,94984,0.13447009
13470,22742,0.12290087
13471,113302,0.2170439
13472,74899,0.06427912
13473,78129,0.011161709
13474,2774,0.008247896
13475,59273,0.15288648
13476,70502,0.70778805
13477,4918,0.0039436966
13478,109270,0.007859644
13479,12756,0.17189091
13480,97707,3.6330748e-05
13481,59302,0.15288648
13482,14058,0.0008344364
13483,35117,0.5730763
13484,64681,4.5522636e-05
13485,20789,0.001955855
13486,110017,0.024206866
13487,107343,0.0049849157
13488,14663,0.4888416
13489,78031,0.23309723
13490,35660,0.5232106
13491,72794,0.5026056
13492,49752,0.033028502
13493,61192,0.007859644
13494,91442,0.45253184
13495,6016,0.0069171013
13496,96466,0.5628135
13497,15429,0.06581619
13498,115283,0.003934314
13499,98,0.060321007
13500,74589,0.0011214612
13501,111579,0.032572266
13502,88454,0.7678493
13503,97849,0.34392092
13504,109703,0.0009243235
13505,30235,0.0046063657
13506,54105,0.020963194
13507,48929,0.5628135
13508,42154,0.12078799
13509,9351,0.00056198635
13510,92532,0.34392092
13511,49331,0.6139433
13512,51458,0.012632351
13513,107160,0.00086536893
13514,113966,0.643951
13515,112564,0.79734695
13516,75291,0.8044119
13517,104408,0.58307195
13518,95429,0.029874334
13519,75832,0.032669682
13520,554,0.0011281074
13521,97355,0.010137472
13522,96825,0.37492988
13523,54884,0.029874334
13524,88868,0.024206866
13525,40791,0.0006517022
13526,72445,0.024206866
13527,86557,0.0024044046
13528,42580,0.19521376
13529,37864,0.1508694
13530,47161,0.0073712035
13531,33257,0.6022919
13532,44558,0.12078799
13533,4375,0.008247896
13534,85942,0.733664
13535,69488,0.01979557
13536,26309,0.19652489
13537,34195,0.5232106
13538,20650,0.018857906
13539,4725,0.7841161
13540,12243,0.0006305294
13541,81670,6.271349e-05
13542,52692,0.0069380403
13543,74528,0.13447009
13544,25234,0.007831532
13545,86233,0.590359
13546,73008,0.590359
13547,66186,0.7131534
13548,91838,0.5628135
13549,45654,0.6477684
13550,106594,0.0053851907
13551,79174,0.014983693
13552,82726,0.027119404
13553,77732,0.5232106
13554,97237,0.07818704
13555,301,0.034346074
13556,109496,0.8301858
13557,39346,0.4413185
13558,67074,0.027261639
13559,43721,0.12290087
13560,68143,2.5027733e-05
13561,29734,0.12035916
13562,89847,0.004183372
13563,41899,0.019595325
13564,43195,0.00018647451
13565,76726,0.002085475
13566,35451,0.057106867
13567,108134,0.9792859
13568,85647,0.0006477278
13569,91138,0.16982783
13570,36856,0.015038574
13571,38971,0.029874334
13572,85526,0.3089335
13573,109256,0.30090106
13574,46353,0.00872611
13575,91104,0.78131825
13576,21279,0.5628135
13577,9822,0.638665
13578,77020,0.024206866
13579,2995,0.034346074
13580,84396,0.733664
13581,40417,0.00019594617
13582,14017,0.2170439
13583,46590,0.00012403645
13584,62751,0.79584295
13585,100230,0.3089335
13586,76626,0.35388336
13587,40965,0.015749399
13588,45775,0.68328345
13589,27159,0.0060033025
13590,57357,0.7478843
13591,91115,0.8819471
13592,85790,0.4888416
13593,98518,0.24258664
13594,114681,0.010210467
13595,52789,0.0010241107
13596,43969,0.12078799
13597,105886,0.012358964
13598,43568,0.9901613
13599,76618,0.00057126425
13600,57595,0.06682916
13601,9894,0.0007081321
13602,100639,0.73686934
13603,19205,0.0002789382
13604,12202,0.020937867
13605,110973,0.32676116
13606,40633,0.0012538969
13607,106914,0.58307195
13608,82875,0.34392092
13609,43972,0.12078799
13610,32091,0.0022208928
13611,34722,0.4888416
13612,108236,0.12290087
13613,75416,0.28686333
13614,56833,0.5232106
13615,7703,0.0034652818
13616,20873,0.8030171
13617,113550,0.008305467
13618,70858,0.024206866
13619,106920,0.2181275
13620,62972,0.13447009
13621,59783,0.0022208928
13622,206,0.00014120937
13623,57840,0.01962534
13624,76616,0.029874334
13625,25715,0.0027755322
13626,96877,0.025290422
13627,48378,0.20693505
13628,81310,0.0070996373
13629,44579,0.008285374
13630,7794,0.013107743
13631,5348,0.0056358688
13632,29463,0.02484052
13633,26689,0.0068296646
13634,15798,0.5628135
13635,66746,0.00030549918
13636,60569,0.03430663
13637,83321,0.0029114224
13638,114316,0.80853266
13639,104153,0.022160234
13640,109854,9.578968e-06
13641,26358,0.00051152334
13642,113787,0.8950832
13643,54209,0.5232106
13644,99126,0.24450037
13645,112753,0.016911069
13646,65767,0.0006106808
13647,10199,0.0012094491
13648,58840,0.12290087
13649,47442,0.0031675068
13650,91675,0.78131825
13651,3239,0.047942977
13652,65240,0.0069380403
13653,74147,0.6027404
13654,51969,0.0069380403
13655,107353,0.0014080327
13656,76013,0.6857675
13657,4663,0.014259745
13658,26208,0.015669009
13659,86469,0.34392092
13660,62421,0.00037149663
13661,3294,0.021937707
13662,48161,0.002847351
13663,112352,0.5730763
13664,44050,0.7976046
13665,95390,0.0059005176
13666,7863,0.045763817
13667,66648,0.002085475
13668,34907,0.019570258
13669,1586,0.0018306413
13670,84559,0.7478843
13671,106970,0.19652489
13672,54904,0.5232106
13673,1281,0.37963933
13674,51372,0.4888416
13675,93298,0.34392092
13676,94031,0.14597583
13677,52782,0.0008268132
13678,72291,0.4201848
13679,27421,0.19521376
13680,110070,0.0060033025
13681,69385,0.024206866
13682,110661,0.0023733126
13683,100076,0.11731413
13684,34689,0.5232106
13685,6753,0.034867942
13686,58272,0.7976046
13687,14428,0.1370344
13688,84874,0.010210467
13689,51004,0.027870568
13690,776,0.03200804
13691,1102,0.00898717
13692,98477,0.58307195
13693,36681,0.5730763
13694,100588,0.01540988
13695,8135,0.0009898518
13696,58814,0.26997432
13697,101455,0.000344508
13698,75023,0.06427912
13699,48647,0.733664
13700,108422,0.030678857
13701,53451,0.009996256
13702,35690,0.20503531
13703,66000,0.004873621
13704,109349,1.17998825e-05
13705,107569,0.0060033025
13706,23286,0.011897027
13707,101963,0.004340315
13708,115470,0.000106841
13709,79817,0.47754645
13710,29909,0.6022919
13711,94915,0.000596422
13712,67716,0.34392092
13713,32596,0.5232106
13714,85344,0.008121043
13715,10506,0.019972613
13716,66148,0.0040108035
13717,29766,0.00013365495
13718,31101,0.004346945
13719,6026,0.0016426475
13720,68720,0.004340315
13721,11316,0.008247896
13722,20091,3.7069367e-05
13723,98213,6.0904156e-05
13724,105337,0.009188496
13725,21249,0.018857906
13726,92783,0.19346014
13727,106004,5.2584488e-05
13728,7466,0.0057382775
13729,17374,0.00030549918
13730,57716,0.5346374
13731,75679,0.6857675
13732,77074,0.01252519
13733,26647,0.0001939391
13734,73963,0.4888416
13735,89431,0.12035916
13736,71707,0.0029114224
13737,34883,0.000108641034
13738,42746,0.0069380403
13739,48415,0.029874334
13740,73591,0.34392092
13741,55547,0.88018847
13742,5739,0.69796836
13743,63275,1.3225144e-05
13744,10624,0.0077516995
13745,87982,0.008635866
13746,102560,0.005937812
13747,98101,0.05748801
13748,1105,0.0077516995
13749,19194,0.0014429765
13750,24074,0.0009137914
13751,110905,0.32676116
13752,110724,0.9811297
13753,30685,0.6022919
13754,50984,0.4888416
13755,38822,0.0015773674
13756,112136,0.24450037
13757,97785,0.7678493
13758,46027,0.0008344364
13759,86877,0.0015006484
13760,92279,0.024206866
13761,19944,0.00331122
13762,112385,0.75738317
13763,56086,0.7478843
13764,6684,0.028720004
13765,72338,0.12035916
13766,79537,0.005839836
13767,106580,0.018096644
13768,113060,0.5232106
13769,69876,0.007859644
13770,91127,0.8819471
13771,104493,0.6843454
13772,3481,0.008285374
13773,29207,0.9778765
13774,96082,0.88018847
13775,21685,0.31145355
13776,28386,0.009946336
13777,70314,0.3089335
13778,103396,0.75738317
13779,59833,0.18376456
13780,83387,0.0009938594
13781,67404,0.66443765
13782,58026,0.5232106
13783,94436,0.12035916
13784,103279,0.32676116
13785,114155,0.015163371
13786,36979,0.4888416
13787,86866,0.0003187842
13788,27195,0.007402212
13789,82630,0.45888868
13790,32157,0.12035916
13791,23565,0.47754645
13792,76026,0.2170439
13793,69671,0.033966694
13794,97654,0.8819471
13795,31465,0.5232106
13796,77876,0.96894777
13797,95882,0.0069380403
13798,34801,0.00029067695
13799,27249,0.19652489
13800,53611,0.12290087
13801,10269,0.008285374
13802,86773,0.13447009
13803,18684,0.66882885
13804,50202,0.00031949344
13805,105034,0.3089335
13806,99884,0.13447009
13807,20491,0.000976076
13808,72071,0.12290087
13809,56547,0.007401518
13810,52570,0.3089335
13811,84111,0.8044119
13812,23951,0.6022919
13813,105196,0.6560458
13814,24220,0.003817971
13815,103470,0.58307195
13816,44322,2.246717e-05
13817,29017,0.5232106
13818,4345,0.0007081321
13819,682,0.06008862
13820,55295,0.007401518
13821,28994,0.5730763
13822,11434,0.01814447
13823,29239,0.5232106
13824,9404,0.008018386
13825,73179,0.024206866
13826,44872,0.016867047
13827,102478,0.00022244561
13828,73720,0.4201848
13829,14921,0.0016321182
13830,113237,0.8289522
13831,9666,0.26386112
13832,96159,0.01733762
13833,95954,0.000173288
13834,55362,0.5232106
13835,21130,0.0060033025
13836,32607,0.011897027
13837,88100,0.36316264
13838,83544,0.024206866
13839,64718,0.0013131847
13840,17860,0.0038345158
13841,112104,0.00088975567
13842,66577,0.07818704
13843,14800,0.40678856
13844,73505,0.0020718006
13845,72824,0.34392092
13846,24867,0.005603483
13847,12446,0.0014168317
13848,105702,0.60899097
13849,11430,0.057469666
13850,93719,0.47754645
13851,53945,0.008899339
13852,51626,0.5232106
13853,83428,0.52379495
13854,41633,0.0068548415
13855,100095,0.0015552664
13856,84892,0.21136047
13857,70982,0.12035916
13858,31069,0.4888416
13859,84227,0.13447009
13860,97334,0.0011600853
13861,15251,0.033714566
13862,38391,0.0055047506
13863,107589,0.021318072
13864,61443,0.009927506
13865,55695,0.5232106
13866,101451,0.009188496
13867,92785,0.13447009
13868,96559,0.00022481
13869,5422,0.0069628586
13870,80516,0.0006477278
13871,18913,0.37492988
13872,66431,0.002085475
13873,76311,0.0060231877
13874,95367,0.5730763
13875,38388,0.5628135
13876,31449,0.3089335
13877,3951,0.017004477
13878,3039,0.8588091
13879,53868,0.5628135
13880,112491,0.21136047
13881,7389,0.017004477
13882,29802,0.71340895
13883,21253,0.009927506
13884,69966,0.12035916
13885,104267,0.528339
13886,40073,5.741212e-05
13887,45239,0.0019858067
13888,100913,0.032572266
13889,8600,0.010516585
13890,32519,0.6022919
13891,49266,0.59822583
13892,29921,0.6022919
13893,50102,0.2622862
13894,68844,0.30090106
13895,63971,1.5954594e-05
13896,111940,0.0026013313
13897,240,0.0001524969
13898,51503,0.2181275
13899,86535,9.115384e-05
13900,90774,0.0018721197
13901,1879,0.03593607
13902,102296,0.643951
13903,3787,0.9901613
13904,77600,0.13447009
13905,34036,0.0020718006
13906,110675,0.0011572576
13907,64862,0.0014401877
13908,29595,0.8044119
13909,59837,0.004346945
13910,38921,0.011897027
13911,49869,0.5232106
13912,31237,0.6022919
13913,21742,0.0053248256
13914,98386,0.66033554
13915,103339,0.006620803
13916,102189,0.13447009
13917,28359,0.0009574125
13918,85873,0.078555875
13919,94286,0.0010527581
13920,57713,0.12290087
13921,13303,0.02484052
13922,99729,0.32676116
13923,69464,0.6027404
13924,21971,0.59822583
13925,81820,0.7931347
13926,16411,0.011809721
13927,64727,0.00028856297
13928,91893,0.009421197
13929,67000,0.12035916
13930,53356,0.5232106
13931,44210,0.007402212
13932,108325,0.30090106
13933,80336,0.32676116
13934,35382,0.5232106
13935,107652,0.58307195
13936,17965,0.033338454
13937,88549,0.00039242842
13938,71430,0.00057559315
13939,36289,0.05811228
13940,48725,0.2622862
13941,24279,0.0041407975
13942,41,0.12035916
13943,94280,0.0016354222
13944,58149,0.024206866
13945,35925,0.00016549394
13946,103883,0.007859644
13947,81427,0.13447009
13948,45566,0.0041483743
13949,12409,0.00012862327
13950,6062,0.004272699
13951,73057,0.4201848
13952,87729,0.30090106
13953,37632,0.5026056
13954,97971,0.0012078419
13955,66175,0.0021182632
13956,113424,0.12035916
13957,58183,0.5232106
13958,68638,0.0017587844
13959,64195,0.18376456
13960,15595,0.011809721
13961,112478,0.00037387153
13962,91054,0.673766
13963,94896,0.000106841
13964,65454,0.00030549918
13965,68602,0.34392092
13966,82478,0.78131825
13967,56213,0.36867666
13968,20676,0.6857675
13969,68270,0.010470839
13970,81140,0.32597795
13971,5880,0.018259957
13972,1510,0.37963933
13973,104337,0.8057262
13974,74023,1.7189359e-05
13975,89731,0.035468392
13976,68737,0.34392092
13977,91674,0.07724256
13978,71770,0.34392092
13979,102540,0.079905614
13980,29053,0.005799991
13981,82142,0.004340315
13982,30180,0.027902244
13983,93135,0.5628135
13984,72393,0.7478843
13985,76589,0.001019412
13986,31659,0.004346945
13987,67997,0.008612103
13988,101798,0.0011845196
13989,56255,0.4888416
13990,103488,4.3015894e-05
13991,99653,0.55215096
13992,77959,0.4888416
13993,89511,0.02203267
13994,30321,0.1508694
13995,2670,0.008972212
13996,108998,4.9217113e-05
13997,40679,0.44748464
13998,69135,0.024206866
13999,64854,0.42249477
14000,108336,0.028340075
14001,48566,0.07818704
14002,79354,0.00055826333
14003,60054,0.024206866
14004,85777,0.021889687
14005,114166,0.018743023
14006,84720,0.004346945
14007,45402,0.010198945
14008,26513,0.638665
14009,61301,0.6857675
14010,21600,0.030121073
14011,54628,0.4888416
14012,90090,0.0022208928
14013,8795,0.0025000693
14014,79296,0.0005260863
14015,97618,0.13447009
14016,109567,0.0006117786
14017,64581,0.003571135
14018,6605,0.7307767
14019,42834,0.12290087
14020,31786,0.3089335
14021,35193,0.021318072
14022,98426,0.56749433
14023,114778,0.00032238915
14024,7753,0.028720004
14025,114583,0.20503531
14026,33520,0.69238746
14027,36449,0.00481278
14028,110728,0.73686934
14029,98620,0.7678493
14030,76535,0.009946336
14031,60796,0.018387165
14032,53894,0.024206866
14033,97224,0.34392092
14034,24054,0.0008344364
14035,44740,0.007857952
14036,110518,0.024206866
14037,20343,0.001617533
14038,9394,0.0648613
14039,59559,0.0006293272
14040,98602,0.10027761
14041,77903,0.00030549918
14042,38102,0.001159977
14043,77359,0.18376456
14044,103421,0.03621409
14045,69486,0.024206866
14046,37511,0.00481278
14047,19780,0.8731015
14048,103440,0.012358964
14049,46976,0.15320407
14050,110609,0.45888868
14051,2829,0.034346074
14052,36050,0.021325976
14053,84147,0.0017295427
14054,84262,0.016305048
14055,15414,0.36867666
14056,55340,0.5232106
14057,20360,0.016388483
14058,66341,0.0010656539
14059,87992,0.02203267
14060,61772,0.00018091316
14061,65861,0.0035295477
14062,85597,0.00056025025
14063,61652,0.0072368905
14064,50346,0.0069380403
14065,42424,0.6795658
14066,94019,0.6843454
14067,98781,0.006026623
14068,60917,0.007859644
14069,33344,0.017652763
14070,41310,0.011300811
14071,28004,0.5232106
14072,92352,0.53350335
14073,48317,0.0022208928
14074,34915,0.0012854383
14075,108360,0.34392092
14076,74898,0.0012854383
14077,45399,0.02084303
14078,44816,0.19521376
14079,87542,0.19521376
14080,38789,0.638665
14081,115206,0.12239382
14082,45039,2.99106e-05
14083,51857,0.0045485767
14084,79705,0.5920002
14085,42632,0.0068548415
14086,57297,0.0002522423
14087,12207,0.42581627
14088,101725,0.0014824965
14089,101591,4.3514756e-05
14090,1751,0.0056358688
14091,97863,0.0030656604
14092,39460,0.0028119816
14093,73094,0.70778805
14094,23189,0.011897027
14095,2302,0.034346074
14096,21083,0.011817629
14097,49072,0.5730763
14098,80718,0.99441224
14099,85433,0.0069380403
14100,49698,0.0028252755
14101,101718,0.005025368
14102,85149,0.0010792408
14103,114748,0.6022919
14104,12862,0.0004861435
14105,23090,0.21136047
14106,35838,0.5628135
14107,46277,0.0008565802
14108,33391,0.009486918
14109,6505,0.0039436966
14110,114436,0.6843454
14111,91155,0.19521376
14112,103618,0.5026056
14113,72399,0.004346945
14114,67769,0.30090106
14115,32386,0.003116589
14116,94263,0.071540065
14117,5034,0.0039436966
14118,28217,0.5232106
14119,54267,0.024206866
14120,70962,0.5628135
14121,84055,0.13447009
14122,34511,0.5730763
14123,25678,0.68328345
14124,40189,0.03664784
14125,27458,0.5232106
14126,62189,0.9790203
14127,55078,0.016496575
14128,90659,0.13447009
14129,41143,0.011897027
14130,106785,0.0005541349
14131,14055,0.0030081247
14132,62488,0.011897027
14133,65926,0.20503531
14134,85653,0.34392092
14135,68085,0.023649527
14136,102555,0.00052487996
14137,111481,0.006758071
14138,112229,0.75738317
14139,92760,0.13447009
14140,13251,0.011809721
14141,10918,0.5628135
14142,84337,0.5628135
14143,95471,0.1508694
14144,44844,0.00029300217
14145,3030,0.013822098
14146,17170,0.5611369
14147,47610,0.7757448
14148,110564,0.00019191342
14149,58515,0.12290087
14150,5514,0.7207577
14151,19724,0.4985085
14152,11150,0.09962458
14153,64212,0.9951964
14154,82099,0.024206866
14155,101998,0.0069380403
14156,36019,0.5730763
14157,89727,0.009462972
14158,18010,0.4985085
14159,87282,0.0015552664
14160,98574,0.00082896015
14161,61425,0.23309723
14162,102688,0.0040746843
14163,67746,0.017586915
14164,99599,0.58307195
14165,96896,0.12290087
14166,10428,0.0039436966
14167,105142,6.7134424e-05
14168,25532,0.19521376
14169,78990,0.40678856
14170,8393,0.0297213
14171,50488,0.0004759235
14172,115413,0.03414784
14173,61916,0.0011214612
14174,53244,0.23309723
14175,98498,0.012801077
14176,34621,0.6857675
14177,80701,0.0043452857
14178,55889,0.7478843
14179,95377,0.13447009
14180,14158,3.9997536e-05
14181,66048,0.009354052
14182,101155,0.00011728616
14183,64245,0.0012223638
14184,27359,0.00040276063
14185,64110,0.0007994225
14186,43395,0.010198945
14187,45987,0.12078799
14188,27653,0.0010066493
14189,16775,0.0078094616
14190,29736,0.024689076
14191,71750,0.0017587844
14192,63279,0.011897027
14193,76286,0.006202585
14194,61186,0.12290087
14195,104198,0.0013396249
14196,29238,0.16181132
14197,77507,0.9886203
14198,20901,0.0006952798
14199,89226,0.00039752733
14200,49843,0.5730763
14201,65549,0.00030549918
14202,82456,0.85546416
14203,11340,0.0028388305
14204,40733,0.59822583
14205,23721,0.07021838
14206,34396,0.59938043
14207,30113,0.2170439
14208,78354,0.20503531
14209,108564,0.58307195
14210,82573,0.06427912
14211,61638,0.8044119
14212,4320,0.019241843
14213,40768,0.59822583
14214,43162,0.011027479
14215,40970,0.007402212
14216,94092,0.009354052
14217,52005,0.590359
14218,73845,0.5730763
14219,35765,0.0008787777
14220,98572,0.0022770143
14221,98792,0.007821829
14222,103263,0.3089335
14223,76086,0.0060789688
14224,7484,0.00023250897
14225,29990,0.5730763
14226,57914,0.012632351
14227,48966,0.008444777
14228,24120,0.47754645
14229,8813,0.00020916609
14230,89286,0.00030549918
14231,87885,0.34392092
14232,83176,0.13447009
14233,2753,0.007884927
14234,110206,0.79734695
14235,4712,0.13088621
14236,114258,0.0003187842
14237,111230,0.02781691
14238,25134,0.006900122
14239,114174,0.0008623156
14240,89563,0.87863064
14241,87154,0.71801543
14242,101085,0.56749433
14243,78748,0.0009009646
14244,59586,0.59938043
14245,78477,0.3089335
14246,32711,0.23309723
14247,28771,0.0039600274
14248,28556,0.0006305294
14249,63301,0.0060033025
14250,59713,0.005712436
14251,108132,0.12290087
14252,6269,0.49502462
14253,43885,0.19521376
14254,24934,0.016388483
14255,107348,0.024206866
14256,91481,0.34392092
14257,54236,0.015038574
14258,38344,0.5026056
14259,17229,0.8030171
14260,2930,0.09211248
14261,37142,0.59938043
14262,88219,0.37492988
14263,8959,0.0039436966
14264,46157,0.0002890735
14265,77125,0.12035916
14266,64297,0.015142322
14267,67179,0.4867686
14268,93404,0.018163886
14269,2482,0.021937707
14270,103307,0.0025952403
14271,109609,0.024206866
14272,58000,0.00069838745
14273,21699,9.478854e-06
14274,106341,0.00028651598
14275,166,0.6569232
14276,79381,0.013483033
14277,24516,0.02084303
14278,16375,0.00074352534
14279,11736,0.0007247608
14280,13206,0.054573994
14281,99218,0.24450037
14282,40782,0.9667645
14283,59031,0.28686333
14284,79402,0.6843454
14285,40461,0.010210467
14286,16842,0.4985085
14287,12926,0.06771289
14288,104192,0.60899097
14289,49897,0.45888868
14290,68924,0.0002879633
14291,67169,0.81378096
14292,9330,0.9910693
14293,43550,0.80925137
14294,115233,0.0005486369
14295,40957,0.45888868
14296,11673,0.07030542
14297,92412,0.07818704
14298,2823,0.0014105117
14299,55934,0.5232106
14300,94310,0.00017736184
14301,78667,0.008252722
14302,87844,0.004340315
14303,31941,0.31145355
14304,68067,0.5628135
14305,37872,0.0026076313
14306,14824,0.004948695
14307,30931,0.387418
14308,79481,4.327903e-05
14309,77749,0.011517575
14310,34002,0.0278131
14311,91235,0.45888868
14312,83282,0.34392092
14313,9234,0.031465236
14314,41134,0.0006187803
14315,93411,0.7009889
14316,105828,0.34661445
14317,2344,0.03200804
14318,59071,0.000106841
14319,91179,0.5628135
14320,7306,0.7798892
14321,96680,0.0060033025
14322,12191,0.66882885
14323,30913,0.5628135
14324,80699,0.3089335
14325,76463,0.13447009
14326,73498,0.34392092
14327,92345,0.13447009
14328,3238,0.5730763
14329,16323,0.00010327687
14330,101687,0.6843454
14331,54159,0.5730763
14332,106460,0.71340895
14333,85668,0.5628135
14334,70699,4.255748e-05
14335,39462,0.0146253705
14336,17145,0.0068455506
14337,24218,0.006782787
14338,19855,0.8588091
14339,103425,0.6022919
14340,50094,0.008285374
14341,67732,0.031164318
14342,46398,0.19521376
14343,72812,0.7131534
14344,76216,0.029618468
14345,91227,0.7349488
14346,47924,0.5232106
14347,12561,8.263818e-05
14348,44494,0.0047478396
14349,45225,0.5628135
14350,31350,0.030245725
14351,82539,5.7412723e-05
14352,85223,0.13447009
14353,112576,0.75738317
14354,83932,0.0052161356
14355,19767,0.008285374
14356,1559,0.1391832
14357,25870,0.19521376
14358,26183,0.0023717778
14359,58629,0.5232106
14360,70863,0.52379495
14361,90570,0.12035916
14362,29746,0.0018447855
14363,16815,0.0013278864
14364,11651,0.06859021
14365,64034,0.024154125
14366,14975,0.0019821962
14367,77289,0.0049902825
14368,36197,9.3418304e-05
14369,46949,0.00044276367
14370,97306,0.34054893
14371,91731,0.024206866
14372,94852,0.5232106
14373,3373,0.08629918
14374,63685,0.0007994225
14375,40931,0.019392343
14376,56422,0.02224569
14377,20306,0.03664784
14378,1961,0.09211248
14379,83501,0.032669682
14380,101745,0.13447009
14381,3768,0.00018264817
14382,41203,0.0008344364
14383,103061,0.7009889
14384,91358,0.7478843
14385,113985,0.0009885154
14386,50161,0.007401518
14387,105410,0.18376456
14388,71479,0.0069380403
14389,93712,0.1508694
14390,34042,0.0278131
14391,102224,0.024206866
14392,53019,0.12290087
14393,41277,0.82937336
14394,103550,0.58307195
14395,41111,0.007469017
14396,67435,0.039731782
14397,76651,0.34392092
14398,105112,0.37862125
14399,78191,0.0060033025
14400,2196,0.008247896
14401,99680,0.005417213
14402,15439,0.00067561585
14403,31423,0.011897027
14404,41342,0.638665
14405,43529,0.97276986
14406,100248,0.00021300571
14407,110117,0.00022144553
14408,52857,0.004346945
14409,32093,0.59938043
14410,114477,0.006758071
14411,56862,0.5232106
14412,47156,0.0008344364
14413,51733,0.15288648
14414,40228,0.5628135
14415,91495,0.0079947645
14416,16579,0.04175559
14417,87057,0.2419718
14418,105093,0.75738317
14419,80390,0.78131825
14420,46867,0.0006106808
14421,26850,0.011897027
14422,69597,0.0010096605
14423,77337,0.12035916
14424,38938,0.0027929577
14425,109106,0.62967145
14426,99183,0.60409665
14427,71008,0.0018721197
14428,44782,0.020906473
14429,96633,0.024206866
14430,106040,0.07818704
14431,12858,0.00023414096
14432,34232,0.59938043
14433,3056,0.0008473578
14434,37646,0.19521376
14435,7078,0.0010714644
14436,21040,0.0020615396
14437,85963,0.0035110845
14438,25331,0.12078799
14439,43536,0.0008995652
14440,83055,0.4888416
14441,102281,0.3089335
14442,49088,0.9790203
14443,75918,0.024206866
14444,83564,0.00022042007
14445,19472,0.4888416
14446,115027,0.054573994
14447,45740,0.0033049625
14448,62163,0.024206866
14449,1864,0.004898149
14450,73700,0.34392092
14451,72189,0.18376456
14452,73587,0.021865413
14453,59901,0.7704209
14454,74107,0.8693604
14455,11893,0.26997432
14456,98394,0.58307195
14457,113449,0.7941509
14458,43184,0.005712436
14459,30382,0.5232106
14460,38445,0.0022573285
14461,58061,0.5232106
14462,46669,0.00016504829
14463,70891,0.2622862
14464,85343,0.5026056
14465,113826,0.37492988
14466,16564,0.00014395549
14467,65504,0.015443782
14468,62888,0.018387165
14469,31571,0.015388264
14470,71063,0.0005389906
14471,15567,0.8691696
14472,7698,0.031754304
14473,3731,0.029418135
14474,63995,0.47754645
14475,37109,0.3089335
14476,102914,0.7678493
14477,24566,0.027409334
14478,97640,0.7349488
14479,32244,0.043853756
14480,66073,0.12035916
14481,30390,0.5232106
14482,111505,0.004346945
14483,108825,0.0023519807
14484,95150,0.00038737603
14485,23554,0.057106867
14486,40707,0.69238746
14487,92167,0.7478843
14488,104864,0.0016173712
14489,67194,0.18376456
14490,55015,0.0009631073
14491,56513,0.5232106
14492,70523,0.5628135
14493,15952,0.7270048
14494,40429,0.04344542
14495,81030,0.36867666
14496,8868,0.046046227
14497,68852,0.34392092
14498,78333,0.058751382
14499,15490,0.00040642198
14500,8159,0.0039436966
14501,90534,0.34392092
14502,22185,0.024518486
14503,86479,0.34392092
14504,97619,0.00030549918
14505,96393,0.8819471
14506,83277,0.007859644
14507,31257,0.08604025
14508,105386,0.11731413
14509,88658,0.021662705
14510,111221,0.0801381
14511,79720,0.32676116
14512,53529,0.3089335
14513,64542,0.0017587844
14514,33473,0.0078094616
14515,102080,0.87863064
14516,44875,0.0061633433
14517,32445,0.014864611
14518,107065,0.0011112769
14519,111990,0.0060033025
14520,580,0.45888868
14521,80119,0.058751382
14522,108428,0.5918634
14523,84656,0.30090106
14524,24965,0.0060033025
14525,105704,0.024206866
14526,4681,0.06008862
14527,79493,0.34392092
14528,63014,0.16114923
14529,23449,0.007892275
14530,36025,0.5730763
14531,54618,0.0029933455
14532,71036,0.7478843
14533,5390,0.008247896
14534,74978,0.4888416
14535,72076,0.105913065
14536,99234,0.00024343423
14537,1025,0.008247896
14538,26683,0.0078094616
14539,71123,0.00044164952
14540,32832,0.011897027
14541,61542,0.005132436
14542,23535,0.0012538969
14543,70457,0.25912815
14544,76182,0.13447009
14545,63048,0.011897027
14546,50219,0.024206866
14547,52832,0.47754645
14548,92751,0.71801543
14549,309,0.009354052
14550,69440,0.01733762
14551,71293,0.004536547
14552,77874,0.40678856
14553,19662,0.0020239141
14554,15281,0.009927506
14555,113384,0.010923394
14556,5600,0.0062386924
14557,8878,0.014814902
14558,9342,0.03604926
14559,110755,0.007859644
14560,27477,0.016867047
14561,56411,0.014582058
14562,28493,0.7757448
14563,14708,0.0014895003
14564,30826,0.009818205
14565,14794,0.009462972
14566,92239,0.9736786
14567,83517,1.386289e-05
14568,15799,0.4985085
14569,99818,0.51646364
14570,87707,0.7478843
14571,114105,0.00019571948
14572,29205,0.027119404
14573,106861,0.005014898
14574,94763,0.031164318
14575,90733,0.017654972
14576,85351,0.00037378975
14577,48803,0.0019004425
14578,38446,0.59822583
14579,11096,0.0087424
14580,55842,0.7976046
14581,67773,0.0046671093
14582,37612,0.03429986
14583,66674,0.35455248
14584,31601,0.6022919
14585,109621,0.002575428
14586,15055,0.00046590625
14587,17680,0.0078094616
14588,83024,0.00013584358
14589,39457,0.0020718006
14590,60702,0.13447009
14591,39023,0.05907342
14592,30684,0.033028502
14593,41979,0.8745886
14594,34608,0.82937336
14595,38975,0.0008344364
14596,33959,0.5628135
14597,113696,0.001163373
14598,86108,0.043108575
14599,42269,0.12078799
14600,12294,0.007888449
14601,34893,0.001114036
14602,17356,0.0011072916
14603,84130,0.34392092
14604,113360,0.37492988
14605,94304,0.00093738514
14606,40644,0.1508694
14607,18827,0.0014105117
14608,12761,0.0069380403
14609,31137,0.5232106
14610,24043,0.011897027
14611,98194,0.5020986
14612,78472,0.004340315
14613,26408,0.0061633433
14614,47385,0.027550844
14615,61968,0.04344542
14616,80943,0.37862125
14617,95462,0.13447009
14618,7192,0.0014776292
14619,68481,0.40678856
14620,100815,0.20503531
14621,75251,0.12035916
14622,42136,0.027352585
14623,109782,0.7941509
14624,108241,0.58307195
14625,108487,0.6843454
14626,109725,0.03502317
14627,77313,0.66443765
14628,52231,0.5628135
14629,18437,0.0038145971
14630,88883,0.45888868
14631,83651,0.59938043
14632,56288,0.0005134573
14633,68212,0.004948695
14634,94925,0.014808709
14635,101284,0.58307195
14636,95543,0.14427938
14637,88696,0.0049902825
14638,89297,0.13447009
14639,80728,0.00042705543
14640,54115,0.005614214
14641,18999,0.0008344364
14642,38855,0.0008344364
14643,51499,0.0028299503
14644,54535,0.0073178997
14645,103170,0.09415718
14646,17496,0.0008344364
14647,53650,0.5232106
14648,74186,0.30090106
14649,7784,0.80925137
14650,75932,0.8044119
14651,11770,0.00030549918
14652,28034,0.00013073652
14653,108551,0.4201848
14654,18021,0.0016554483
14655,89787,0.0029114224
14656,50837,0.3089335
14657,79338,0.19226298
14658,74841,0.029874334
14659,49748,0.3089335
14660,110740,0.5075232
14661,10535,0.22921197
14662,8346,0.065598376
14663,62232,0.13447009
14664,213,0.0008344364
14665,79183,0.78131825
14666,35072,0.03160247
14667,9634,0.7841161
14668,48164,0.007402212
14669,83119,0.0022364373
14670,88091,0.34392092
14671,19424,0.0012768309
14672,13978,0.003172428
14673,48709,0.5122713
14674,113437,0.07818704
14675,91767,0.08080165
14676,92076,0.062888466
14677,104681,0.34392092
14678,112447,0.27762106
14679,26684,0.12396051
14680,18130,0.7229663
14681,54832,0.59822583
14682,16391,0.011809721
14683,51963,0.042830758
14684,102293,0.643951
14685,97938,0.021325976
14686,73984,0.733664
14687,70651,0.00029649993
14688,94663,0.07721228
14689,9816,0.04117598
14690,60821,0.4888416
14691,89134,0.7478843
14692,37039,0.59822583
14693,75296,0.004851626
14694,87077,0.7976046
14695,89589,0.006257911
14696,101943,0.79734695
14697,28398,0.3089335
14698,15802,0.0628029
14699,32578,0.018676624
14700,55171,0.0056960657
14701,27712,0.03945983
14702,32341,0.12035916
14703,24270,0.02084303
14704,71141,0.34392092
14705,69634,0.34392092
14706,86678,0.02203267
14707,26137,0.0070359865
14708,50978,0.014765168
14709,70265,0.006268183
14710,81881,0.024206866
14711,70973,0.0006385582
14712,78090,0.42581627
14713,98395,0.01309169
14714,68639,0.024206866
14715,39711,0.00074352534
14716,89142,0.27559015
14717,105134,0.34054893
14718,41694,0.011897027
14719,99371,0.0051597306
14720,12718,0.4985085
14721,56216,0.5232106
14722,4561,0.0057382775
14723,39453,0.0012854383
14724,98296,0.6892983
14725,15297,0.5628135
14726,35741,0.5730763
14727,14584,0.000110119916
14728,38843,0.805784
14729,47255,0.5026056
14730,9768,0.010516585
14731,30418,0.0033112925
14732,83312,3.3810917e-05
14733,52722,0.0069380403
14734,19821,0.7976046
14735,66228,0.0069380403
14736,92920,0.6139433
14737,96960,0.00062330574
14738,73042,0.12035916
14739,28889,0.80925137
14740,115433,8.485104e-06
14741,44702,0.027550844
14742,7892,0.028720004
14743,7363,0.053895727
14744,70400,0.12396051
14745,2124,0.08508578
14746,6692,0.021937707
14747,68763,0.34392092
14748,105608,0.20503531
14749,59583,0.59822583
14750,71052,0.1508694
14751,48016,0.018096644
14752,67733,0.805784
14753,67539,0.0017587844
14754,65369,0.8693604
14755,30917,0.0049902825
14756,12382,0.1508694
14757,99560,0.12290087
14758,61470,0.007859644
14759,109459,0.0801381
14760,77157,0.51303566
14761,44924,0.015038574
14762,34613,0.03664784
14763,56444,0.590359
14764,90956,0.7478843
14765,67461,0.024206866
14766,110249,0.044053346
14767,15491,9.1552734e-05
14768,89014,0.0012735061
14769,115192,0.0010011981
14770,20559,0.87683624
14771,107708,0.012358964
14772,65644,0.012725955
14773,25911,0.00054028624
14774,100252,0.032572266
14775,98304,0.00029747168
14776,8519,0.00031070915
14777,24640,0.019543922
14778,43809,0.3089335
14779,91272,0.6018615
14780,115861,0.44521296
14781,82429,0.024206866
14782,47087,0.97276986
14783,104257,0.7378498
14784,59816,0.002085475
14785,77623,0.0018594239
14786,6898,0.049826156
14787,12206,0.95496625
14788,71721,0.4201848
14789,12302,0.0013561434
14790,5932,0.00082611747
14791,42104,0.0070359865
14792,87740,0.34392092
14793,9779,0.84811413
14794,89149,0.00029711
14795,13086,0.007402212
14796,898,0.007884927
14797,78362,0.0022433246
14798,14684,0.45888868
14799,52942,0.59938043
14800,88900,0.78131825
14801,7432,0.09333572
14802,84674,0.027365971
14803,38728,0.0006187803
14804,8670,0.0069171013
14805,105455,0.075589724
14806,75900,0.029874334
14807,55113,4.7141402e-05
14808,108408,0.009188496
14809,54426,0.7373063
14810,72787,0.01962534
14811,63207,0.643951
14812,69572,0.7478843
14813,27544,0.19521376
14814,39057,0.015142322
14815,45567,0.0061633433
14816,57672,0.37492988
14817,46120,0.0009979251
14818,79581,0.009085561
14819,94899,0.73686934
14820,96193,0.21363841
14821,635,0.0039436966
14822,35626,0.3089335
14823,94656,0.45888868
14824,28487,0.5730763
14825,11792,0.06771289
14826,103627,0.0060033025
14827,99867,0.53350335
14828,1259,0.7841161
14829,25077,0.00088257476
14830,96329,0.026673649
14831,49446,0.0008565802
14832,89995,0.004340315
14833,63872,0.20503531
14834,5359,0.038232908
14835,49666,0.0008344364
14836,63499,0.35455248
14837,25354,0.011897027
14838,4920,0.0062386924
14839,713,0.0068548415
14840,55341,0.15288648
14841,112712,0.048201922
14842,51137,0.00021970017
14843,72218,0.016911069
14844,49527,0.9922599
14845,85070,0.34392092
14846,65358,0.00054502615
14847,6807,0.0077516995
14848,2130,0.003444817
14849,3739,0.009113947
14850,53212,2.0732927e-05
14851,16013,0.00033078695
14852,69590,0.590359
14853,112724,0.009188496
14854,67669,0.0014589806
14855,12501,0.011809721
14856,59554,0.2622862
14857,32015,0.4888416
14858,103130,0.08043276
14859,112161,0.008862073
14860,114103,0.0069380403
14861,58381,0.007401518
14862,99026,0.9859816
14863,24648,0.00082101923
14864,55061,0.12290087
14865,52931,0.4888416
14866,11634,0.008247896
14867,3644,0.972462
14868,50709,0.00040642198
14869,66644,0.43726596
14870,53249,0.5232106
14871,1238,0.018857906
14872,89837,0.00027423652
14873,78071,0.010022599
14874,67059,0.5628135
14875,110795,0.0009296143
14876,28848,0.5232106
14877,73762,0.024206866
14878,59959,0.0025550118
14879,93430,0.60409665
14880,51175,0.040636003
14881,73776,0.01408992
14882,20657,0.00059768534
14883,71372,0.4201848
14884,104783,0.00019217655
14885,3221,0.03200804
14886,110222,0.045907956
14887,43961,0.16181132
14888,49632,0.4888416
14889,68697,0.30090106
14890,98944,0.16114923
14891,99951,0.0022813852
14892,21097,0.06177072
14893,94816,0.5232106
14894,79390,7.793418e-05
14895,17793,0.00014085944
14896,88872,0.002893323
14897,80145,0.34392092
14898,40740,0.0043119686
14899,36384,0.007402212
14900,104948,0.79734695
14901,51609,0.009354052
14902,71147,0.8591475
14903,90577,0.36867666
14904,40009,0.0040050745
14905,85883,0.0064328555
14906,26425,0.8763795
14907,106423,0.5918634
14908,29339,0.007401518
14909,50253,0.23309723
14910,92081,0.37862125
14911,43936,0.8745886
14912,17857,0.0035992058
14913,82525,0.7478843
14914,52015,0.0008344364
14915,52149,0.3089335
14916,50994,0.007401518
14917,102031,0.14427938
14918,68895,0.39569932
14919,31954,0.5232106
14920,55956,0.003054179
14921,103208,0.8301858
14922,50440,0.6857675
14923,15881,0.3089335
14924,102531,0.0078094616
14925,35150,0.5232106
14926,12673,0.007402212
14927,2900,0.008247896
14928,52867,0.0069380403
14929,17200,0.0015654572
14930,105761,0.79734695
14931,21648,0.014490051
14932,24022,0.5628135
14933,45634,0.20893829
14934,105441,0.63034135
14935,115363,0.004873352
14936,47609,0.037683595
14937,10575,0.85772264
14938,12674,0.027119404
14939,9172,0.0007081321
14940,86514,0.009946336
14941,37829,0.59822583
14942,63578,0.029874334
14943,58087,0.024689076
14944,21210,0.57790476
14945,87979,0.0232625
14946,69169,0.6857675
14947,88688,0.3817124
14948,31878,0.010107262
14949,71356,0.4201848
14950,79008,0.12290087
14951,13292,0.023663448
14952,98382,0.0076942495
14953,70287,0.3089335
14954,101918,0.028340075
14955,3587,0.057469666
14956,34821,0.4888416
14957,76181,0.07818704
14958,82015,0.02307767
14959,44703,0.2622862
14960,22388,0.4985085
14961,104885,0.009793286
14962,113365,0.8301858
14963,77796,0.0060033025
14964,52874,0.13447009
14965,88489,0.56749433
14966,11356,0.37963933
14967,106227,0.024206866
14968,89936,0.029874334
14969,15575,0.005614214
14970,3709,0.036599416
14971,90528,0.0055854763
14972,23331,0.25912815
14973,41120,0.0034583432
14974,32500,0.00017150039
14975,47757,0.008285374
14976,96094,0.00062294764
14977,58385,0.78131825
14978,113531,0.012358964
14979,51231,0.12035916
14980,76691,0.71321934
14981,68691,0.061391238
14982,18031,0.006125173
14983,112130,0.09049588
14984,108756,0.34392092
14985,36452,0.0026498516
14986,12753,0.0003637024
14987,96076,0.07765219
14988,109910,7.382075e-05
14989,42814,0.3089335
14990,27569,0.19521376
14991,5701,0.021937707
14992,36409,0.638665
14993,40649,0.40678856
14994,38579,0.59938043
14995,96781,0.34392092
14996,58961,0.0008706602
14997,49454,0.04117598
14998,86463,0.004495058
14999,60077,0.029551594
15000,44005,0.05756874
15001,72250,0.03621409
15002,98917,0.12290087
15003,69255,0.78131825
15004,37972,0.0040880116
15005,44337,0.2622862
15006,33982,0.5232106
15007,49572,0.4888416
15008,80131,0.004340315
15009,56627,0.0078094616
15010,91637,0.0008289428
15011,99976,0.0013560524
15012,58335,0.023649527
15013,3005,0.014978178
15014,81109,0.0049902825
15015,8535,0.004474523
15016,69866,0.0024343426
15017,7903,0.031754304
15018,109414,0.34392092
15019,110152,3.6678204e-05
15020,80053,0.0026765766
15021,85841,0.011445369
15022,47128,0.0065295263
15023,112237,0.5232106
15024,42865,0.00023051923
15025,23949,4.5710778e-05
15026,70175,0.024206866
15027,80907,0.004340315
15028,55990,0.5232106
15029,83881,0.0038988374
15030,48138,0.014897193
15031,3459,0.09962458
15032,26091,0.12078799
15033,82939,0.007859644
15034,31251,0.5628135
15035,56947,0.0069748308
15036,58599,0.7478843
15037,27010,0.85546416
15038,7864,0.0050332136
15039,97669,0.34392092
15040,72506,0.13447009
15041,25672,0.004272699
15042,87839,0.2170439
15043,84644,0.13447009
15044,104057,0.24450037
15045,81570,0.43295723
15046,82221,0.34392092
15047,44029,0.0007226411
15048,7993,0.012266115
15049,78699,0.002085475
15050,55189,0.0078094616
15051,110731,0.73582023
15052,85929,0.004346945
15053,15678,0.0028299503
15054,83118,0.014400821
15055,83229,0.5628135
15056,71782,0.638665
15057,106596,9.639713e-05
15058,33192,0.6857675
15059,28298,0.0065295263
15060,58984,0.35455248
15061,63391,0.007859644
15062,15390,0.008285374
15063,7397,0.36190233
15064,70997,0.024206866
15065,12893,0.0006204504
15066,73463,0.0013728857
15067,106860,0.020733895
15068,107298,0.0008501237
15069,57669,0.12290087
15070,25985,0.02084303
15071,103769,0.008846799
15072,90588,0.3089335
15073,108602,0.6892983
15074,77562,0.78131825
15075,84318,0.45888868
15076,78654,0.0020718006
15077,102065,0.0068548415
15078,60101,0.12035916
15079,71345,0.0008103986
15080,39869,0.3089335
15081,6038,0.0003329542
15082,54192,0.039668683
15083,52508,0.024206866
15084,61465,0.024206866
15085,115230,0.16982783
15086,109593,0.0007416306
15087,86075,0.5628135
15088,12291,0.82937336
15089,57290,0.20503531
15090,18785,0.5611369
15091,32183,0.5232106
15092,110984,0.34392092
15093,72070,0.049901057
15094,65850,0.0029129565
15095,41056,0.31660518
15096,19443,0.012132102
15097,17459,0.0011072916
15098,66820,0.38247818
15099,55388,0.12035916
15100,87871,0.5730763
15101,97609,0.0013821219
15102,77741,0.011897027
15103,59395,0.733664
15104,32468,0.5730763
15105,115383,0.0024389126
15106,2850,0.25203338
15107,7263,0.06859021
15108,109934,0.0007994225
15109,52368,0.0029041574
15110,6846,0.9685034
15111,40109,0.0014435517
15112,23117,5.8629885e-05
15113,114241,0.019721959
15114,100961,0.0049006436
15115,92097,0.8745886
15116,90826,0.7478843
15117,41261,0.011897027
15118,71308,0.006900122
15119,112517,0.023620822
15120,10101,0.004382199
15121,25851,0.0065295263
15122,95668,0.0027911179
15123,2814,0.034346074
15124,47961,0.005799991
15125,108724,0.07818704
15126,62917,0.7478843
15127,33343,0.5730763
15128,18495,0.88018847
15129,87000,0.02203267
15130,62809,0.00045418862
15131,35030,0.4888416
15132,49503,0.4888416
15133,111428,0.00027712932
15134,107171,0.47754645
15135,2181,0.0013219796
15136,45312,0.0060033025
15137,51161,0.44748464
15138,1336,0.4985085
15139,105988,0.029618468
15140,74030,0.024206866
15141,52949,0.00092781713
15142,51149,0.5026056
15143,67521,0.0020718006
15144,87670,0.64412415
15145,82682,0.5026056
15146,114547,0.0018721197
15147,19529,0.26997432
15148,84025,0.001019412
15149,79141,0.45888868
15150,101771,0.0024757183
15151,99778,0.007859644
15152,47686,0.011897027
15153,55040,0.033028502
15154,19675,0.37492988
15155,13305,0.50877464
15156,1516,0.0006021133
15157,24980,0.02484052
15158,91223,0.0069380403
15159,61919,0.0019279803
15160,52748,0.07818704
15161,12550,0.26997432
15162,67590,0.36867666
15163,18461,0.0009885154
15164,86889,0.017537016
15165,79,0.0075326078
15166,11294,0.0018357412
15167,56076,5.7947913e-05
15168,82816,0.74465847
15169,109715,0.5075232
15170,26407,0.19521376
15171,48962,0.013740246
15172,15072,0.5611369
15173,113252,0.027982187
15174,100880,0.00050666777
15175,84063,0.82937336
15176,67253,0.8591475
15177,92958,0.34392092
15178,114269,0.0027258897
15179,110793,0.006411596
15180,86621,0.34392092
15181,9298,0.004898149
15182,89162,0.009462972
15183,108716,0.56886965
15184,49880,0.008285374
15185,46252,0.041428864
15186,105684,1.2773774e-05
15187,61589,0.12035916
15188,66321,0.0040108035
15189,64541,1.2160718e-05
15190,16955,0.0008344364
15191,80135,0.34392092
15192,58390,0.019369384
15193,21935,0.4985085
15194,40832,0.4888416
15195,9045,0.05537573
15196,35650,0.0069380403
15197,8390,0.014983693
15198,1005,0.4985085
15199,70587,0.20503531
15200,89996,0.0121898195
15201,75440,0.4201848
15202,15759,0.708993
15203,71385,0.34392092
15204,69462,0.0015552664
15205,19936,0.032772552
15206,2962,0.7891447
15207,90547,0.34392092
15208,15572,0.03502317
15209,30112,0.0063532228
15210,46658,0.5026056
15211,72545,0.007859644
15212,41137,0.0006676189
15213,105132,0.40678856
15214,52799,0.010470839
15215,22917,0.21136047
15216,58209,0.16114923
15217,58113,1.7344044e-05
15218,60401,0.00080638134
15219,100530,0.0008453843
15220,99122,0.24450037
15221,51480,0.004884147
15222,110189,0.8301858
15223,36108,0.0060033025
15224,21231,0.3089335
15225,83323,0.0077167004
15226,61774,0.0010465372
15227,53143,0.0018973589
15228,78685,0.012725955
15229,85267,0.024206866
15230,36118,0.9790203
15231,59929,0.5628135
15232,65715,0.0006295639
15233,12724,0.46064824
15234,52433,0.0009539216
15235,95337,0.8819471
15236,95919,0.9859816
15237,93072,0.009188496
15238,58769,0.0069380403
15239,35490,0.10893687
15240,62771,0.0049473285
15241,23045,0.26997432
15242,52384,0.024518486
15243,60152,0.7976046
15244,113241,0.024206866
15245,28151,0.0009853129
15246,48411,0.12290087
15247,14238,0.0018368879
15248,34247,0.5232106
15249,72541,0.017586915
15250,108710,0.7678493
15251,109957,0.044053346
15252,6470,0.0056819506
15253,67637,0.0004420739
15254,104542,0.75738317
15255,56191,0.5232106
15256,62664,0.011897027
15257,36240,0.7976046
15258,40989,0.1508694
15259,63545,0.00053853175
15260,17589,0.009927506
15261,1504,0.008018386
15262,39624,0.7424075
15263,31790,0.5232106
15264,107218,0.37492988
15265,46624,0.0008344364
15266,100987,0.6560458
15267,38322,0.45888868
15268,57656,0.4888416
15269,18119,0.6857675
15270,55412,0.018387165
15271,59858,0.0057945102
15272,85421,0.003241796
15273,100503,0.032572266
15274,91651,0.00066957343
15275,92596,0.7478843
15276,66313,0.18376456
15277,20502,0.4985085
15278,12068,0.50877464
15279,7913,0.0077516995
15280,93834,0.024206866
15281,58760,0.13447009
15282,114344,0.0036804038
15283,55884,0.643951
15284,12172,0.018307386
15285,7456,0.0034652818
15286,84897,0.27559015
15287,4751,0.94695324
15288,88070,0.018096644
15289,64745,0.20503531
15290,53232,0.8356625
15291,99765,0.0022562635
15292,95764,0.029874334
15293,13535,0.009587363
15294,5609,0.007859644
15295,105800,0.34392092
15296,96694,0.0009514799
15297,65691,0.07818704
15298,108849,0.008899339
15299,15241,0.5026056
15300,39240,0.5026056
15301,109807,0.008899339
15302,61537,0.00061810395
15303,70989,0.024206866
15304,110280,0.027571395
15305,27795,0.19652489
15306,44918,0.011897027
15307,11548,0.23606332
15308,34336,0.6857675
15309,59598,0.00059859664
15310,3341,0.057469666
15311,4321,0.85631025
15312,45245,0.00028159664
15313,80788,0.06427912
15314,55303,0.15288648
15315,33147,0.004346945
15316,109633,0.00029329536
15317,15722,0.00037650848
15318,58936,0.5232106
15319,57417,0.07004065
15320,63818,0.00015711458
15321,53438,0.0053557972
15322,109942,0.0060033025
15323,37356,0.97177225
15324,66628,0.0018235607
15325,1647,0.85772264
15326,65819,0.2622862
15327,86677,0.010137472
15328,33765,0.00041502962
15329,2661,0.80572975
15330,29093,0.03502317
15331,51972,0.0010066493
15332,84508,0.007859644
15333,106854,0.0013754737
15334,71742,0.07021838
15335,102142,0.0060033025
15336,61870,0.002156833
15337,68634,0.058751382
15338,31357,0.78131825
15339,40425,0.00082101923
15340,97400,0.004495058
15341,84103,0.30090106
15342,16961,0.0005467828
15343,37811,0.0020739944
15344,108683,0.01499081
15345,95193,0.73686934
15346,115871,0.6022919
15347,57344,0.12290087
15348,56155,0.024206866
15349,56067,0.5232106
15350,39537,0.0070359865
15351,102061,0.13447009
15352,101932,0.52379495
15353,44527,0.0060033025
15354,79575,0.5026056
15355,2554,0.018357256
15356,34564,0.005799991
15357,38734,0.80925137
15358,43190,0.97276986
15359,79674,0.45888868
15360,92405,0.8044119
15361,11849,0.0006565211
15362,50521,0.000802978
15363,9010,0.04945419
15364,83316,0.0011214612
15365,45492,0.000737098
15366,54821,0.0062247603
15367,6813,0.0039436966
15368,12162,0.007402212
15369,3482,0.4835136
15370,79367,0.4201848
15371,33471,0.5232106
15372,52705,0.26997432
15373,35416,0.6857675
15374,85492,0.07818704
15375,64338,0.019369384
15376,18469,0.0008344364
15377,63115,0.5628135
15378,69053,0.78131825
15379,90962,0.78131825
15380,112214,0.0005858738
15381,85868,0.4888416
15382,112822,0.0010691059
15383,3473,0.36190233
15384,63447,0.4888416
15385,3066,0.057469666
15386,42838,0.0016775148
15387,110725,0.0013978207
15388,42635,0.3089335
15389,94029,0.010137472
15390,40280,0.13580467
15391,26886,0.4888416
15392,79202,0.00163594
15393,60884,0.7478843
15394,98789,0.0049849157
15395,87717,0.73020315
15396,12993,0.96013254
15397,102390,0.54713255
15398,62264,0.16114923
15399,59803,0.005712436
15400,88992,0.0052471603
15401,45452,0.022744736
15402,13946,0.0023685228
15403,6697,0.049826156
15404,63918,0.2622862
15405,32727,0.59822583
15406,2328,0.01599841
15407,39564,0.12078799
15408,87938,0.61716485
15409,94485,0.032572266
15410,93760,0.58307195
15411,36164,0.15288648
15412,89340,0.8044119
15413,91090,0.0003322208
15414,57401,0.07818704
15415,12492,0.00071052747
15416,97629,0.00052637997
15417,103727,0.2976751
15418,36003,0.7976046
15419,91853,0.006026623
15420,23405,0.15288648
15421,74204,0.6795658
15422,83948,0.34392092
15423,71538,0.34392092
15424,35699,0.0008344364
15425,39790,0.002085475
15426,14563,0.4985085
15427,56079,0.78131825
15428,55136,0.5730763
15429,44225,0.007678487
15430,56681,0.12035916
15431,47031,0.01532495
15432,52708,0.5628135
15433,80827,0.007859644
15434,56922,0.23309723
15435,90987,0.00018373586
15436,22391,0.015702382
15437,75798,0.78131825
15438,15632,0.0042669657
15439,110434,0.34392092
15440,10766,0.7307767
15441,111835,0.6022919
15442,41253,0.60335207
15443,49834,0.00019393374
15444,68305,0.024206866
15445,73176,0.00025744713
15446,1399,0.021937707
15447,96163,0.34392092
15448,26161,0.004533454
15449,12816,0.0006754182
15450,69851,0.12295604
15451,75383,0.78131825
15452,109816,0.004601429
15453,71199,0.00030549918
15454,67480,0.0011072916
15455,2359,0.002092715
15456,47043,0.02084303
15457,31381,3.875409e-05
15458,53856,0.7704209
15459,92132,0.018163886
15460,11158,0.59703815
15461,84946,0.00021241774
15462,55001,0.7976046
15463,38695,0.00037082558
15464,64921,0.031433135
15465,6474,0.09130746
15466,82612,0.7478843
15467,57829,0.12290087
15468,87721,0.7478843
15469,7742,0.07030542
15470,100477,0.6843454
15471,45557,0.00041502962
15472,113395,0.004346945
15473,83652,0.106024325
15474,95411,0.00953833
15475,73319,0.024206866
15476,73953,0.00042473356
15477,67102,0.16181132
15478,57324,0.0079947645
15479,61449,0.021318072
15480,56320,0.0078094616
15481,35672,0.010289059
15482,102384,0.733664
15483,26537,0.004976857
15484,104731,0.34392092
15485,51843,0.0028252755
15486,110618,0.0027354483
15487,95348,0.78131825
15488,29141,0.0010536058
15489,103562,0.034654245
15490,98767,0.13447009
15491,17001,0.13447009
15492,50169,0.59938043
15493,71837,0.0069380403
15494,3438,0.0075841895
15495,46766,0.19521376
15496,5524,0.0011997598
15497,30898,0.75738317
15498,82198,0.00037149663
15499,91306,0.37963933
15500,56083,0.027111523
15501,41856,0.004377581
15502,98068,0.20503531
15503,65647,0.0028626716
15504,17858,0.0008344364
15505,70058,0.59822583
15506,52602,0.4201848
15507,65913,0.044053346
15508,68180,0.00027386393
15509,107205,0.19652489
15510,81449,2.9913706e-05
15511,106017,0.0002402671
15512,115801,0.0031884904
15513,45128,0.6139433
15514,20150,0.009927506
15515,12806,0.0007994225
15516,86541,0.009946336
15517,83178,0.00019684709
15518,94162,0.13447009
15519,32686,0.0023733126
15520,59353,0.5232106
15521,74772,0.12035916
15522,71413,0.024206866
15523,27962,0.0008344364
15524,42739,0.59938043
15525,31950,0.011897027
15526,103775,0.024206866
15527,27713,0.19521376
15528,57571,0.5232106
15529,87218,0.00012731068
15530,93892,0.58307195
15531,24762,0.31145355
15532,50419,0.5628135
15533,94045,0.1508694
15534,14244,0.56782615
15535,51482,0.15288648
15536,54204,0.7704209
15537,16963,0.59917617
15538,108322,0.010923394
15539,59298,0.51646364
15540,20455,0.47754645
15541,28518,0.6857675
15542,78914,0.008635866
15543,58763,0.95399666
15544,37088,0.00028159664
15545,52,0.031465236
15546,70003,0.0005541349
15547,11258,0.0012094491
15548,78548,0.0010096605
15549,89685,0.010137472
15550,81714,0.0054580607
15551,35888,0.6857675
15552,95209,0.00018883869
15553,76066,0.0053734146
15554,4414,0.037683595
15555,113952,0.37492988
15556,74564,0.029874334
15557,42785,0.011897027
15558,39605,0.9966132
15559,83399,8.644754e-05
15560,72933,0.13447009
15561,15697,0.3089335
15562,86378,0.34392092
15563,54704,0.07818704
15564,17840,0.18376456
15565,114028,0.9538255
15566,59358,0.733664
15567,81116,0.00013840024
15568,79614,0.5026056
15569,84015,0.016611535
15570,84086,0.13447009
15571,64481,0.8212384
15572,54872,0.0031289167
15573,27144,0.638665
15574,115309,0.00027797662
15575,3074,0.03200804
15576,38061,0.0009267631
15577,66042,0.018343307
15578,28136,0.19652489
15579,71761,0.008228036
15580,20014,0.00032027965
15581,114067,0.4123848
15582,41352,4.2271353e-05
15583,65125,0.005417213
15584,97739,0.8819471
15585,98832,0.37862125
15586,109951,0.4123848
15587,31133,0.21136047
15588,90984,0.54713255
15589,54108,0.5232106
15590,111608,0.24450037
15591,76907,0.00872611
15592,87193,0.026479157
15593,64417,0.029874334
15594,13587,0.008984584
15595,29319,0.0015655839
15596,219,0.00081423705
15597,26677,0.19521376
15598,12779,0.78131825
15599,111395,0.34392092
15600,77752,0.00030549918
15601,112137,1.620658e-05
15602,82856,0.024206866
15603,29184,0.19652489
15604,93494,0.0006312672
15605,106136,0.0134694865
15606,55595,0.5232106
15607,58774,0.0008344364
15608,15647,0.0036725039
15609,20500,0.77230483
15610,49390,0.04344542
15611,3595,0.012986855
15612,1319,0.0056358688
15613,25132,0.00028856297
15614,60601,0.00069838745
15615,73360,0.027365971
15616,51357,0.021325976
15617,44570,0.36316264
15618,47577,0.0008344364
15619,50623,9.556836e-05
15620,21733,0.4888416
15621,63747,0.34661445
15622,29222,0.554042
15623,97481,0.7349488
15624,59135,0.029724868
15625,84987,0.0005260863
15626,23364,0.0008290767
15627,27424,0.5628135
15628,2786,0.01599841
15629,13996,0.0048087235
15630,54257,0.002419896
15631,58684,0.0075086835
15632,63043,0.0278131
15633,68961,0.4888416
15634,46535,0.007402212
15635,9484,0.008741161
15636,109594,0.24450037
15637,18595,0.59822583
15638,25822,0.011897027
15639,58176,0.13447009
15640,16743,0.0018594239
15641,50845,0.0008344364
15642,22085,0.8770808
15643,30412,0.00040549843
15644,42777,0.5628135
15645,107608,0.4123848
15646,56687,0.36867666
15647,72604,0.13447009
15648,26823,0.0065295263
15649,97527,0.9859816
15650,18056,0.44521296
15651,104075,0.4201848
15652,91729,0.78131825
15653,115358,0.5232106
15654,44127,0.12290087
15655,61195,0.0011916698
15656,87644,0.63034135
15657,80015,0.0018594239
15658,101949,0.8819471
15659,63628,0.0003764315
15660,16646,0.00015711458
15661,12704,0.42581627
15662,102361,0.004340315
15663,113274,0.24450037
15664,85244,0.00074352534
15665,53290,0.0049902825
15666,22884,0.11600722
15667,57659,0.001049738
15668,87908,0.5574541
15669,65605,0.07818704
15670,38167,0.12290087
15671,30200,0.9654049
15672,43547,0.12078799
15673,97982,0.30090106
15674,28029,0.82937336
15675,26758,0.16062759
15676,33191,0.96913415
15677,37912,0.02084303
15678,85961,0.001019412
15679,151,0.01814447
15680,43226,0.20503531
15681,37582,0.0070359865
15682,104863,0.00021589237
15683,60002,0.18376456
15684,71877,0.37492988
15685,41185,0.009922698
15686,69956,0.0029114224
15687,59750,0.090842456
15688,5449,0.0041278456
15689,95132,0.8819471
15690,6559,0.008751997
15691,28988,0.14628837
15692,65,0.018259957
15693,40162,0.059051476
15694,38868,0.0006187803
15695,26,0.13580467
15696,11128,0.00062371104
15697,84794,0.026691185
15698,114654,0.009079819
15699,35758,0.12290087
15700,47601,0.88018847
15701,110122,0.00091414066
15702,58362,0.5232106
15703,64638,0.006758071
15704,46108,0.36316264
15705,77900,0.4888416
15706,53245,0.000913589
15707,26540,0.3089335
15708,89510,0.024206866
15709,91698,0.024206866
15710,113926,0.0031493187
15711,79357,0.46006948
15712,79956,0.5628135
15713,85947,0.024206866
15714,20105,0.011616147
15715,49706,0.040918738
15716,61658,0.78131825
15717,54295,0.47754645
15718,47375,0.5628135
15719,115669,0.000106841
15720,18353,0.04985191
15721,89819,0.27559015
15722,105393,0.029907085
15723,13006,0.37492988
15724,63853,0.30090106
15725,73703,0.7976046
15726,10029,0.008247896
15727,28702,0.007402212
15728,73608,0.024206866
15729,83766,0.011778448
15730,101013,0.4123848
15731,103112,0.012358964
15732,62974,0.0069380403
15733,14433,0.004671096
15734,96384,0.0052681984
15735,100220,0.5918634
15736,104805,0.0009329578
15737,75232,0.0005260863
15738,84686,0.34392092
15739,29885,0.3089335
15740,114261,0.00015289236
15741,66334,0.015142322
15742,11512,0.00062429294
15743,48434,0.029874334
15744,4655,0.0004653663
15745,76890,0.009354052
15746,78742,0.0078094616
15747,61170,0.009111429
15748,22649,0.0038145971
15749,50109,0.00066957343
15750,95901,0.0022208928
15751,10124,0.0062386924
15752,22602,0.04985191
15753,96970,0.56749433
15754,27467,0.5232106
15755,60043,0.015038574
15756,35066,0.00025686217
15757,17092,0.0018786364
15758,35435,0.25912815
15759,69737,0.024206866
15760,115747,0.024206866
15761,2034,0.0006305294
15762,4801,0.032317188
15763,415,0.006418149
15764,108563,0.0078094616
15765,26628,0.3089335
15766,63149,0.13447009
15767,65835,0.012725955
15768,68171,0.015038574
15769,69319,0.34392092
15770,15422,0.15288648
15771,64735,0.12035916
15772,29661,0.015142322
15773,24034,0.027550844
15774,5439,0.069537625
15775,57747,6.5307635e-05
15776,19633,0.04985191
15777,81472,0.13447009
15778,63580,0.07429095
15779,57777,0.0004745771
15780,64857,0.0005355452
15781,58347,0.024206866
15782,30246,0.5232106
15783,95653,0.34392092
15784,113215,0.00030179287
15785,60322,0.81378096
15786,50453,0.03949724
15787,8235,0.008247896
15788,39714,0.0013739223
15789,59065,0.66443765
15790,11484,0.019587718
15791,5954,0.008247896
15792,107300,6.4887674e-05
15793,96351,0.03414784
15794,105645,0.0031332762
15795,25634,0.0002890735
15796,14715,0.00015570091
15797,76977,0.47754645
15798,44363,0.008285374
15799,31151,0.00013322994
15800,99878,0.004340315
15801,91553,0.34392092
15802,10000,0.015669009
15803,16530,0.011616147
15804,101139,0.017041259
15805,42936,0.007892275
15806,81104,0.733664
15807,74393,0.00030549918
15808,84988,0.71801543
15809,53211,0.5232106
15810,67879,0.0010096605
15811,4761,0.047942977
15812,26682,0.00066957343
15813,84405,0.32597795
15814,34008,0.6022919
15815,48440,0.638665
15816,725,0.06771289
15817,108791,0.24450037
15818,24134,0.005738544
15819,37118,0.027119404
15820,31966,0.21136047
15821,27564,0.5232106
15822,13443,0.4985085
15823,84629,0.34392092
15824,55249,0.4888416
15825,101267,0.029874334
15826,93105,0.16114923
15827,243,0.5611369
15828,22832,0.018676624
15829,87298,0.024206866
15830,68791,0.0029114224
15831,83907,0.5026056
15832,58173,0.006268183
15833,80117,0.9710018
15834,12428,0.69796836
15835,46086,0.2723097
15836,52549,0.13447009
15837,86771,8.387934e-05
15838,7886,0.30618677
15839,102162,0.34392092
15840,51109,0.673766
15841,20637,0.4985085
15842,99356,0.032572266
15843,9486,0.008247896
15844,52955,0.5232106
15845,96803,0.006557449
15846,65729,0.0060033025
15847,55672,0.638665
15848,1057,0.010516585
15849,103741,0.73686934
15850,71879,0.34392092
15851,58526,0.47754645
15852,37704,0.0069380403
15853,60314,0.5730763
15854,113355,0.8577139
15855,6645,0.7307767
15856,60078,0.5232106
15857,94388,0.590359
15858,25483,0.36316264
15859,104164,0.58307195
15860,57836,0.00046885223
15861,18397,0.006125173
15862,57542,0.78131825
15863,52059,0.81378096
15864,25640,0.0078094616
15865,54647,5.927806e-06
15866,98641,0.0005423695
15867,45059,0.5628135
15868,11607,0.77005756
15869,70824,0.007859644
15870,32502,0.5232106
15871,102895,0.0019281482
15872,64148,0.04344542
15873,13641,0.7798892
15874,74709,0.027119404
15875,19929,0.00029823754
15876,84057,0.2170439
15877,29495,0.0278131
15878,52001,0.25912815
15879,91085,0.68328345
15880,2784,0.010516585
15881,26912,0.0013080792
15882,64209,0.010756634
15883,10166,0.0039436966
15884,51940,0.5232106
15885,56548,0.0010698242
15886,33118,0.5232106
15887,5423,0.0008014544
15888,22967,0.011595547
15889,13401,0.96013254
15890,46463,0.4832058
15891,75237,0.4201848
15892,34787,0.77005756
15893,22220,0.0027912944
15894,13041,0.027561093
15895,226,0.00041383022
15896,69618,0.16114923
15897,36159,0.5232106
15898,51901,0.4888416
15899,76043,0.00024498074
15900,1503,0.18376456
15901,73139,0.0003044687
15902,28185,0.40678856
15903,73316,0.004340315
15904,25992,0.002013266
15905,106366,0.008938783
15906,11996,0.00017197282
15907,28158,0.0078094616
15908,51983,0.21363841
15909,109364,0.001339637
15910,411,0.008285374
15911,79625,0.24450037
15912,52903,0.0076764417
15913,16097,0.4985085
15914,98847,0.00084606325
15915,42107,0.0006187803
15916,111711,0.34392092
15917,73951,0.13447009
15918,31890,0.007402212
15919,102041,0.8819471
15920,66064,0.01451028
15921,40099,0.0049902825
15922,39933,0.007402212
15923,101766,0.87978876
15924,75745,0.71321934
15925,31912,0.0003151838
15926,6219,0.013822098
15927,89216,0.13447009
15928,96830,0.7478843
15929,73279,0.4832058
15930,59301,0.6857675
15931,65207,0.0005073439
15932,19870,0.4888416
15933,28866,0.0065295263
15934,70126,0.017152961
15935,12948,0.021937707
15936,71575,0.590359
15937,72938,0.36316264
15938,46098,0.19521376
15939,18682,0.638665
15940,86244,0.024206866
15941,104797,0.032572266
15942,80065,0.7009889
15943,32973,0.004074555
15944,19442,0.0026986522
15945,82673,0.44951525
15946,49219,0.006758071
15947,68252,0.20503531
15948,67239,0.0011072916
15949,5709,0.26386112
15950,15493,0.0006309539
15951,29823,0.027119404
15952,26325,0.12078799
15953,32506,0.0025294565
15954,35307,0.5730763
15955,9961,0.7841161
15956,2099,0.004371822
15957,12977,9.1009744e-05
15958,108516,0.81980735
15959,61523,0.6857675
15960,6015,0.01599841
15961,42189,0.006758071
15962,4141,0.007250974
15963,89312,0.5026056
15964,64004,7.3437885e-05
15965,531,0.072692804
15966,73043,0.0010241107
15967,9509,0.98010695
15968,91604,0.35705665
15969,39069,0.02084303
15970,106852,0.32676116
15971,6073,0.0115717
15972,52152,0.0009631073
15973,107563,0.0311136
15974,89104,0.13447009
15975,114061,0.5232106
15976,78443,0.0028252755
15977,25310,0.85546416
15978,74928,0.024206866
15979,16144,0.47754645
15980,67147,0.7478843
15981,103614,0.73582023
15982,30954,0.0072379257
15983,75619,0.024206866
15984,74386,0.0060033025
15985,90113,0.07500135
15986,67700,0.0010815911
15987,11609,0.005921866
15988,17175,0.8057262
15989,47540,0.3089335
15990,26791,0.5232106
15991,12308,0.008112372
15992,78770,0.017041259
15993,84912,0.0026097156
15994,56647,0.5232106
15995,86013,0.733664
15996,17686,0.5611369
15997,38837,0.016352717
15998,77723,0.4201848
15999,110314,0.24450037
16000,80633,0.0011973139
16001,95772,3.8421393e-05
16002,115065,0.024206866
16003,75409,0.024206866
16004,18061,0.009927506
16005,49229,0.0069380403
16006,98953,0.024206866
16007,85178,0.0003350194
16008,26075,0.03599013
16009,51215,0.4888416
16010,80609,0.020295775
16011,2171,0.047942977
16012,114255,0.78131825
16013,30757,0.029874334
16014,76430,0.00046380193
16015,60822,0.13447009
16016,95616,0.30090106
16017,44726,0.0013131847
16018,20497,0.4888416
16019,88832,0.024206866
16020,93053,0.048965137
16021,18936,0.708993
16022,45630,0.0070359865
16023,68133,0.7478843
16024,13444,0.009587363
16025,60833,0.13447009
16026,27595,0.00016370132
16027,80738,0.2605466
16028,35297,0.012381633
16029,76783,0.00027423652
16030,105811,0.34392092
16031,87581,0.0121670235
16032,5128,0.031332474
16033,78926,0.0017834896
16034,69142,0.0006513123
16035,87158,0.00420807
16036,37566,0.59938043
16037,51047,0.0069380403
16038,12496,0.00028856297
16039,59532,0.6857675
16040,90951,0.007831532
16041,44097,0.039832
16042,90479,0.0015552664
16043,114769,0.0043080067
16044,57927,0.07818704
16045,109517,0.002568982
16046,114638,0.0050141937
16047,14872,0.020530032
16048,105708,0.00028159664
16049,97679,0.34392092
16050,4545,0.013822098
16051,67610,0.018955247
16052,13797,0.4888416
16053,76045,0.024206866
16054,28129,0.5628135
16055,8715,0.038232908
16056,30055,0.00080634793
16057,105758,0.0060033025
16058,85714,0.019498065
16059,106464,0.32676116
16060,94037,0.35455248
16061,68671,0.13447009
16062,102927,1.1973534e-05
16063,73730,0.59938043
16064,103152,0.00025357405
16065,109033,0.47754645
16066,36381,0.44748464
16067,22269,0.0015654572
16068,47107,0.02084303
16069,40582,0.008285374
16070,41653,0.4888416
16071,97021,0.5918634
16072,114425,0.00546494
16073,108048,0.011222988
16074,85913,0.2181275
16075,33358,0.71340895
16076,105332,0.007753985
16077,96590,0.2622862
16078,99897,0.056111116
16079,94176,0.13447009
16080,109228,0.24450037
16081,63760,0.011703925
16082,80211,0.4201848
16083,382,0.0008724249
16084,9285,0.84811413
16085,17050,0.0016554483
16086,41772,0.638665
16087,66995,0.38247818
16088,84011,0.00030549918
16089,81866,0.0060231877
16090,6693,0.008247896
16091,115018,0.24450037
16092,24733,0.15288648
16093,97510,0.7678493
16094,64974,0.0029317704
16095,66869,0.029874334
16096,48974,0.59938043
16097,28470,0.5232106
16098,92665,0.9736786
16099,41135,0.5628135
16100,91490,0.34392092
16101,50199,0.00028856297
16102,25116,0.0011072916
16103,68653,0.40678856
16104,54496,0.7976046
16105,104574,0.12290087
16106,9673,0.075603686
16107,50337,0.00039504215
16108,59641,0.7976046
16109,51416,0.4888416
16110,58902,0.5232106
16111,59398,0.020963194
16112,104658,0.00017095443
16113,31068,0.00041569126
16114,51531,0.008376444
16115,44652,8.864706e-05
16116,82536,0.001019412
16117,74554,0.0011214612
16118,10763,0.013822098
16119,70754,0.026289925
16120,29307,0.023175027
16121,64568,0.0018721197
16122,73902,0.00015381665
16123,104546,0.0051420084
16124,57007,5.760565e-05
16125,102881,0.012164273
16126,3921,0.0017620986
16127,40031,0.018857906
16128,108372,0.24450037
16129,27570,0.011897027
16130,13175,0.66882885
16131,16717,0.20503531
16132,84843,0.0011024594
16133,50469,0.8356625
16134,79279,0.00068920647
16135,102227,0.8819471
16136,33194,0.59822583
16137,70470,0.04945419
16138,95472,0.004340315
16139,9114,0.058883075
16140,34716,0.5232106
16141,104233,0.002353646
16142,33700,0.3089335
16143,106559,0.88841623
16144,40570,0.0025003466
16145,112943,0.6022919
16146,18657,0.0005512068
16147,43025,0.0010824688
16148,53762,0.16114923
16149,32606,0.00013285165
16150,15081,0.033714566
16151,86455,0.024206866
16152,114696,0.47754645
16153,67999,0.69238746
16154,35984,0.10985459
16155,59928,0.5232106
16156,65702,0.0018881526
16157,96714,0.30090106
16158,82574,0.47754645
16159,33647,0.12290087
16160,9219,0.44851086
16161,33952,0.60335207
16162,107918,0.037787262
16163,102453,0.0042179264
16164,59265,0.23309723
16165,962,0.06581619
16166,75128,0.01451028
16167,11957,0.50877464
16168,110477,0.1508694
16169,23547,0.2622862
16170,39745,0.45888868
16171,13518,0.66882885
16172,114326,0.018743023
16173,72065,0.016956441
16174,64706,0.006278673
16175,29660,0.0013892303
16176,61967,0.0023717778
16177,18795,0.003932758
16178,86598,0.64825314
16179,88845,0.7478843
16180,60403,0.024206866
16181,47537,0.19521376
16182,100962,0.013245289
16183,98806,0.19346014
16184,44240,0.5232106
16185,57790,0.5232106
16186,66474,0.20503531
16187,6185,0.0029533599
16188,39305,0.019595325
16189,110832,0.17333865
16190,71463,0.0057945102
16191,99158,0.50293183
16192,104003,0.020733895
16193,25191,0.0078094616
16194,37244,0.5232106
16195,57870,0.10123994
16196,19669,0.59938043
16197,6387,0.001215759
16198,101399,0.01244814
16199,114266,0.0278131
16200,87867,0.04054585
16201,15985,0.0015130327
16202,9176,0.1012333
16203,75927,0.34392092
16204,11159,0.08963492
16205,38640,0.6857675
16206,72480,0.13447009
16207,104064,0.0006184449
16208,74798,0.34054893
16209,20513,0.0023631982
16210,4064,0.0069171013
16211,104212,0.36316264
16212,42466,0.37963933
16213,19444,0.0010925329
16214,26315,0.005799991
16215,113894,0.4123848
16216,79843,0.78131825
16217,95770,0.0016103636
16218,50940,0.4888416
16219,58304,0.038872067
16220,26041,2.7339684e-05
16221,57217,0.01962534
16222,24968,0.0021438655
16223,45469,0.041428864
16224,71035,0.4888416
16225,66997,0.34392092
16226,93921,0.004340315
16227,96664,0.49183017
16228,50299,0.5232106
16229,23465,0.00077782065
16230,91362,0.40678856
16231,47717,0.82937336
16232,85782,0.4888416
16233,32952,0.3089335
16234,1675,0.001678701
16235,92115,0.0006385582
16236,54116,0.5232106
16237,94259,0.21136047
16238,59650,0.073696695
16239,64019,0.0029041574
16240,81452,0.0005260863
16241,29756,0.6022919
16242,84577,0.2170439
16243,48501,0.13447009
16244,35294,0.4888416
16245,79660,0.024206866
16246,8722,0.0062386924
16247,72937,0.35388336
16248,22145,0.03664784
16249,14026,0.2170439
16250,75425,0.06427912
16251,36413,0.006758071
16252,89746,0.41544726
16253,103942,0.32676116
16254,30957,0.5232106
16255,21585,5.6640947e-05
16256,35722,0.5232106
16257,4490,0.00012591515
16258,50710,0.9790203
16259,58934,2.6603428e-05
16260,10687,0.008141215
16261,104977,0.7378498
16262,4241,0.014404044
16263,31205,0.011897027
16264,82966,0.024206866
16265,67585,0.1026934
16266,107449,0.32676116
16267,104380,0.6843454
16268,111565,0.30090106
16269,53007,0.0028585475
16270,3161,0.0008134883
16271,25098,0.12078799
16272,74590,0.024206866
16273,20794,0.04985191
16274,52925,0.00020830194
16275,4355,0.07704517
16276,101677,0.34392092
16277,33410,0.00030549918
16278,102490,0.009039511
16279,15660,0.303321
16280,25545,0.005712436
16281,106066,0.032572266
16282,80021,0.56782615
16283,84125,0.30090106
16284,53388,9.9616926e-05
16285,79571,0.34392092
16286,2727,0.007884927
16287,71074,0.00038288167
16288,25283,0.0060033025
16289,105264,0.24450037
16290,12028,0.006294771
16291,53240,0.4888416
16292,66016,0.002085475
16293,114939,0.50293183
16294,48832,0.0008344364
16295,20499,0.13447009
16296,100877,0.24450037
16297,93139,0.20503531
16298,25055,0.00070814055
16299,85925,0.13447009
16300,78483,0.47754645
16301,31515,0.1508694
16302,32669,0.6857675
16303,88053,0.0028402521
16304,114422,0.007401518
16305,59752,0.00015711458
16306,56167,0.12290087
16307,52585,0.13447009
16308,80164,0.00072852895
16309,94187,0.97781587
16310,111775,0.34392092
16311,14699,0.0038682756
16312,22941,0.0060033025
16313,32807,0.0006106808
16314,72706,0.45888868
16315,9174,0.9906227
16316,14227,0.04985191
16317,47323,0.0009028216
16318,51238,0.0053375647
16319,49770,0.02345921
16320,27141,0.011897027
16321,92675,0.004340315
16322,65088,0.015142322
16323,1934,0.001292961
16324,63566,0.52379495
16325,90372,0.34392092
16326,4640,0.1827877
16327,79733,0.45888868
16328,1796,0.4985085
16329,94053,0.7478843
16330,114463,0.00895358
16331,11506,0.4568756
16332,69048,0.59938043
16333,98964,0.7678493
16334,42953,0.0060033025
16335,64016,0.20503531
16336,32194,1.8676043e-05
16337,62456,0.78131825
16338,10214,0.59703815
16339,99177,0.6843454
16340,49192,0.52379495
16341,42199,2.0506712e-05
16342,8619,0.7976046
16343,86805,0.02781691
16344,106995,0.027668724
16345,1074,0.000108046566
16346,81605,0.024206866
16347,70825,0.0008053404
16348,66202,0.85062313
16349,66624,0.00014260186
16350,110145,0.018214619
16351,60381,0.59822583
16352,23101,0.0038145971
16353,65199,0.01451028
16354,101489,0.79734695
16355,4953,0.009038596
16356,86492,0.0010193824
16357,10913,0.10271228
16358,63893,0.0013161497
16359,97684,0.7878375
16360,93800,0.000173288
16361,87145,0.6857675
16362,99196,0.13447009
16363,24852,0.16062759
16364,16562,0.0014080327
16365,87955,0.7478843
16366,12332,0.0022208928
16367,43448,0.3089335
16368,65209,0.012725955
16369,92377,0.002893323
16370,76973,0.0004705332
16371,53652,0.024206866
16372,87222,0.6857675
16373,64487,0.004568258
16374,86473,0.026691185
16375,80878,0.0010066493
16376,93091,0.5710872
16377,43554,0.02084303
16378,99615,0.58307195
16379,12972,0.021415321
16380,95001,0.011445369
16381,29285,0.5730763
16382,20538,0.0038145971
16383,17914,0.012632351
16384,75509,0.02484052
16385,34156,0.5730763
16386,63150,0.37492988
16387,11440,0.012266115
16388,104912,0.009188496
16389,89651,0.59938043
16390,40415,0.0049902825
16391,95047,0.0011214612
16392,95439,0.000106841
16393,4541,0.021937707
16394,49713,0.5232106
16395,17167,0.35801014
16396,74060,0.60335207
16397,11811,0.0008344364
16398,3108,0.007884927
16399,27864,0.0002148953
16400,13263,0.009079819
16401,58131,0.7915935
16402,6113,0.0049862876
16403,11469,0.0039436966
16404,74849,0.12275081
16405,82067,0.3089335
16406,41538,0.010198945
16407,72953,0.024206866
16408,29227,0.0068548415
16409,101888,0.060574103
16410,3942,0.69796836
16411,37048,0.20503531
16412,11177,0.046046227
16413,112151,0.0006746154
16414,48073,0.30090106
16415,94456,0.59938043
16416,7338,0.06859021
16417,59541,0.0014080327
16418,57665,0.7478843
16419,108440,0.024206866
16420,37746,0.0008344364
16421,9640,0.013822098
16422,10816,0.7307767
16423,19070,0.0003873546
16424,26012,0.00017309067
16425,69686,0.6027404
16426,5976,0.009718719
16427,94349,0.60409665
16428,103317,0.58307195
16429,21979,0.0075326078
16430,62528,0.6795658
16431,77832,0.0013728857
16432,114801,0.014058424
16433,55785,0.5232106
16434,89481,0.5232106
16435,103471,0.0006590249
16436,28841,0.6857675
16437,9343,0.013243725
16438,47082,0.0008344364
16439,105286,0.75738317
16440,5029,0.0648613
16441,74260,0.36316264
16442,25957,0.009818205
16443,70318,0.024206866
16444,25471,0.19521376
16445,26999,0.0013892303
16446,67183,0.0029114224
16447,3261,0.0056358688
16448,103448,0.0029515966
16449,45091,0.19521376
16450,52854,0.5730763
16451,19532,0.0030203336
16452,58603,0.006418149
16453,55855,0.5232106
16454,75978,0.32597795
16455,50410,0.7976046
16456,27613,0.0005152362
16457,109487,0.5075232
16458,42287,0.010210467
16459,10835,0.0048087235
16460,40075,0.12078799
16461,88359,0.011778448
16462,60394,0.0049902825
16463,96782,0.71801543
16464,56017,0.78131825
16465,20979,0.4888416
16466,80574,0.0008289428
16467,93961,0.00045428105
16468,113715,0.44521296
16469,25045,0.00028856297
16470,26515,0.000112999776
16471,115261,0.0048713083
16472,57838,0.011862155
16473,28943,0.01962534
16474,52475,0.41613477
16475,12952,0.50877464
16476,103443,0.012218741
16477,19512,0.012632351
16478,96157,0.7270048
16479,48451,0.5026056
16480,20190,0.7976046
16481,21209,0.00030600524
16482,81519,0.07818704
16483,42347,0.010198945
16484,96191,0.0003202482
16485,42515,0.59822583
16486,77641,0.009996256
16487,44538,0.0004076079
16488,102067,0.34392092
16489,46334,0.0008344364
16490,26927,0.015142322
16491,26660,0.015142322
16492,43907,0.47754645
16493,103006,0.0078094616
16494,108574,0.58307195
16495,40184,0.003241796
16496,115963,0.0006513123
16497,40232,0.0038404816
16498,88647,0.13447009
16499,10698,0.0042940085
16500,81980,0.06588332
16501,71062,0.5628135
16502,71026,0.59938043
16503,26022,0.025349155
16504,20815,0.006004174
16505,112472,0.0018904355
16506,66167,0.0008053404
16507,107685,0.006544561
16508,51406,0.04035335
16509,42728,0.0029933455
16510,61694,0.7478843
16511,72195,0.78131825
16512,33468,0.009486918
16513,87174,0.4888416
16514,37177,0.004346945
16515,24206,0.47754645
16516,67226,0.5628135
16517,44622,0.8057262
16518,15459,0.06771289
16519,10758,0.0018368879
16520,106373,0.0006364041
16521,77613,4.0103485e-05
16522,17970,0.007859644
16523,63359,0.7478843
16524,83104,0.000100119745
16525,84484,0.34392092
16526,107556,0.00069102104
16527,92440,0.37492988
16528,103546,0.032572266
16529,65275,0.012725955
16530,84933,0.52379495
16531,95904,0.0005176831
16532,22461,0.007402212
16533,68094,0.000823848
16534,90651,0.024206866
16535,13849,0.26997432
16536,82139,0.004439827
16537,38926,0.0142150605
16538,108620,0.002788275
16539,13592,0.21139282
16540,31673,0.5628135
16541,100240,0.34392092
16542,56654,0.66443765
16543,86757,0.34392092
16544,92121,0.13447009
16545,108762,0.58307195
16546,12020,0.032572266
16547,82489,0.024206866
16548,25611,0.011234026
16549,79800,0.45888868
16550,105287,0.6022919
16551,44046,0.12078799
16552,51774,0.0018594239
16553,115243,0.0010011981
16554,39270,0.007402212
16555,18354,0.015702382
16556,33566,4.571414e-05
16557,102705,0.590359
16558,105759,0.7378498
16559,33820,0.0078480365
16560,12919,0.007859644
16561,68022,0.0015552664
16562,9881,0.0024427674
16563,29201,0.00032222323
16564,113197,0.75738317
16565,104743,0.32676116
16566,69558,0.2170439
16567,9971,0.0832958
16568,61676,0.38806412
16569,71329,0.40678856
16570,61988,0.13447009
16571,38221,0.20718338
16572,85316,0.01217607
16573,39530,0.59822583
16574,14786,0.34661445
16575,41795,0.8030171
16576,96932,0.34392092
16577,49723,0.5730763
16578,48079,0.8356625
16579,4162,0.36190233
16580,50129,0.025349155
16581,80488,0.018857906
16582,26815,0.013627192
16583,67946,0.012198511
16584,33581,0.0013401277
16585,28704,0.5628135
16586,94684,0.45888868
16587,82900,0.4365949
16588,19923,0.009927506
16589,33203,0.5232106
16590,866,0.0016185166
16591,50531,0.5232106
16592,115557,0.71340895
16593,114604,0.0278131
16594,25993,0.0001745698
16595,36510,0.008915053
16596,80022,0.024206866
16597,7368,0.0008014544
16598,82449,0.012690507
16599,49663,0.49183017
16600,39026,0.009946336
16601,29829,0.004346945
16602,48681,0.2622862
16603,71172,0.7478843
16604,102054,0.4201848
16605,99628,0.00023985008
16606,32250,0.1508694
16607,12987,0.0021810015
16608,84079,0.009946336
16609,48119,0.66811776
16610,58367,0.16114923
16611,91377,0.006758071
16612,7346,0.013822098
16613,52894,0.5232106
16614,90215,0.19521376
16615,37718,0.12078799
16616,69498,0.0029114224
16617,22409,0.004918488
16618,26673,0.0033465438
16619,8373,0.0039436966
16620,34649,8.966395e-05
16621,108664,0.13447009
16622,94700,0.0046671093
16623,22325,0.0038145971
16624,28673,0.00017049846
16625,42791,0.0057945102
16626,46506,0.42581627
16627,114170,0.81378096
16628,53860,0.4201848
16629,83261,0.64412415
16630,63219,0.0017845187
16631,37349,0.029907085
16632,78301,0.37862125
16633,44054,0.007402212
16634,60350,0.42581627
16635,5190,0.0008344364
16636,95056,0.2622862
16637,100440,0.0003788804
16638,32326,0.8763795
16639,34012,0.012632351
16640,50415,0.966413
16641,8936,0.0050332136
16642,73249,0.007797746
16643,68806,0.4201848
16644,57925,0.00019162342
16645,115507,0.58307195
16646,69270,0.002091991
16647,35432,0.40678856
16648,112176,0.08043276
16649,6543,0.045763817
16650,31050,0.004326417
16651,24191,0.6857675
16652,4305,0.019241843
16653,60201,0.0021632058
16654,29084,0.5232106
16655,104535,0.9714329
16656,6383,0.0648613
16657,14448,0.0014725428
16658,71727,0.4888416
16659,16345,0.0057055824
16660,8085,0.004103815
16661,11530,0.0007081321
16662,83785,0.008484104
16663,104562,0.75738317
16664,89301,0.025861528
16665,66229,0.049366985
16666,42064,0.88018847
16667,22755,0.0075326078
16668,87472,0.7478843
16669,8634,0.00020701298
16670,81074,0.13447009
16671,4268,0.0016199597
16672,5116,0.00047748594
16673,88062,0.0044911704
16674,22781,0.0020615396
16675,13718,0.00043865253
16676,53857,0.059933767
16677,104280,0.004083545
16678,76367,0.0030887772
16679,35403,0.59822583
16680,70330,0.41613477
16681,105974,0.009237318
16682,72780,0.7478843
16683,79092,0.03621409
16684,58233,0.033028502
16685,16276,0.5611369
16686,28849,0.59822583
16687,32095,0.027800307
16688,99598,0.024206866
16689,3890,0.14012359
16690,23598,0.5628135
16691,17810,0.000328014
16692,10544,0.0020379645
16693,87566,0.45888868
16694,56464,0.643951
16695,72778,0.03621409
16696,60591,0.61716485
16697,46205,0.0006933797
16698,50900,0.011817629
16699,109385,0.73686934
16700,53272,0.9790203
16701,98128,0.000106841
16702,31344,0.0024343426
16703,38790,0.031164318
16704,73237,0.004346945
16705,68479,0.7976046
16706,52068,0.00015969266
16707,108601,0.6843454
16708,106979,0.0060033025
16709,105925,0.6022919
16710,82561,0.5232106
16711,50206,0.5232106
16712,24467,0.7704209
16713,112542,0.0069380403
16714,22992,0.14675023
16715,31324,0.5232106
16716,95374,8.023408e-05
16717,17179,0.10027761
16718,99941,0.0049849157
16719,73740,0.4201848
16720,65350,0.0029650424
16721,32886,0.6022919
16722,113140,0.0012889392
16723,17776,0.13580467
16724,23510,0.85546416
16725,73097,0.12035916
16726,56402,0.12290087
16727,66478,0.0007746052
16728,18398,0.2622862
16729,99272,0.0069380403
16730,108287,0.21136047
16731,107056,0.009274745
16732,3462,0.00010685658
16733,80016,0.0022208928
16734,55427,0.051179893
16735,9164,0.12053638
16736,99994,0.56749433
16737,14641,0.0013161497
16738,53796,0.011012454
16739,59782,0.00022796135
16740,29357,0.00041253451
16741,66783,0.03621409
16742,59133,0.01408992
16743,113093,0.643951
16744,24061,0.0008344364
16745,59173,0.5346374
16746,39083,0.5026056
16747,69667,0.0057945102
16748,25454,0.7704209
16749,54167,0.12290087
16750,21490,0.0069380403
16751,55176,0.5628135
16752,67501,0.7478843
16753,65498,0.0069380403
16754,2438,0.0056358688
16755,99347,0.53350335
16756,77368,0.40678856
16757,59704,0.2622862
16758,65782,0.0010066493
16759,90693,0.34392092
16760,56465,0.027119404
16761,30734,0.79584295
16762,28410,0.00044761613
16763,93730,0.34392092
16764,50664,0.52379495
16765,860,0.0058679553
16766,35453,0.6323282
16767,34589,0.5730763
16768,101196,0.39221442
16769,101611,0.79734695
16770,75065,0.28686333
16771,98460,0.8819471
16772,6051,0.004103815
16773,88976,0.5628135
16774,59432,0.20503531
16775,100138,0.25429723
16776,10390,0.0062386924
16777,82277,1.3553803e-05
16778,92507,0.0041954773
16779,107811,0.56886965
16780,82491,0.06427912
16781,16002,0.009812791
16782,2946,0.007402212
16783,9322,0.03162177
16784,39693,0.12078799
16785,53573,0.016388483
16786,1481,0.42581627
16787,77129,0.7976046
16788,80702,0.6857675
16789,55007,0.20503531
16790,60426,0.017152961
16791,46400,0.0008344364
16792,54572,0.5232106
16793,60328,0.53350335
16794,53575,0.00050883094
16795,16027,0.0011072916
16796,112201,0.07724256
16797,32213,0.6022919
16798,115600,0.008938783
16799,29561,0.5232106
16800,82079,0.027447354
16801,52203,0.0027929577
16802,21926,0.02084303
16803,7136,0.05336086
16804,107754,0.009188496
16805,36740,0.000913589
16806,40637,0.0018235607
16807,25263,0.3089335
16808,107779,0.006684573
16809,70376,0.34392092
16810,83556,0.024206866
16811,112936,0.5232106
16812,40360,0.12078799
16813,65305,0.0017587844
16814,25026,0.02084303
16815,57098,0.7478843
16816,16737,0.0007746052
16817,92704,0.53350335
16818,41248,0.00030549918
16819,97077,0.98711526
16820,67419,0.0012055706
16821,67369,0.16114923
16822,187,0.0006686931
16823,39659,0.59938043
16824,104077,0.0078094616
16825,41114,0.12078799
16826,112537,0.023620822
16827,17922,0.009927506
16828,72140,0.5232106
16829,77793,0.00046233708
16830,54189,0.3089335
16831,13756,0.04985191
16832,107386,0.75738317
16833,71024,0.00069838745
16834,22889,0.554042
16835,67953,0.0020615396
16836,53792,0.13447009
16837,17607,0.00014754343
16838,62576,8.081352e-05
16839,38450,0.00018556233
16840,104789,0.60899097
16841,47130,0.638665
16842,54402,0.5730763
16843,101367,0.009188496
16844,50820,0.5232106
16845,47899,0.00062017015
16846,18916,0.15320407
16847,51280,0.0018721197
16848,18588,0.0027803471
16849,106764,0.0026013313
16850,30937,0.8055856
16851,106082,0.05907342
16852,54987,0.81378096
16853,103787,0.0011599356
16854,25543,0.5628135
16855,11761,0.32676116
16856,108117,0.00029753605
16857,13226,0.032669682
16858,57991,0.13447009
16859,23871,0.12078799
16860,6973,0.008721277
16861,90164,0.5730763
16862,4405,0.0039436966
16863,21569,0.009927506
16864,84313,0.07818704
16865,17463,0.0078094616
16866,6517,0.0056358688
16867,80507,0.68328345
16868,69179,0.3089335
16869,110286,0.048201922
16870,38272,0.37492988
16871,44896,0.42581627
16872,58310,0.00045172617
16873,14056,0.010628506
16874,28930,0.5232106
16875,18421,0.02345921
16876,37926,0.0008344364
16877,98491,0.0278131
16878,83757,0.007892275
16879,28437,0.00014888163
16880,44981,0.9821453
16881,66446,0.18376456
16882,56937,0.78131825
16883,19880,0.8745886
16884,79823,0.733664
16885,96277,0.78131825
16886,107265,0.19652489
16887,43992,0.024154125
16888,42801,0.97276986
16889,26905,0.0034378408
16890,59239,0.000113797134
16891,3378,0.01599841
16892,33983,0.5232106
16893,28061,0.5232106
16894,85302,0.12290087
16895,26198,0.12290087
16896,22966,0.007859644
16897,12941,0.0278131
16898,13986,0.41613477
16899,67715,0.37963933
16900,109328,0.36316264
16901,103543,0.8242979
16902,61762,0.32597795
16903,27611,0.0063297707
16904,38793,0.0070359865
16905,76072,0.5920002
16906,44781,0.00040642198
16907,10080,0.021937707
16908,8336,0.013822098
16909,100099,0.0007994225
16910,24964,0.68328345
16911,52709,0.13447009
16912,79361,0.13447009
16913,100005,0.2640085
16914,34358,0.0008344364
16915,108749,0.0006312672
16916,57630,0.004377581
16917,46087,0.014983693
16918,34663,0.6323282
16919,94783,0.13447009
16920,47279,0.54713255
16921,99905,0.56749433
16922,47079,0.011897027
16923,18547,0.2622862
16924,85547,0.024206866
16925,18208,0.0024384616
16926,68581,0.30090106
16927,934,0.9654829
16928,108660,0.24450037
16929,59574,0.5232106
16930,61621,0.015939148
16931,72058,0.000499812
16932,33275,0.5232106
16933,747,0.0026070694
16934,114481,0.5232106
16935,37909,0.4888416
16936,103917,0.059144076
16937,93307,0.78131825
16938,31508,0.59822583
16939,90381,0.0001922209
16940,54450,0.5232106
16941,75924,0.7478843
16942,40007,0.7976046
16943,90901,0.0069380403
16944,105256,0.079446584
16945,78160,0.0013250754
16946,41128,0.000913589
16947,804,0.008247896
16948,87768,0.007200466
16949,107074,0.2181275
16950,64467,0.6323282
16951,106400,0.000106841
16952,99945,0.02484052
16953,46529,0.0002890735
16954,14882,0.16181132
16955,14870,0.4985085
16956,8476,0.16939132
16957,89561,0.34392092
16958,107684,0.005330011
16959,77635,0.34392092
16960,57933,0.045635357
16961,15560,0.0037472805
16962,90345,0.63034135
16963,13390,0.009587363
16964,61178,0.00415249
16965,69012,0.0017587844
16966,8771,0.04045357
16967,33134,0.5232106
16968,97520,0.032572266
16969,2937,0.012986855
16970,41394,0.0078094616
16971,44218,0.5232106
16972,68551,0.024206866
16973,35537,0.00028856297
16974,49575,0.0060033025
16975,102980,7.7897246e-05
16976,64694,0.029874334
16977,56884,0.027902244
16978,108555,2.1531447e-05
16979,54688,0.37963933
16980,57730,0.029874334
16981,66888,0.34392092
16982,21753,0.13447009
16983,12064,0.011616147
16984,68313,0.5628135
16985,63083,0.13447009
16986,77324,0.4888416
16987,89807,0.004340315
16988,50458,0.4888416
16989,50780,0.0008344364
16990,96447,0.040636003
16991,6196,0.047942977
16992,100725,0.5075232
16993,11207,0.4568756
16994,22648,0.04985191
16995,42021,0.34661445
16996,196,0.026646854
16997,98231,0.13447009
16998,73340,0.78131825
16999,60978,0.8577139
17000,10461,0.021937707
17001,95822,0.30090106
17002,59051,0.9611567
17003,52935,0.12290087
17004,23933,0.010326164
17005,21509,0.0006276605
17006,42773,0.3089335
17007,6122,0.000618159
17008,68622,0.30090106
17009,109340,0.005532902
17010,63454,0.0026097156
17011,3265,0.766975
17012,12774,0.03664784
17013,113539,0.45888868
17014,110089,5.7417757e-05
17015,30201,0.9654049
17016,32134,0.5232106
17017,36948,0.0070359865
17018,80398,0.21136047
17019,7371,0.028720004
17020,110135,2.284054e-05
17021,33361,0.0001097055
17022,94526,0.0009807405
17023,16379,0.0008344364
17024,71087,0.0060033025
17025,115877,0.01426431
17026,25699,0.19521376
17027,104877,0.32676116
17028,77143,0.12290087
17029,32682,0.4832058
17030,7441,0.0048087235
17031,38207,0.064492136
17032,56166,0.000849399
17033,40406,0.59822583
17034,63732,0.00019480404
17035,71219,0.590359
17036,65629,6.693083e-05
17037,97241,0.13447009
17038,43856,0.0062247603
17039,108954,0.47754645
17040,22730,3.9528666e-05
17041,90767,0.34392092
17042,59584,0.8044119
17043,2115,0.007401518
17044,99757,0.00019751037
17045,68408,0.34392092
17046,33482,0.3089335
17047,52967,0.5730763
17048,15307,0.033714566
17049,30981,0.0018929123
17050,103113,0.7891447
17051,37381,0.0985773
17052,13386,0.011809721
17053,64556,2.2367694e-05
17054,3297,0.8387931
17055,61736,0.7478843
17056,56951,0.12290087
17057,76341,0.020912925
17058,35465,0.00045418862
17059,52619,0.16114923
17060,90218,0.016911069
17061,20086,0.00040936877
17062,100139,0.000106841
17063,46366,0.0026931546
17064,19741,0.0032639306
17065,19079,0.009927506
17066,103064,0.004340315
17067,25006,0.0013662577
17068,83461,0.2170439
17069,41268,0.017041259
17070,35462,0.033028502
17071,64012,0.2622862
17072,12420,0.0017251701
17073,92356,0.19346014
17074,31824,0.008938783
17075,2079,0.008247896
17076,48758,0.98525316
17077,104679,0.0035230636
17078,51740,0.015038574
17079,70762,0.00011981911
17080,18049,0.04985191
17081,15192,0.054573994
17082,115980,0.75738317
17083,47820,0.004346945
17084,30861,0.5232106
17085,34248,0.04628702
17086,31189,0.0013892303
17087,108174,0.37862125
17088,41953,0.80925137
17089,112998,0.009188496
17090,52206,0.5232106
17091,62152,0.011897027
17092,103715,0.75738317
17093,28891,0.006900122
17094,40940,0.3089335
17095,6945,0.0020615396
17096,76547,0.013006808
17097,68393,0.34392092
17098,77927,0.02484052
17099,81819,0.024206866
17100,55261,0.5730763
17101,110048,0.009188496
17102,5112,0.96013254
17103,72289,0.00079126155
17104,88258,0.0010096605
17105,35953,0.44951525
17106,51211,0.0051328107
17107,88541,0.011778448
17108,51142,0.5628135
17109,33043,0.0010066493
17110,99392,0.009038742
17111,23001,0.091866024
17112,65885,0.00030549918
17113,21691,0.06581619
17114,62328,0.12035916
17115,82242,7.5154836e-05
17116,53367,0.5730763
17117,104799,0.73582023
17118,23285,0.4888416
17119,58267,0.024206866
17120,19068,0.0008344364
17121,97447,0.056111116
17122,16099,0.0012128784
17123,101152,0.029874334
17124,111430,8.529061e-05
17125,75303,0.60335207
17126,56741,0.024206866
17127,3563,0.16197588
17128,61308,0.733664
17129,38076,0.0069380403
17130,17761,0.08809885
17131,27091,0.00013889388
17132,35421,0.00053912395
17133,6570,0.0009505217
17134,328,0.008285374
17135,63726,0.47754645
17136,74872,0.029874334
17137,49338,0.0032309515
17138,91446,0.00024616008
17139,72662,0.5026056
17140,84285,0.13447009
17141,15306,0.004326417
17142,40104,0.37492988
17143,42402,0.006900122
17144,69134,0.63657707
17145,80201,0.590359
17146,111873,0.0020425597
17147,10226,0.014515648
17148,42862,0.006427938
17149,70903,0.024206866
17150,71083,0.7478843
17151,84353,0.13447009
17152,70339,0.590359
17153,30880,0.5730763
17154,47739,0.0070359865
17155,85770,0.004568258
17156,103725,0.026462248
17157,7259,0.70994425
17158,75268,0.1508694
17159,73106,0.47754645
17160,13571,0.50877464
17161,87920,0.7478843
17162,24748,0.0008344364
17163,20603,0.0064328555
17164,6149,0.021937707
17165,32834,0.35455248
17166,3049,0.00021046323
17167,99529,0.46006948
17168,83503,0.34392092
17169,32702,0.554042
17170,36751,0.0016704242
17171,49966,0.012632351
17172,9370,0.0050332136
17173,95849,4.331495e-05
17174,7817,0.7841161
17175,61857,0.0049902825
17176,34987,0.5232106
17177,27738,0.47754645
17178,65652,0.012725955
17179,10363,0.44851086
17180,87173,0.16114923
17181,87638,0.34392092
17182,39518,0.0208884
17183,8141,0.0015724069
17184,16155,0.0014080327
17185,53467,0.0018594239
17186,64606,0.12035916
17187,71986,0.027320107
17188,61618,0.011897027
17189,91290,0.34392092
17190,64521,0.0060033025
17191,59825,0.0007423065
17192,61442,0.0020466608
17193,81093,0.010137472
17194,94371,0.5232106
17195,75338,0.0001230124
17196,75084,0.0022005832
17197,71604,0.007859644
17198,48634,0.00021706124
17199,26002,0.36867666
17200,54880,0.7976046
17201,77393,9.8478435e-05
17202,21950,0.31145355
17203,50184,0.5026056
17204,61380,0.5628135
17205,10995,0.000643222
17206,57661,0.5232106
17207,41366,0.012381633
17208,25426,0.0024044046
17209,112666,0.00021589237
17210,106174,0.0008154538
17211,6853,0.0009569209
17212,47293,0.12078799
17213,43858,0.12035916
17214,12379,0.4985085
17215,91047,0.45888868
17216,54476,0.5232106
17217,114701,0.0018527163
17218,75319,0.010210467
17219,62175,0.4888416
17220,78755,0.5232106
17221,20152,0.00252383
17222,68494,0.34392092
17223,8049,0.0004653663
17224,32212,0.1508694
17225,69265,0.0029114224
17226,86373,0.65394056
17227,72039,0.8044119
17228,45365,0.0047478396
17229,40685,0.0068548415
17230,24845,0.0041407975
17231,51552,0.0007734668
17232,101464,0.024206866
17233,63036,0.011897027
17234,59726,0.590359
17235,89513,0.7478843
17236,22285,0.0008344364
17237,12210,0.011161709
17238,16128,0.002861606
17239,31825,0.59822583
17240,106340,0.58307195
17241,40027,0.554042
17242,96696,0.34392092
17243,58737,0.000106841
17244,58004,0.5346374
17245,40596,0.021063577
17246,42611,0.0018594239
17247,100726,0.024206866
17248,97745,0.77433646
17249,30288,0.0023733126
17250,63741,0.0017587844
17251,53791,0.024206866
17252,73211,0.30090106
17253,19189,0.00028159664
17254,1560,0.045763817
17255,29036,0.004346945
17256,44216,0.5232106
17257,70167,0.0049902825
17258,80926,0.0120466435
17259,23079,0.21136047
17260,82364,0.009039511
17261,50939,0.12290087
17262,26738,0.009339027
17263,53152,0.0060033025
17264,31877,0.0010991456
17265,106522,0.02625721
17266,108053,0.0002687292
17267,19425,0.0012376392
17268,49475,0.00481278
17269,4347,0.019241843
17270,78771,0.00015711458
17271,64030,0.07021838
17272,13410,0.00030815
17273,38918,0.02084303
17274,25344,0.34661445
17275,52928,0.024206866
17276,53323,0.34661445
17277,103195,5.6051125e-05
17278,111340,0.46006948
17279,93858,4.0460043e-05
17280,95643,0.0049902825
17281,30715,0.00097347057
17282,30651,0.5232106
17283,100952,9.907088e-05
17284,23858,0.12078799
17285,66657,0.00022796135
17286,62560,0.009927506
17287,88438,0.024186034
17288,96556,0.0005541349
17289,23316,0.25912815
17290,32582,0.6022919
17291,108914,0.0069380403
17292,111209,0.048201922
17293,9006,0.031465236
17294,4738,0.021937707
17295,115919,0.65394056
17296,30322,0.00054785673
17297,89741,0.7478843
17298,13487,0.03664784
17299,45210,0.0041483743
17300,98098,0.34392092
17301,57771,0.4888416
17302,43908,0.0070359865
17303,28018,0.003116589
17304,46784,0.02084303
17305,5717,0.015601124
17306,86355,0.4888416
17307,65499,0.12290087
17308,87848,0.006758071
17309,72021,0.0060033025
17310,38810,0.80643
17311,12436,0.6857675
17312,86041,0.78131825
17313,33602,0.12290087
17314,97709,0.010382228
17315,19154,0.81378096
17316,51680,0.029618468
17317,33243,0.15288648
17318,107301,0.018743023
17319,94458,0.5232106
17320,18733,0.00024689274
17321,83859,0.0068769027
17322,51396,0.006418149
17323,113503,0.37492988
17324,25599,0.0011072916
17325,106934,0.008862073
17326,43156,0.1508694
17327,54458,0.00014807787
17328,32067,0.5232106
17329,64601,0.0053734146
17330,78810,0.5232106
17331,26172,0.82937336
17332,101947,0.00035846687
17333,21766,0.12078799
17334,74288,0.015533815
17335,114143,0.024206866
17336,99406,0.58307195
17337,33963,0.004346945
17338,96868,0.032572266
17339,31756,0.011897027
17340,5611,0.008018386
17341,63341,0.009927506
17342,102502,0.0028252755
17343,94264,0.009867926
17344,5398,9.2329785e-05
17345,63521,0.00037588034
17346,20297,0.2170439
17347,66066,0.016911069
17348,26569,0.0061633433
17349,15446,0.00011439586
17350,78455,0.027119404
17351,100175,0.004627695
17352,80546,0.00045230615
17353,18725,0.0008344364
17354,105885,0.21136047
17355,48224,0.4888416
17356,6143,0.0011354684
17357,49291,0.05599028
17358,41303,3.355069e-05
17359,113251,0.001749029
17360,64216,0.34661445
17361,62218,0.37492988
17362,58411,0.7976046
17363,52791,0.027982187
17364,14143,0.020963194
17365,49122,0.04175559
17366,100441,0.2622862
17367,10606,0.26997432
17368,91694,0.7478843
17369,78769,0.00069838745
17370,16286,0.80925137
17371,98285,0.04834172
17372,87297,0.024206866
17373,5908,0.003004343
17374,4334,0.008247896
17375,106014,0.21136047
17376,24450,0.088222064
17377,47073,0.033338454
17378,77155,0.00071994896
17379,91854,0.34392092
17380,113146,0.5730763
17381,89217,0.7478843
17382,47184,0.02084303
17383,43261,0.00028941353
17384,48432,0.30090106
17385,73573,0.00158451
17386,47662,0.0006272096
17387,3593,0.06859021
17388,66663,0.12035916
17389,25080,0.0031002732
17390,96315,0.011161709
17391,104812,0.05335345
17392,81870,0.01962534
17393,6835,0.014556297
17394,18073,0.4985085
17395,19658,0.011809721
17396,62164,0.024206866
17397,4127,0.008247896
17398,85663,0.051179893
17399,37666,0.00782415
17400,57743,0.05964113
17401,64236,0.6323282
17402,50386,0.0042010187
17403,81321,0.0120466435
17404,18440,0.15288648
17405,90007,0.00944193
17406,54158,0.024689076
17407,23817,0.0033811661
17408,9675,0.0039436966
17409,21156,0.23309723
17410,61866,0.0018594239
17411,46984,0.3089335
17412,39439,0.12078799
17413,97361,0.59788144
17414,11743,0.66882885
17415,103174,0.0039191213
17416,98190,0.07724256
17417,26998,0.02279648
17418,90579,0.56749433
17419,91827,0.012000412
17420,81695,0.13447009
17421,2867,0.06859021
17422,35250,0.5232106
17423,11547,0.023081677
17424,33390,0.000566792
17425,68583,0.7478843
17426,48488,0.004340315
17427,93040,0.024206866
17428,35020,0.4888416
17429,68184,0.0012984526
17430,16004,0.015142322
17431,99571,7.545616e-05
17432,46273,0.0070359865
17433,3116,0.59703815
17434,20224,0.006994658
17435,38440,2.4903693e-05
17436,28449,0.5232106
17437,101292,0.0021221885
17438,6680,0.0034652818
17439,54443,0.13447009
17440,18168,0.0014716063
17441,38004,0.0049499557
17442,80660,0.024206866
17443,7303,0.07200105
17444,19932,0.011243304
17445,4279,0.047942977
17446,109917,0.0016354222
17447,28225,0.00035006079
17448,11046,0.0069150445
17449,108454,0.46006948
17450,96641,0.34392092
17451,21076,0.66882885
17452,14020,0.4985085
17453,72747,0.009462972
17454,84393,0.5232106
17455,114383,0.6022919
17456,109808,0.63034135
17457,106294,0.0060033025
17458,51964,0.015703628
17459,95551,0.007095827
17460,36653,0.19652489
17461,73723,0.077305205
17462,102783,0.733664
17463,104856,0.00069102104
17464,81204,0.02484052
17465,111061,0.026038714
17466,99125,0.58307195
17467,63429,0.03945983
17468,2686,0.25090244
17469,91566,0.07818704
17470,11009,0.031465236
17471,90293,0.78131825
17472,86070,0.14437383
17473,59517,0.12035916
17474,9391,0.021937707
17475,49564,0.5232106
17476,74489,0.7976046
17477,70361,1.304024e-05
17478,96707,0.024206866
17479,82983,0.49183017
17480,60929,0.5730763
17481,18866,0.005712436
17482,15130,0.016388483
17483,28477,0.68328345
17484,104965,0.00013879327
17485,73653,0.37862125
17486,5336,0.006241183
17487,85401,0.0025477877
17488,100468,0.00045554276
17489,46440,0.0008344364
17490,103114,5.193339e-05
17491,92961,0.07818704
17492,63486,0.003571135
17493,102699,0.032572266
17494,84260,0.7478843
17495,30611,0.032474678
17496,33337,0.016388483
17497,17584,0.87683624
17498,73101,0.82937336
17499,67256,0.2268442
17500,97777,0.3788766
17501,67188,0.34392092
17502,38476,0.052222855
17503,90470,0.27559015
17504,103857,0.75738317
17505,106471,0.32676116
17506,6103,0.017065862
17507,56553,0.15288648
17508,40795,8.9449844e-05
17509,97673,0.024206866
17510,56346,0.78131825
17511,33220,0.5730763
17512,64958,0.029907085
17513,271,0.6569232
17514,43175,0.00070814055
17515,17828,0.0006882892
17516,5807,0.4568756
17517,76239,0.4888416
17518,84728,0.024206866
17519,75700,0.78131825
17520,59581,0.42581627
17521,28982,0.5628135
17522,50541,0.057106867
17523,59322,0.0011791454
17524,88672,0.007613828
17525,91906,0.13447009
17526,99074,0.24450037
17527,99427,0.79734695
17528,9407,0.024943959
17529,58681,0.00015711458
17530,14689,0.006900282
17531,38854,0.0011072916
17532,20658,0.66882885
17533,109665,0.79734695
17534,54154,0.36316264
17535,55792,0.15288648
17536,113908,0.0053618946
17537,67538,0.018676624
17538,1307,0.008247896
17539,102456,0.30090106
17540,68815,0.6857675
17541,62526,0.011897027
17542,79157,0.024206866
17543,46828,0.007402212
17544,27490,0.0278131
17545,63892,0.6323282
17546,36204,0.004019121
17547,78113,2.8586557e-05
17548,13372,0.972389
17549,19153,0.018676624
17550,20777,4.9873088e-05
17551,13474,0.66882885
17552,96596,0.8636776
17553,77531,0.0072625442
17554,16221,0.44748464
17555,90488,0.30090106
17556,86391,0.027119404
17557,13549,0.35388336
17558,39627,0.6139433
17559,3427,0.0057382775
17560,3591,0.7307767
17561,80274,0.4888416
17562,35548,0.0031340537
17563,49504,0.017049696
17564,22910,0.009628499
17565,113886,1.1962758e-05
17566,27878,0.12290087
17567,113363,0.7791045
17568,61239,0.4888416
17569,62923,0.7478843
17570,113315,0.009188496
17571,19227,0.049546365
17572,105821,0.60899097
17573,64867,0.00017472832
17574,61790,0.0007994225
17575,81745,0.014314387
17576,64161,0.00030549918
17577,65121,0.6795658
17578,70404,0.34392092
17579,91311,0.04054585
17580,40737,0.0008344364
17581,33165,0.0006743435
17582,65501,0.20503531
17583,67273,0.34392092
17584,24221,0.0008565802
17585,34066,0.009178802
17586,18907,0.04985191
17587,69492,0.2170439
17588,59030,0.005614214
17589,28926,0.0011227193
17590,111049,0.097182274
17591,20629,0.00025490313
17592,69920,0.35455248
17593,62050,0.4888416
17594,100571,0.9603612
17595,583,0.0050332136
17596,4276,0.02924629
17597,31876,0.71340895
17598,64331,0.029874334
17599,73163,0.0075111715
17600,26730,0.011897027
17601,43512,0.010198945
17602,110177,0.0038723014
17603,7851,0.059985757
17604,23355,0.554042
17605,63749,0.00056442263
17606,98433,0.19346014
17607,56782,0.02224569
17608,86915,0.00030549918
17609,105185,0.023050549
17610,33933,0.77334636
17611,56333,0.40678856
17612,3070,0.013822098
17613,27228,0.062888466
17614,60483,0.7478843
17615,96320,0.73020315
17616,57749,0.00038815397
17617,101056,0.4201848
17618,10625,0.0077516995
17619,72111,0.13447009
17620,107144,0.55279315
17621,37862,0.0002961002
17622,1231,0.0018368879
17623,8154,0.008285374
17624,13049,0.31145355
17625,49904,0.0036476573
17626,28211,0.56782615
17627,53092,0.0062247603
17628,102694,0.0011115712
17629,107763,0.024206866
17630,82152,0.002253339
17631,113754,0.00086536893
17632,66993,0.733664
17633,13615,0.6857675
17634,24267,0.3089335
17635,69148,0.0004705332
17636,73510,0.0011989613
17637,32374,0.055429235
17638,90936,0.93486136
17639,86852,0.0029114224
17640,89249,0.011778448
17641,93828,0.7341537
17642,87723,0.0013079783
17643,102287,0.59938043
17644,98430,0.58307195
17645,112030,0.71801543
17646,51575,0.96913415
17647,89406,0.00014502366
17648,88666,0.0004652698
17649,72053,0.0069380403
17650,112808,0.009085775
17651,106930,0.46006948
17652,67104,0.00029026542
17653,93711,0.56749433
17654,38845,0.029874334
17655,97821,2.4122317e-05
17656,15537,0.18376456
17657,8224,0.021937707
17658,98454,0.58307195
17659,15071,0.4888416
17660,36802,0.007402212
17661,49584,0.47754645
17662,105100,0.24450037
17663,102506,0.00074352534
17664,40170,0.7976046
17665,59249,0.2622862
17666,99409,0.5918634
17667,76001,0.71321934
17668,71317,0.7478843
17669,42944,0.00035288342
17670,29677,0.5232106
17671,73901,0.59938043
17672,7402,0.00050468504
17673,83693,0.010137472
17674,11623,0.008285374
17675,72450,0.4888416
17676,56758,0.45888868
17677,30327,0.00022085954
17678,53097,0.387418
17679,15291,0.0008344364
17680,93402,0.30090106
17681,58620,0.013659366
17682,69902,0.13447009
17683,74549,0.0072625442
17684,22277,0.00096970994
17685,77229,0.13447009
17686,71967,0.004340315
17687,43228,0.19521376
17688,14999,0.007402212
17689,36712,0.0023717778
17690,107216,0.009188496
17691,5685,0.7841161
17692,95196,0.13447009
17693,27496,0.000737098
17694,98123,0.25912815
17695,58898,0.7478843
17696,75127,0.12035916
17697,16911,0.00094730896
17698,98028,0.00016101831
17699,76164,0.71321934
17700,33377,0.45888868
17701,114527,0.00014600465
17702,34462,0.0050226534
17703,76717,0.34392092
17704,86950,0.13447009
17705,86910,0.34392092
17706,112549,0.75738317
17707,64809,0.0040253885
17708,45772,0.0034379307
17709,108996,0.0006218991
17710,56169,0.0018904355
17711,76041,0.0120466435
17712,62861,0.0072625442
17713,12265,0.009462972
17714,65029,0.00037149663
17715,69409,0.7478843
17716,106806,0.5918634
17717,75197,0.0042932522
17718,17220,0.26997432
17719,28686,0.006544561
17720,89205,7.824492e-05
17721,70805,0.7478843
17722,73990,0.7976046
17723,92931,0.12290087
17724,115858,0.87372524
17725,23301,0.0058522876
17726,32991,0.04945419
17727,5389,0.8770808
17728,55807,0.04344542
17729,47562,0.4888416
17730,102731,0.12290087
17731,95694,0.014490051
17732,21853,0.6795658
17733,54243,0.85546416
17734,113803,0.018743023
17735,42666,0.12290087
17736,60887,0.40678856
17737,52578,0.13447009
17738,36250,0.00028856297
17739,33087,0.0028367876
17740,97368,0.15288648
17741,17931,0.02203267
17742,88072,0.27559015
17743,41325,0.7976046
17744,45620,0.6857675
17745,15159,0.87683624
17746,679,0.004773652
17747,42609,0.057463832
17748,103374,0.4201848
17749,70068,0.78131825
17750,56507,0.27559015
17751,74888,0.4888416
17752,766,0.44521296
17753,30748,0.108973674
17754,100613,0.6843454
17755,77945,2.1195941e-05
17756,31522,0.554042
17757,72906,0.30090106
17758,28089,0.010137472
17759,57282,0.061195053
17760,95864,0.0049849157
17761,19638,0.81876487
17762,2442,0.034346074
17763,34684,0.0007774468
17764,75481,0.020912925
17765,46739,0.027409334
17766,98794,0.9710018
17767,62414,0.009927506
17768,33975,0.5232106
17769,54485,0.0022649611
17770,88678,0.88841623
17771,70784,0.34392092
17772,63104,0.045637816
17773,77301,0.00012795303
17774,113914,0.6765193
17775,62093,0.13447009
17776,97715,0.57440144
17777,84872,0.024206866
17778,106080,0.20503531
17779,23689,0.0021440622
17780,60878,0.2622862
17781,74712,0.1890358
17782,91016,0.34392092
17783,57567,0.0018547262
17784,11115,0.0039436966
17785,54270,0.0041753147
17786,98269,0.007817483
17787,89523,0.78131825
17788,99459,0.0005176831
17789,112602,3.743838e-05
17790,90885,0.000913589
17791,37299,0.5730763
17792,86930,0.13447009
17793,62000,0.7478843
17794,107843,0.048201922
17795,110823,0.58307195
17796,25821,0.040918738
17797,34184,0.00025744713
17798,63802,0.00026073176
17799,82967,0.7478843
17800,3247,0.60126334
17801,107869,0.024206866
17802,44482,0.00013998577
17803,49819,0.0008344364
17804,25043,0.0002540561
17805,99798,0.0041651386
17806,40305,0.0070359865
17807,2883,0.014978178
17808,85764,0.026691185
17809,96270,0.024206866
17810,24971,0.12078799
17811,67243,0.0010635407
17812,93646,0.01711891
17813,102062,0.004346945
17814,101156,0.00011728616
17815,67861,0.5628135
17816,51471,0.59938043
17817,9096,0.008247896
17818,55028,0.5232106
17819,70094,0.0010241107
17820,30098,0.044031825
17821,73368,0.0007298079
17822,35155,0.007401518
17823,99591,0.0001893632
17824,35027,0.0069380403
17825,8461,0.016487634
17826,65164,0.00036895013
17827,27876,0.011897027
17828,9981,0.7841161
17829,6682,0.0039436966
17830,111000,0.17333865
17831,73817,0.4888416
17832,109815,0.00010152678
17833,11055,0.004898149
17834,46695,0.0020718006
17835,75746,0.4888416
17836,18813,0.00015091742
17837,55616,0.011897027
17838,19700,0.04985191
17839,20930,0.009927506
17840,55404,0.0060033025
17841,70355,0.78131825
17842,51822,0.004346945
17843,58947,0.5628135
17844,45671,0.011897027
17845,15676,0.05907342
17846,28203,0.0008089091
17847,31617,0.0025294565
17848,59753,0.12035916
17849,28608,0.0053323167
17850,93936,0.019679453
17851,101224,0.029874334
17852,35657,0.031164318
17853,77998,0.5628135
17854,88635,0.86248016
17855,45401,0.039509878
17856,43050,0.49183017
17857,39065,0.027119404
17858,12056,0.69796836
17859,41771,0.0013284114
17860,12,0.0011072916
17861,27815,0.4888416
17862,64457,0.00010104646
17863,16115,0.0011072916
17864,87425,0.024206866
17865,81286,0.13447009
17866,8697,0.00035502666
17867,83871,0.0010569546
17868,70274,0.4888416
17869,56445,0.033028502
17870,109057,0.00856122
17871,61683,0.024206866
17872,18893,0.009812791
17873,68842,0.34392092
17874,8834,0.4835136
17875,19152,0.00014694098
17876,91302,0.71801543
17877,77569,0.0034644553
17878,85705,0.000106841
17879,99420,0.71801543
17880,102684,0.59938043
17881,90391,0.34392092
17882,71781,0.7478843
17883,43281,0.003116589
17884,24711,0.36316264
17885,75180,0.029874334
17886,11196,0.0011055329
17887,99047,0.16114923
17888,83571,0.0059880847
17889,70091,0.41613477
17890,95208,0.001163373
17891,50806,0.32597795
17892,35078,0.5730763
17893,56028,0.5232106
17894,105108,0.029618468
17895,5379,0.010516585
17896,83023,0.34392092
17897,97995,0.07466534
17898,99497,0.07818704
17899,108733,0.47754645
17900,51907,0.006758071
17901,5930,0.0034652818
17902,6832,0.00125694
17903,58409,0.59822583
17904,6434,0.07615443
17905,34562,0.0041407975
17906,110278,0.34392092
17907,11003,0.0077516995
17908,1735,0.004450498
17909,58116,0.0003800104
17910,30995,0.00481278
17911,19095,0.009927506
17912,37887,0.009996256
17913,12650,0.011809721
17914,63020,0.12290087
17915,26278,0.12078799
17916,107286,0.79584295
17917,60600,0.00015711458
17918,36205,0.062888466
17919,48009,0.35455248
17920,105601,0.58307195
17921,60896,0.027982187
17922,24353,0.027409334
17923,33878,0.1508694
17924,12708,0.010516585
17925,20057,0.4985085
17926,38467,0.0008344364
17927,8534,0.4835136
17928,77548,0.0004705332
17929,73570,0.03621409
17930,19362,0.0012271391
17931,49551,0.4888416
17932,53948,0.0011115712
17933,56978,0.0008344364
17934,47057,0.011897027
17935,47974,0.00081032445
17936,9301,0.020819912
17937,100045,0.04017276
17938,16982,0.85546416
17939,36037,0.2622862
17940,17809,0.0016226548
17941,27005,0.5232106
17942,111687,0.58307195
17943,49776,0.027409334
17944,15801,0.011809721
17945,77045,0.058978513
17946,11752,0.66882885
17947,3743,0.034346074
17948,58468,0.01658721
17949,50967,0.0018594239
17950,15300,0.5611369
17951,14000,0.36316264
17952,83498,0.004340315
17953,115155,0.4123848
17954,99981,0.32676116
17955,5616,0.0832958
17956,14756,0.000108046566
17957,37680,0.7757448
17958,19268,0.8577139
17959,26384,0.078555875
17960,93076,0.46006948
17961,79967,0.13447009
17962,90211,0.56749433
17963,91642,0.16114923
17964,103287,0.0002141665
17965,34439,0.0006106808
17966,110375,0.0067045935
17967,106033,0.13447009
17968,100790,0.7349488
17969,113997,0.0041872454
17970,39752,0.011897027
17971,39720,0.011897027
17972,214,0.010449789
17973,55373,0.07818704
17974,100524,0.56749433
17975,8337,0.0018368879
17976,40529,0.37963933
17977,43431,0.010198945
17978,96663,0.27559015
17979,24591,0.0005191841
17980,11941,0.37963933
17981,57887,0.3089335
17982,44679,0.005738544
17983,10778,0.0018368879
17984,77370,0.02425721
17985,36145,0.4888416
17986,47046,0.0008344364
17987,91995,0.00215505
17988,12792,0.008488425
17989,3046,0.84811413
17990,47926,0.56782615
17991,55259,0.5628135
17992,11226,0.008247896
17993,41596,0.0076375785
17994,12166,0.37963933
17995,64788,0.015142322
17996,83060,0.0080304
17997,59284,0.0009557569
17998,7289,0.0011704214
17999,49611,0.6857675
18000,20566,0.8044119
18001,57049,0.5232106
18002,81217,7.232686e-05
18003,33504,0.6022919
18004,20616,0.5611369
18005,76057,0.45253184
18006,62122,0.7433707
18007,54190,0.0016576105
18008,46331,0.0046586376
18009,81717,0.5730763
18010,8844,0.0039436966
18011,92847,0.16604838
18012,85801,0.30090106
18013,21416,0.12290087
18014,26040,0.0027327714
18015,92530,0.4832058
18016,57938,0.8044119
18017,99298,0.0039191213
18018,65488,0.000448722
18019,93360,0.78131825
18020,43100,0.000105782325
18021,47067,0.011542368
18022,1003,0.002272415
18023,32623,0.0004759684
18024,29789,0.19652489
18025,111645,0.78131825
18026,34044,0.9852211
18027,89630,0.7478843
18028,99019,0.009065522
18029,19799,9.818841e-05
18030,101605,0.8819471
18031,105053,7.6466495e-05
18032,65247,0.02179813
18033,78010,0.015142322
18034,52336,0.0003260063
18035,46090,0.12078799
18036,19530,0.00016104596
18037,60319,0.5730763
18038,25951,0.12078799
18039,81742,0.4201848
18040,67095,0.16114923
18041,105569,0.9714329
18042,48593,0.97275066
18043,57797,0.4888416
18044,94448,0.78131825
18045,40179,0.02084303
18046,46351,0.12078799
18047,31573,0.0008344364
18048,5578,0.004103815
18049,86462,0.0015201581
18050,82880,0.014490051
18051,63503,0.07818704
18052,6204,0.021062098
18053,30502,0.0007518998
18054,34873,0.014572694
18055,24878,0.011897027
18056,91959,0.0069380403
18057,96843,0.37862125
18058,54312,0.0060033025
18059,55512,1.5959753e-05
18060,30086,0.5232106
18061,101009,0.7678493
18062,44508,0.3089335
18063,106518,0.030678857
18064,19509,0.0008344364
18065,91676,0.005014898
18066,97713,3.1765634e-05
18067,88042,0.011778448
18068,105360,0.046210025
18069,75522,0.1508694
18070,47741,0.56782615
18071,114474,0.006758071
18072,1466,0.0008344364
18073,78299,0.78131825
18074,58532,0.0068548415
18075,6503,0.00017053894
18076,43502,0.36316264
18077,44340,0.68328345
18078,114125,0.00062128296
18079,4727,0.07934818
18080,17530,0.00048066847
18081,57465,0.0069380403
18082,27169,0.008285374
18083,23327,0.0034382066
18084,86861,0.014490051
18085,48034,0.5232106
18086,1530,6.92847e-05
18087,99301,0.0069380403
18088,84799,0.30090106
18089,108282,0.13447009
18090,105460,0.009188496
18091,39580,0.2622862
18092,21806,0.0024372358
18093,52039,0.027409334
18094,59942,0.16114923
18095,14850,0.0016609494
18096,66078,0.0001206929
18097,48654,0.007798403
18098,12955,0.04985191
18099,13407,0.00082647806
18100,114375,0.24450037
18101,55899,0.78131825
18102,42599,0.0026453466
18103,13138,0.07722487
18104,73932,0.13447009
18105,60892,0.7478843
18106,42950,0.19521376
18107,59229,0.643951
18108,101260,0.0022208928
18109,54331,0.00481278
18110,43460,0.011897027
18111,85122,0.643951
18112,64883,0.00053472037
18113,78564,0.00782415
18114,62889,0.00045418862
18115,112630,0.008862073
18116,79974,0.011102332
18117,6232,0.046252795
18118,103380,0.80453414
18119,97206,0.13447009
18120,40554,0.12035916
18121,67711,0.8044119
18122,102360,0.024206866
18123,16432,0.015145009
18124,78686,0.5232106
18125,84328,0.36316264
18126,34399,0.0015905353
18127,79561,0.024206866
18128,29995,0.033028502
18129,78870,0.18376456
18130,41069,0.51769406
18131,23454,0.0008344364
18132,57761,0.0023519807
18133,96718,0.4201848
18134,28314,0.19521376
18135,61253,0.733664
18136,11627,0.0076820403
18137,76083,0.45253184
18138,56328,0.0004745771
18139,91647,0.30090106
18140,7740,0.00953833
18141,81088,0.010210467
18142,99982,0.00026893246
18143,66814,0.008285374
18144,41328,0.033028502
18145,78819,0.88018847
18146,67441,0.0012105147
18147,94978,0.79734695
18148,71702,0.1026934
18149,68363,0.0033649441
18150,107767,0.024206866
18151,74821,0.07818704
18152,55472,0.42581627
18153,67561,0.018387165
18154,18219,0.001284458
18155,87251,0.34392092
18156,15889,7.066979e-05
18157,108209,0.75738317
18158,3432,0.44851086
18159,48455,0.23194186
18160,30492,0.6022919
18161,54521,0.6569232
18162,46890,0.011897027
18163,32389,0.5232106
18164,114787,0.0064768908
18165,83067,0.34392092
18166,82378,0.4888416
18167,107507,0.5350702
18168,97264,0.8819471
18169,33526,0.0002883875
18170,41392,0.016388483
18171,44318,0.0049902825
18172,48522,0.2181275
18173,20169,0.030555012
18174,80401,0.34392092
18175,86718,0.82937336
18176,33981,0.3089335
18177,52189,0.031164318
18178,9876,0.002267415
18179,8308,0.00013525948
18180,53398,0.004976857
18181,15813,0.0001433733
18182,24617,0.81378096
18183,101782,0.0069380403
18184,33207,0.0068548415
18185,102489,0.4201848
18186,60599,0.9710018
18187,43287,0.0003836528
18188,82584,0.0015552664
18189,91752,0.2170439
18190,69660,0.006557449
18191,36127,0.03645085
18192,38268,0.007402212
18193,37405,0.029874334
18194,71121,0.4413185
18195,93246,0.00071508926
18196,16051,0.0011072916
18197,25693,0.00082101923
18198,97877,0.029874334
18199,73677,0.03621409
18200,14664,0.00898717
18201,102758,0.25912815
18202,22840,0.024399845
18203,109898,0.0075086835
18204,55029,0.20503531
18205,115839,0.00028856297
18206,106703,0.0018574382
18207,84170,0.024206866
18208,93487,0.9859816
18209,75459,0.024206866
18210,81534,0.7976046
18211,75592,0.000273213
18212,4156,0.015601124
18213,72834,0.13447009
18214,66773,0.45888868
18215,67046,0.70778805
18216,68550,0.0018973589
18217,27373,0.011897027
18218,1412,0.36190233
18219,30753,0.007402212
18220,84323,0.12035916
18221,69241,0.00028524938
18222,100489,0.16114923
18223,6848,0.750656
18224,99854,0.34392092
18225,66398,0.012725955
18226,27603,0.78131825
18227,48614,0.5628135
18228,46097,0.00021411075
18229,44656,0.80727136
18230,99117,0.24450037
18231,99521,0.079446584
18232,23420,0.31145355
18233,14932,0.0008344364
18234,44443,0.001022962
18235,78892,0.004340315
18236,80382,0.0027332613
18237,54600,0.6857675
18238,27776,0.051062968
18239,88644,0.12035916
18240,112599,0.007613828
18241,87841,0.78131825
18242,50747,0.0017198559
18243,67527,0.00030549918
18244,33904,0.5232106
18245,44690,0.019543922
18246,66765,0.018387165
18247,40206,0.00082491036
18248,22350,0.00011919588
18249,76258,0.00014447034
18250,36442,0.0008344364
18251,6063,0.007884927
18252,107053,0.58307195
18253,29636,0.029874334
18254,30789,0.12396051
18255,101755,0.0069380403
18256,764,0.18376456
18257,17488,0.00035794202
18258,51549,0.00073287444
18259,3870,0.84811413
18260,68205,0.20503531
18261,4200,0.024368994
18262,61387,0.59822583
18263,7006,0.060957044
18264,27388,0.8057262
18265,44636,0.009364481
18266,68860,0.0011649905
18267,54068,0.13447009
18268,12758,0.0114153195
18269,33159,0.82937336
18270,16847,0.0628029
18271,3343,0.7841161
18272,37077,0.016867047
18273,841,0.011372094
18274,89092,0.006268183
18275,100781,0.6843454
18276,95778,0.13447009
18277,87261,0.14437383
18278,52653,0.006782787
18279,103780,0.008899339
18280,13119,0.0003637024
18281,83475,0.34392092
18282,55456,0.2181275
18283,36002,0.5628135
18284,60315,0.733664
18285,10692,0.0039436966
18286,79564,0.13447009
18287,46720,0.058751382
18288,45024,0.016867047
18289,35094,0.5232106
18290,33382,0.023663448
18291,29210,0.5232106
18292,43977,0.021325976
18293,71383,0.34392092
18294,102101,0.004340315
18295,38415,0.5026056
18296,37712,0.5232106
18297,98745,0.10409736
18298,20400,0.766975
18299,4188,7.735761e-05
18300,80357,0.71801543
18301,104345,0.013107743
18302,5737,0.001985148
18303,110616,0.073696695
18304,54475,0.19226298
18305,17874,0.0628029
18306,104128,0.6843454
18307,22401,0.00015619103
18308,74983,0.34054893
18309,47032,0.0060033025
18310,28549,0.5628135
18311,21547,0.0008344364
18312,43435,0.69238746
18313,57881,0.0057589714
18314,7473,0.0584787
18315,80219,0.003647808
18316,72324,0.049901057
18317,94261,0.00036932
18318,84857,0.019679453
18319,16685,0.033028502
18320,16814,0.26997432
18321,35597,0.006758071
18322,5757,0.010516585
18323,63181,0.00024058209
18324,74396,0.13447009
18325,49456,0.04117598
18326,57822,0.6857675
18327,35846,0.5730763
18328,90899,0.0027172007
18329,71223,0.34392092
18330,102559,0.78131825
18331,34635,0.4888416
18332,69448,0.029874334
18333,13892,0.003932758
18334,23520,3.305415e-05
18335,84098,0.36316264
18336,84534,0.0052161356
18337,78414,0.00019863748
18338,104344,0.7478843
18339,71157,0.13447009
18340,104610,0.6843454
18341,2276,0.034346074
18342,62075,0.590359
18343,112353,0.24450037
18344,74876,0.015142322
18345,64576,0.20503531
18346,108744,0.024206866
18347,99045,0.0011115712
18348,58543,0.5232106
18349,69004,0.82937336
18350,9920,0.00052048056
18351,52047,0.0026226393
18352,96519,0.2622862
18353,97184,0.8819471
18354,12790,0.0006965725
18355,79643,0.16982783
18356,103610,0.020733895
18357,40397,0.47754645
18358,4394,0.0020192235
18359,794,0.015702382
18360,4140,0.00013979129
18361,24653,0.12078799
18362,76426,2.6966265e-05
18363,6069,0.00054435025
18364,83615,0.00045330214
18365,39188,0.60335207
18366,24303,0.019721959
18367,17052,0.97022265
18368,89926,0.00048425974
18369,44569,0.31145355
18370,89110,0.0029114224
18371,48595,0.81378096
18372,87180,0.34661445
18373,56389,0.00031932443
18374,37640,0.4413185
18375,12968,0.42581627
18376,98879,0.006758071
18377,10594,0.02924629
18378,4472,0.02092021
18379,106216,0.5918634
18380,87959,0.73686934
18381,16435,0.18376456
18382,89308,0.007797746
18383,28767,0.0065295263
18384,26765,0.03664784
18385,79482,0.71321934
18386,24846,0.00096970994
18387,105255,0.59938043
18388,70085,0.96913415
18389,106888,0.81378096
18390,81827,0.30090106
18391,59834,0.42581627
18392,60634,0.5232106
18393,114512,0.02438613
18394,30571,0.00093738514
18395,94241,0.009290694
18396,41563,0.0069380403
18397,109695,0.58307195
18398,109608,0.5026056
18399,67180,0.70778805
18400,99783,0.4201848
18401,77163,0.12035916
18402,114360,0.07818704
18403,28150,0.0005152362
18404,20663,0.0008344364
18405,72126,0.4201848
18406,113464,0.5232106
18407,81070,0.21136047
18408,112126,0.006499388
18409,48700,0.000106841
18410,107322,0.00022627186
18411,72473,0.13447009
18412,72179,0.029874334
18413,41600,0.0069380403
18414,7367,0.010516585
18415,95065,0.4201848
18416,9610,0.05336086
18417,3740,0.008289046
18418,72593,0.34392092
18419,32602,0.0004705332
18420,36203,0.7976046
18421,34402,0.00090780616
18422,16096,0.0007994225
18423,45823,0.69238746
18424,36131,0.0020615396
18425,26877,0.0069380403
18426,51988,0.4888416
18427,12221,0.054573994
18428,80029,0.24450037
18429,13394,0.0009885154
18430,82808,0.7976046
18431,94358,0.56749433
18432,77198,0.12290087
18433,26013,0.47754645
18434,53046,0.00063058623
18435,100711,0.029874334
18436,63842,0.029874334
18437,108659,0.0037835357
18438,105377,0.0022208928
18439,92971,0.34392092
18440,52510,0.13447009
18441,64985,0.012725955
18442,60576,0.015038574
18443,32013,0.766975
18444,103189,0.008123813
18445,8289,0.64825314
18446,223,0.0060033025
18447,28969,0.0009853129
18448,29465,0.0026908694
18449,20095,0.59938043
18450,104711,0.6843454
18451,36973,0.0040880116
18452,99998,0.023122419
18453,32232,0.018676624
18454,105421,0.001748186
18455,55788,0.00024962585
18456,104858,0.006684573
18457,91231,0.004340315
18458,26446,0.12290087
18459,106246,0.32676116
18460,21786,0.04985191
18461,60519,0.13447009
18462,22667,0.0060033025
18463,37620,0.03664784
18464,13752,0.011809721
18465,34145,0.0008344364
18466,82340,0.010210467
18467,85077,0.34392092
18468,21109,0.06771289
18469,67364,0.0011072916
18470,102449,0.45888868
18471,43488,0.0006187803
18472,34352,0.59938043
18473,32624,0.0009212312
18474,53678,0.6857675
18475,106249,0.11731413
18476,28701,0.19652489
18477,90825,0.013872855
18478,11169,0.010516585
18479,93543,0.13447009
18480,34953,0.005572474
18481,110906,0.0038350313
18482,19060,0.59938043
18483,50570,0.7704209
18484,1755,0.007402212
18485,70531,0.34392092
18486,47314,0.041428864
18487,103673,0.14703433
18488,107844,0.75738317
18489,83670,0.79584295
18490,96799,0.00092141394
18491,113563,0.07721228
18492,28055,0.19652489
18493,14192,0.5628135
18494,65330,0.002085475
18495,104602,0.009188496
18496,26330,0.03664784
18497,73425,0.78131825
18498,40426,0.0009973703
18499,67943,0.7478843
18500,36616,9.3418304e-05
18501,30489,0.5730763
18502,65941,1.6044847e-05
18503,104469,0.033338454
18504,43560,0.00035790278
18505,26560,0.027982187
18506,104674,0.18376456
18507,36782,1.26727855e-05
18508,101946,0.5350702
18509,94556,0.59938043
18510,111497,0.37492988
18511,15112,0.4985085
18512,24678,0.007402212
18513,23618,0.007402212
18514,102473,0.0079947645
18515,8948,0.010516585
18516,114499,0.0005645897
18517,49651,0.03664784
18518,59139,0.007401518
18519,61934,0.011897027
18520,42924,0.02084303
18521,107313,0.79734695
18522,25406,0.5628135
18523,30569,0.5628135
18524,47284,0.7704209
18525,50344,0.20503531
18526,77193,0.037683595
18527,107719,0.00014037326
18528,4642,0.015601124
18529,1969,0.021937707
18530,22678,0.0034583432
18531,39769,0.0012132596
18532,107676,0.47754645
18533,6947,0.2956878
18534,78539,0.42249477
18535,37146,0.12078799
18536,109989,0.0071165077
18537,74049,0.007859644
18538,64876,0.1404016
18539,23569,0.02345921
18540,98535,0.8819471
18541,59741,0.5232106
18542,66085,0.00054881995
18543,82252,0.2181275
18544,52166,0.018554173
18545,19628,0.4888416
18546,70565,0.0055415593
18547,78541,0.00015935178
18548,21113,0.4888416
18549,17331,1.5370984e-05
18550,61911,0.0039641713
18551,114714,0.0005541349
18552,50232,0.0046992064
18553,104670,0.40678856
18554,111073,0.00069102104
18555,43900,0.000111980415
18556,55067,0.02517054
18557,7172,0.010516585
18558,43497,0.6641874
18559,17216,0.00040642198
18560,29021,0.008285374
18561,7895,0.047424603
18562,83784,0.007797746
18563,42895,7.068172e-05
18564,8309,0.49502462
18565,7723,0.0062500727
18566,20394,0.6857675
18567,50954,0.86312497
18568,81892,0.638665
18569,20596,0.0044738115
18570,76806,0.7006492
18571,60858,0.13447009
18572,77715,0.000913589
18573,71227,0.13447009
18574,35342,0.42581627
18575,11441,0.0018368879
18576,26497,0.16217166
18577,79936,0.26997432
18578,56091,0.006758071
18579,92694,0.7478843
18580,84695,0.0024044046
18581,2649,0.0056358688
18582,113419,0.00034979975
18583,63393,0.0026097156
18584,50585,0.79584295
18585,44182,0.0057945102
18586,72454,0.4413185
18587,79439,0.13447009
18588,52130,0.031164318
18589,64237,0.004348507
18590,56211,0.590359
18591,73537,0.00020027338
18592,100898,0.2622862
18593,56300,0.85062313
18594,2105,0.70994425
18595,106955,0.0032871047
18596,55190,0.00044912082
18597,77058,8.301674e-05
18598,110543,0.044053346
18599,75650,0.0015100712
18600,15342,0.5611369
18601,22387,0.12078799
18602,59606,0.12035916
18603,108278,0.5442662
18604,38307,0.59822583
18605,86630,0.027365971
18606,74031,0.9847877
18607,99212,2.5420495e-05
18608,38421,0.6857675
18609,59694,0.0060033025
18610,13800,0.7270048
18611,22908,4.217725e-05
18612,108880,0.81980735
18613,78907,0.0002219994
18614,114746,0.5442662
18615,99437,0.0013619264
18616,22139,0.04985191
18617,94756,0.7478843
18618,92882,0.78131825
18619,61528,0.024206866
18620,78882,0.007402212
18621,1124,0.00038617535
18622,16201,0.011616147
18623,59640,0.07818704
18624,92338,0.77334636
18625,39751,0.12078799
18626,4421,0.008247896
18627,93573,4.4463573e-05
18628,54616,0.0050392565
18629,7818,0.7841161
18630,2628,0.036056653
18631,2076,0.71340895
18632,82679,0.34392092
18633,1599,0.045763817
18634,91448,0.00093072705
18635,59303,0.4888416
18636,4626,0.036056653
18637,87068,0.00057600724
18638,45336,0.31145355
18639,37715,0.00010288625
18640,35847,0.5232106
18641,13475,0.0010428027
18642,81174,0.011509343
18643,692,0.74854356
18644,55862,0.029874334
18645,70872,0.0057945102
18646,7020,0.031754304
18647,97991,0.73686934
18648,44820,0.0008565802
18649,10440,0.022640524
18650,83855,0.00045330214
18651,64068,0.01451028
18652,31580,0.0008344364
18653,56726,0.35037586
18654,17595,0.0020182752
18655,51300,0.0069380403
18656,11951,0.007402212
18657,51783,0.7704209
18658,59604,0.004346945
18659,31999,0.011897027
18660,68353,0.017152961
18661,73201,0.003172428
18662,6487,0.0039436966
18663,56831,0.024206866
18664,50838,0.04694134
18665,113445,0.0069380403
18666,86242,0.0079947645
18667,71167,0.34392092
18668,67265,0.2268442
18669,69885,0.4888416
18670,7496,0.4835136
18671,15945,0.0004076079
18672,78401,0.2622862
18673,60466,0.23309723
18674,102527,0.34392092
18675,85760,0.0024044046
18676,14444,0.3089335
18677,83810,0.002226568
18678,72426,0.024206866
18679,86934,0.78131825
18680,101929,0.006684573
18681,115418,0.50293183
18682,103462,0.8657215
18683,88877,0.87863064
18684,114689,0.012358964
18685,25087,0.011897027
18686,13348,0.042499308
18687,75384,0.024206866
18688,57917,0.15288648
18689,114646,0.008938783
18690,91756,0.1370344
18691,112693,0.00013485202
18692,101215,0.00016059971
18693,78344,0.00082101923
18694,80693,0.0011214612
18695,85499,0.009462972
18696,84576,0.024206866
18697,114555,0.78131825
18698,23639,0.2622862
18699,1312,0.024927352
18700,57257,0.015038574
18701,4894,0.0006484749
18702,39703,0.0008344364
18703,27633,0.009818205
18704,2176,0.14703433
18705,78855,0.00022527626
18706,111680,0.0022208928
18707,60707,0.0057720095
18708,21463,0.0008344364
18709,50162,0.12290087
18710,61872,0.016867047
18711,84702,0.024206866
18712,94050,0.072692804
18713,5013,0.06008862
18714,71466,0.4888416
18715,108030,0.6843454
18716,86069,0.34392092
18717,24920,0.71340895
18718,81635,0.0120466435
18719,46525,0.12078799
18720,94239,0.13447009
18721,88963,0.5574541
18722,59356,0.733664
18723,56222,0.008612103
18724,58728,0.00056228717
18725,658,0.00040330755
18726,64756,0.00029490932
18727,82362,0.45888868
18728,6329,0.000618159
18729,102601,0.0003639747
18730,103848,0.0060033025
18731,67780,0.0017587844
18732,85174,0.13447009
18733,69459,0.0018594239
18734,99992,0.53350335
18735,22945,0.034867942
18736,35460,0.0008344364
18737,96514,0.00032175847
18738,62686,0.733664
18739,89445,0.0060033025
18740,89179,0.010137472
18741,34560,0.001740745
18742,9555,0.49502462
18743,67698,0.70778805
18744,48270,0.0003103545
18745,70415,0.34392092
18746,45996,0.0012271391
18747,707,0.51769406
18748,29516,0.4888416
18749,92224,0.06557294
18750,106897,0.00086536893
18751,85708,0.4888416
18752,97905,0.025442703
18753,15309,0.752463
18754,88787,0.004340315
18755,9807,0.010516585
18756,8423,0.59703815
18757,735,0.44615385
18758,89521,0.7478843
18759,67195,0.25912815
18760,45967,0.0008344364
18761,11412,0.013822098
18762,100997,0.6560458
18763,19023,0.039025996
18764,15663,0.008899339
18765,3004,0.010516585
18766,102392,0.000461181
18767,44544,0.0028299503
18768,6429,0.0648613
18769,72299,0.001019412
18770,31446,0.013006808
18771,21997,0.44748464
18772,7460,0.007884927
18773,50495,0.5232106
18774,98582,0.7678493
18775,53187,0.4888416
18776,75584,0.71321934
18777,10590,0.028720004
18778,75606,0.6857675
18779,115168,0.007859644
18780,66947,0.6857675
18781,49884,0.004346945
18782,3171,0.038959775
18783,18833,0.0048549147
18784,51457,0.0069380403
18785,9767,0.0011261721
18786,43015,0.009079819
18787,104086,0.0007098892
18788,58372,0.5232106
18789,107950,0.04834172
18790,29246,0.5730763
18791,113807,0.024206866
18792,51952,0.96972424
18793,20845,0.011616147
18794,104229,0.8819471
18795,86618,0.816198
18796,24259,0.3089335
18797,98204,0.2916034
18798,41835,0.9968303
18799,60924,0.12035916
18800,111900,0.026646854
18801,80790,0.024206866
18802,14018,0.2170439
18803,97964,0.02913709
18804,25418,0.19521376
18805,50133,0.00034314522
18806,41864,0.80925137
18807,23487,0.12078799
18808,45693,0.6477684
18809,65603,0.18376456
18810,53217,0.2622862
18811,72997,0.59822583
18812,53612,0.82937336
18813,113991,0.733664
18814,63292,0.0012159809
18815,51803,0.45424226
18816,79290,0.2622862
18817,59327,0.00036125412
18818,22400,0.80925137
18819,7189,0.013888508
18820,99476,0.0008954147
18821,105364,0.78131825
18822,74223,0.029874334
18823,50990,0.15288648
18824,28606,0.12035916
18825,111498,0.34661445
18826,39916,0.0059880847
18827,42697,2.3344744e-05
18828,79452,0.006835505
18829,114839,0.011209021
18830,30725,0.5232106
18831,95610,0.45888868
18832,22246,0.004262078
18833,93907,0.35455248
18834,58870,0.004340315
18835,93841,0.06645791
18836,100249,0.77334636
18837,59026,0.08650042
18838,42216,0.006758071
18839,14003,0.15288648
18840,99076,0.77339363
18841,2116,0.024632081
18842,93111,0.0078094616
18843,42318,0.059051476
18844,38500,0.0010104164
18845,21551,0.0006778254
18846,38259,0.5628135
18847,92116,0.024206866
18848,86382,0.16114923
18849,107140,6.601757e-05
18850,98551,0.20503531
18851,31296,0.8044119
18852,94929,0.79734695
18853,115594,8.0744496e-05
18854,13301,0.0008344364
18855,45468,0.017041259
18856,14521,0.002575428
18857,54149,0.12290087
18858,72837,0.009946336
18859,83063,0.0278131
18860,1813,0.37492988
18861,81784,0.00070298294
18862,37314,0.5730763
18863,21721,0.04985191
18864,88662,0.0056026676
18865,17912,0.59938043
18866,45162,0.041428864
18867,85324,0.010210467
18868,99346,0.77339363
18869,88504,0.30090106
18870,60212,0.7478843
18871,91303,0.00028317107
18872,112342,0.5232106
18873,89466,0.77334636
18874,93431,0.024206866
18875,1192,0.0062386924
18876,10391,0.028720004
18877,70583,0.4201848
18878,25524,0.0046135737
18879,66219,0.003408048
18880,45595,0.0070359865
18881,101467,0.58307195
18882,77938,0.45888868
18883,45138,0.96487015
18884,191,0.86248016
18885,68453,0.30090106
18886,47476,0.12078799
18887,75430,0.13447009
18888,104129,0.020733895
18889,104685,0.58307195
18890,48972,0.0060033025
18891,441,0.021780765
18892,107837,0.003252618
18893,25783,0.1508694
18894,788,0.47754645
18895,57136,0.008106875
18896,12399,0.07466534
18897,25842,0.00720155
18898,109583,0.34054893
18899,33860,0.015038574
18900,58399,0.0025550118
18901,90064,0.7478843
18902,2322,0.007884927
18903,113764,0.010210467
18904,94278,0.0049902825
18905,68880,0.34392092
18906,94058,0.0026981002
18907,18632,0.054573994
18908,30897,0.00030390176
18909,23640,0.6027404
18910,17861,0.59938043
18911,85414,0.6857675
18912,34957,0.5232106
18913,20430,0.011857566
18914,38888,0.47754645
18915,68444,0.00044164952
18916,65687,0.010462878
18917,113882,0.00092057406
18918,87376,0.3089335
18919,83231,0.006202585
18920,64878,0.00037149663
18921,45962,0.5628135
18922,73750,0.0029114224
18923,48399,0.00020047896
18924,31495,0.0008344364
18925,100270,0.24450037
18926,104250,0.37862125
18927,110364,0.34392092
18928,42061,0.00030549918
18929,44824,5.390102e-05
18930,70340,0.34392092
18931,22021,0.0018594239
18932,10176,0.0008344364
18933,86874,0.032572266
18934,50878,0.027119404
18935,114430,0.5730763
18936,77818,0.3089335
18937,25518,0.56782615
18938,9441,0.021937707
18939,52146,0.5730763
18940,5442,0.0039436966
18941,16713,0.12035916
18942,43927,0.19521376
18943,58363,0.0010922602
18944,107965,0.79734695
18945,48936,0.007402212
18946,47794,0.5232106
18947,76502,0.71321934
18948,47455,0.0070359865
18949,75015,0.0009978461
18950,85261,0.00080634793
18951,67668,0.47754645
18952,53222,0.027119404
18953,98845,0.77433646
18954,52710,0.00074542844
18955,71478,0.78131825
18956,21949,0.31145355
18957,12472,0.00038298866
18958,9084,0.23017883
18959,48183,0.59822583
18960,91271,0.50293183
18961,108243,0.0318747
18962,32460,3.443865e-05
18963,42451,0.0041407975
18964,43906,0.02084303
18965,51931,0.37963933
18966,98153,0.45888868
18967,11029,0.0042450307
18968,75847,0.52379495
18969,93460,0.0013051194
18970,45800,0.2622862
18971,94558,0.017152961
18972,76926,0.34392092
18973,61209,0.008899339
18974,1340,0.7976046
18975,108617,0.24450037
18976,8408,0.26386112
18977,115544,0.1508694
18978,90387,0.7478843
18979,89287,0.0079947645
18980,91797,0.8338674
18981,22077,0.0008344364
18982,102971,0.21136047
18983,63046,0.34392092
18984,13074,0.026236352
18985,75839,0.47754645
18986,33264,0.5232106
18987,732,0.050568264
18988,57362,0.12275081
18989,43578,0.004326417
18990,20495,0.03664784
18991,115259,0.07040569
18992,109151,0.0069380403
18993,28361,0.19521376
18994,48688,0.002085475
18995,69760,0.0049902825
18996,25445,0.4888416
18997,74994,0.0013401277
18998,76892,0.4832058
18999,5812,0.008247896
19000,104243,0.34392092
19001,36309,0.00053097116
19002,38234,0.2622862
19003,26780,0.0008344364
19004,6296,0.7307767
19005,110184,0.007859644
19006,52008,0.015979819
19007,37938,0.014681552
19008,42026,0.12078799
19009,25097,0.31145355
19010,35153,0.5628135
19011,46104,0.033028502
19012,63532,0.00015711458
19013,62831,0.011897027
19014,49690,0.82937336
19015,27161,0.011897027
19016,91387,0.008635866
19017,50354,0.5232106
19018,17597,0.59822583
19019,66250,0.18376456
19020,32496,0.004346945
19021,92143,0.00010540957
19022,44733,0.011897027
19023,21185,0.4985085
19024,1286,0.008566236
19025,39151,0.0318747
19026,49282,0.59938043
19027,89943,0.0001342188
19028,47276,0.12078799
19029,47493,0.0111581525
19030,54400,0.5628135
19031,85298,0.006557449
19032,113723,0.5232106
19033,39689,0.0008344364
19034,2783,0.008247896
19035,11097,0.8699766
19036,3131,0.87683624
19037,60524,0.024206866
19038,25722,0.42581627
19039,86655,0.014765168
19040,67865,0.0004705332
19041,114062,0.61716485
19042,73184,0.00023451967
19043,112481,0.1508694
19044,99563,0.34392092
19045,113555,0.048201922
19046,17262,0.006125173
19047,55740,0.0060033025
19048,68808,0.022844255
19049,111055,0.18376456
19050,2358,0.71340895
19051,83694,0.0052161356
19052,104158,0.011809721
19053,42243,0.0007734668
19054,83338,0.025082005
19055,15635,0.06771289
19056,72845,0.0005398603
19057,38032,0.0049902825
19058,24096,0.02084303
19059,86973,0.0002584688
19060,62674,0.0072625442
19061,112303,0.32676116
19062,37318,0.00011376937
19063,27512,0.0008344364
19064,79083,0.78131825
19065,49729,0.0008344364
19066,110330,0.0318747
19067,55875,0.42581627
19068,89811,0.0052681984
19069,55163,0.0012159809
19070,76130,0.024206866
19071,30326,0.004346945
19072,98786,0.34054893
19073,3152,0.0047541256
19074,22804,0.00038221537
19075,112649,0.16617046
19076,44415,0.00050520775
19077,26543,0.12078799
19078,65259,0.12290087
19079,110928,0.024206866
19080,66700,0.0109556755
19081,85380,0.12290087
19082,56301,0.031164318
19083,2283,0.6905978
19084,38358,0.0008344364
19085,93303,0.37862125
19086,22698,2.446475e-05
19087,27659,0.19652489
19088,92450,0.0131777655
19089,67213,0.2268442
19090,109412,0.46006948
19091,74263,0.2170439
19092,91027,0.024206866
19093,45197,0.045637816
19094,107935,0.75738317
19095,30986,0.00060056645
19096,15044,0.303321
19097,17780,0.07200105
19098,87040,0.19521376
19099,46910,0.00070814055
19100,75108,0.13447009
19101,6245,0.026646854
19102,82614,0.021584662
19103,52253,0.0278131
19104,62532,0.0013401277
19105,60976,0.0069380403
19106,95682,0.0069380403
19107,51451,0.6857675
19108,33494,0.026646854
19109,57652,0.6027404
19110,41591,0.44748464
19111,4468,0.00393114
19112,2491,0.026646854
19113,24568,0.02084303
19114,94372,0.0033163682
19115,103875,1.1687117e-05
19116,1343,0.057106867
19117,30282,0.40678856
19118,75676,0.0030771247
19119,87593,0.00012862327
19120,65336,0.6795658
19121,16306,0.0012981798
19122,10630,0.15756589
19123,105958,0.6027404
19124,61041,0.12035916
19125,20591,0.4985085
19126,46045,0.3089335
19127,108181,0.21136047
19128,16844,0.0628029
19129,102020,0.13447009
19130,94428,0.5232106
19131,78968,0.13447009
19132,85368,0.7976046
19133,3242,0.25203338
19134,84991,0.048061986
19135,91667,0.71801543
19136,115466,0.50293183
19137,100192,0.76863664
19138,33771,0.0008344364
19139,82372,0.34392092
19140,88713,0.014572694
19141,76646,0.000499812
19142,87052,0.30090106
19143,70163,0.00062017015
19144,35463,0.033028502
19145,88203,7.4794785e-05
19146,97706,0.00059841754
19147,100390,0.099090286
19148,115798,0.079446584
19149,99350,0.006026623
19150,84607,0.733664
19151,15103,0.033714566
19152,66350,0.004873621
19153,21934,0.3089335
19154,25971,0.4888416
19155,8296,0.011746759
19156,27030,0.018857906
19157,36129,0.5232106
19158,81044,0.003571135
19159,79050,0.5232106
19160,66018,0.12290087
19161,71798,0.13447009
19162,58086,0.016588502
19163,65954,0.003651444
19164,57825,0.20503531
19165,27039,0.00029907437
19166,74179,0.0010066493
19167,3024,0.00010178637
19168,75282,0.023439065
19169,63728,0.09382529
19170,41094,0.69238746
19171,70379,0.59938043
19172,30450,0.5232106
19173,46825,0.0008344364
19174,72175,0.8044119
19175,12984,0.50877464
19176,28256,0.0005152362
19177,59892,0.5232106
19178,72182,0.78131825
19179,67491,0.34054893
19180,61281,0.0025550118
19181,73173,0.0008088606
19182,69764,0.34392092
19183,17017,0.010210467
19184,27937,0.00040564957
19185,58245,0.016388483
19186,31292,0.02052205
19187,19092,0.79584295
19188,107821,0.00022582184
19189,87654,3.4514305e-05
19190,113406,0.010210467
19191,93100,0.6569232
19192,72844,0.25912815
19193,54891,0.2181275
19194,5646,0.0832958
19195,36358,0.5628135
19196,22006,0.0016414102
19197,102810,0.033338454
19198,37141,0.12078799
19199,20296,0.029874334
19200,54624,0.5232106
19201,60372,0.7478843
19202,84032,0.7478843
19203,38315,0.12078799
19204,97258,0.009946336
19205,86018,0.0009642265
19206,72765,0.03413233
19207,45152,0.0078094616
19208,110223,0.02602755
19209,16875,0.9792859
19210,863,0.5611369
19211,28326,0.19652489
19212,51868,0.5730763
19213,62043,0.15288648
19214,9465,0.02924629
19215,38820,0.023175027
19216,17039,0.66882885
19217,13045,0.15536107
19218,23740,0.15288648
19219,72237,0.024206866
19220,64283,0.0009536385
19221,26902,0.0009853129
19222,14424,0.0012809174
19223,14572,0.00021493527
19224,51340,0.004696542
19225,55172,0.0017915512
19226,115003,0.37492988
19227,68543,0.733664
19228,45226,0.59938043
19229,40204,0.6857675
19230,14257,0.40678856
19231,46475,0.21136047
19232,74550,0.4201848
19233,97065,0.07818704
19234,73554,0.13447009
19235,28096,0.12035916
19236,63351,0.03621409
19237,66216,0.0017587844
19238,115757,0.006758071
19239,77661,0.34392092
19240,24170,0.011012454
19241,68317,0.7373063
19242,67063,0.021318072
19243,27516,0.108973674
19244,1309,0.69796836
19245,33041,0.3089335
19246,79618,0.40678856
19247,99870,0.3788766
19248,62986,0.18376456
19249,53461,0.024689076
19250,17412,0.040901404
19251,67839,0.34392092
19252,23746,0.024063697
19253,2281,0.013822098
19254,8382,0.008025243
19255,109162,0.52988625
19256,36181,0.9852427
19257,93000,0.009188496
19258,39895,0.0015201581
19259,113200,0.005052334
19260,27187,0.0014881245
19261,101493,0.0003073575
19262,33978,0.3089335
19263,28984,0.004472894
19264,112914,0.8950832
19265,97186,0.30090106
19266,13916,0.0008344364
19267,62960,0.00056442263
19268,88498,0.16114923
19269,18662,0.006125173
19270,27646,0.002419896
19271,25647,0.0057945102
19272,61101,0.00032238915
19273,65272,0.015142322
19274,46313,0.42581627
19275,84012,0.0012014152
19276,47305,0.0067979214
19277,13277,0.0016775148
19278,35527,0.5232106
19279,69436,0.79584295
19280,15261,0.4985085
19281,17510,0.0014080327
19282,63636,0.12035916
19283,112715,0.024206866
19284,115035,0.50293183
19285,100132,0.024206866
19286,82445,0.0052958755
19287,62171,0.0007461047
19288,96052,0.061298724
19289,86133,0.024206866
19290,114221,0.21136047
19291,14429,6.579264e-05
19292,59811,0.7478843
19293,92019,0.643951
19294,14630,0.0009771348
19295,107883,0.0078094616
19296,72975,0.12290087
19297,94884,0.4201848
19298,15610,0.4888416
19299,29714,0.007402212
19300,80787,0.30090106
19301,115208,0.73582023
19302,7256,0.019241843
19303,8158,0.0004987505
19304,83527,0.0048549147
19305,73596,0.0029114224
19306,23255,0.554042
19307,112613,0.8950832
19308,51816,0.80925137
19309,45167,0.12078799
19310,44014,0.0018303981
19311,28590,0.00872611
19312,89472,0.3089335
19313,13153,0.12035916
19314,107505,0.07818704
19315,2545,0.4568756
19316,85843,0.0006681848
19317,105688,0.5075232
19318,18182,0.0008344364
19319,60478,0.0032838662
19320,37532,0.024689076
19321,110396,0.58307195
19322,91896,0.0051597306
19323,98539,0.056111116
19324,110545,0.00420823
19325,80910,0.010210467
19326,88889,0.005639007
19327,58516,0.5346374
19328,75286,0.07818704
19329,95592,0.0060033025
19330,12471,0.9654829
19331,67200,0.34392092
19332,15203,0.0020856585
19333,87136,0.34392092
19334,90716,0.7478843
19335,62941,1.7612616e-05
19336,82615,0.0079947645
19337,44199,0.0008344364
19338,73702,0.0010241107
19339,24969,0.88769776
19340,14626,0.5628135
19341,31504,0.011897027
19342,70002,0.34392092
19343,39307,0.0070359865
19344,46682,0.34661445
19345,87284,0.4201848
19346,1434,0.003116589
19347,43910,0.0008344364
19348,7569,0.008247896
19349,96438,0.021318072
19350,100632,0.45888868
19351,104272,0.0002516528
19352,53994,0.2181275
19353,91283,0.16114923
19354,54777,0.9945359
19355,20884,0.48146573
19356,82085,0.01658721
19357,43944,0.12290087
19358,57276,0.0017408138
19359,73420,0.0002057681
19360,80482,0.024206866
19361,42529,0.02224569
19362,56309,0.5346374
19363,41814,0.0004820652
19364,11473,0.008247896
19365,68492,0.00037082558
19366,92551,0.53350335
19367,68274,0.5628135
19368,35691,0.006758071
19369,8453,0.0018368879
19370,6785,0.59703815
19371,19291,0.0069380403
19372,108722,0.0001544451
19373,68175,0.7478843
19374,15486,0.7976046
19375,45641,0.8044789
19376,73383,0.00030549918
19377,64031,0.0006390611
19378,15873,0.0008344364
19379,66784,0.0052482956
19380,51787,0.4888416
19381,27364,0.0011641996
19382,51021,0.0069380403
19383,91962,0.45888868
19384,62896,0.7478843
19385,11333,0.0034652818
19386,86775,0.005739812
19387,47013,0.0012981948
19388,33816,0.00019370051
19389,42863,0.025349155
19390,26755,0.9840718
19391,20533,0.0018786364
19392,40890,0.006900122
19393,99152,0.013105536
19394,44163,0.56782615
19395,106905,0.6022919
19396,11740,0.4985085
19397,21822,0.0070359865
19398,82271,0.13447009
19399,83555,0.00024733142
19400,4837,0.85631025
19401,43971,0.02084303
19402,1944,0.7307767
19403,5237,0.016290989
19404,37286,0.78131825
19405,655,0.00043037345
19406,20498,0.005596043
19407,3981,0.014897517
19408,84121,0.0008584056
19409,60778,0.0025935438
19410,1529,0.0039436966
19411,75529,0.0017587844
19412,96584,0.26997432
19413,31856,0.00066679035
19414,45164,0.024518486
19415,115060,0.78131825
19416,108010,0.00086536893
19417,58712,0.0004745771
19418,28175,0.000913589
19419,94799,0.56749433
19420,8166,0.046046227
19421,45554,0.016867047
19422,79465,0.6843454
19423,23294,0.5628135
19424,83829,0.20503531
19425,105257,0.027662832
19426,20688,0.017654972
19427,115336,0.0016173712
19428,73867,0.54713255
19429,19599,0.00015084389
19430,13055,0.0012208261
19431,106882,0.021318072
19432,41947,0.766975
19433,7126,0.004501163
19434,104207,0.024206866
19435,57585,0.013659366
19436,96751,0.00030549918
19437,90788,3.3548127e-05
19438,5886,0.0034652818
19439,52120,0.012280648
19440,106797,0.00027720357
19441,52407,0.69238746
19442,45243,0.03599013
19443,82325,0.0052161356
19444,47844,0.0069380403
19445,100783,0.8097321
19446,29244,0.0060033025
19447,47102,0.02084303
19448,27663,0.98010695
19449,11771,0.50877464
19450,84457,0.029874334
19451,70761,9.862663e-05
19452,20336,0.34661445
19453,715,0.0018526943
19454,62738,0.12035916
19455,51271,0.5232106
19456,104162,0.87978876
19457,37550,0.003577111
19458,76845,0.4413185
19459,51242,0.12290087
19460,25057,0.97267544
19461,64646,0.00041032562
19462,51385,0.0069380403
19463,53811,0.5232106
19464,105135,0.0133448355
19465,108711,0.025349155
19466,58121,0.5232106
19467,90907,0.87863064
19468,20827,0.0008344364
19469,104224,0.32676116
19470,111444,0.52379495
19471,64383,0.673766
19472,56476,0.12290087
19473,24524,0.12078799
19474,27845,0.029618468
19475,40163,0.56782615
19476,90830,0.9736786
19477,87232,0.0005177248
19478,23574,0.00041366098
19479,46115,0.011897027
19480,94188,0.07818704
19481,63317,0.0642146
19482,74534,0.024206866
19483,35291,2.5836243e-05
19484,39596,0.004873621
19485,23486,0.4888416
19486,81047,0.3089335
19487,93399,0.014305711
19488,83380,0.34392092
19489,112686,0.024206866
19490,65446,0.000397091
19491,86247,0.4888416
19492,46955,0.007402212
19493,87319,0.0017861971
19494,24597,0.003817971
19495,62935,0.003462487
19496,29392,0.0012973604
19497,102824,0.8044119
19498,50802,0.00017111505
19499,89526,0.3089335
19500,30994,0.16181132
19501,76470,0.001304437
19502,92564,0.78131825
19503,21399,0.000431477
19504,49224,0.0022208928
19505,29115,0.5232106
19506,59022,0.733664
19507,3877,0.0002789382
19508,107838,0.013336487
19509,84546,0.42249477
19510,109011,0.5824497
19511,36221,0.0008344364
19512,46666,0.54713255
19513,92721,0.7478843
19514,19285,0.5611369
19515,110957,0.0049849157
19516,32568,0.6022919
19517,50895,0.5232106
19518,3401,0.98196423
19519,19144,0.9710018
19520,12803,0.011809721
19521,27979,0.00057126425
19522,42619,0.6795658
19523,45769,0.0008344364
19524,92145,0.0008906068
19525,40953,0.0062326617
19526,81404,0.029874334
19527,27297,0.00056920573
19528,24796,0.03664784
19529,67274,0.0022154376
19530,3259,0.0050332136
19531,103024,7.105978e-05
19532,115925,0.60899097
19533,65145,0.009946336
19534,45656,0.027550844
19535,39611,0.014243553
19536,86366,0.4201848
19537,49094,0.0023160395
19538,103841,0.0060033025
19539,113878,0.45812517
19540,79972,0.13447009
19541,107901,0.029618468
19542,14165,0.69238746
19543,108544,0.008844291
19544,15388,0.015702382
19545,64024,0.00030549918
19546,63017,0.007859644
19547,114339,0.47754645
19548,69477,0.34392092
19549,83102,0.7478843
19550,92765,0.53350335
19551,85825,0.4888416
19552,83026,0.022333967
19553,66109,0.00037588034
19554,92942,0.0007994225
19555,27404,0.5232106
19556,43249,0.00481278
19557,72228,0.049901057
19558,14492,0.0114153195
19559,66488,0.028494034
19560,22058,0.12078799
19561,37892,0.016867047
19562,53361,0.0068548415
19563,77095,0.20245658
19564,43307,0.59938043
19565,92913,0.015142322
19566,59384,0.52379495
19567,35998,0.4888416
19568,54787,0.15288648
19569,77380,0.024206866
19570,63742,0.98010695
19571,55668,0.0042171516
19572,15670,0.00872611
19573,62802,0.82937336
19574,36645,0.3089335
19575,63321,0.001572654
19576,19104,0.44748464
19577,91919,0.0012094076
19578,31862,0.12290087
19579,10252,0.047424603
19580,98915,0.45888868
19581,63575,0.0002858268
19582,71664,0.78131825
19583,14968,0.011809721
19584,10837,0.44851086
19585,79621,0.0074865096
19586,110718,0.40678856
19587,88560,0.590359
19588,26737,0.014211687
19589,64126,0.00010400287
19590,72177,0.00015613504
19591,14911,0.00049025234
19592,17140,0.59917617
19593,74681,0.3089335
19594,75966,0.0025550118
19595,34596,0.86312497
19596,63539,0.6857675
19597,87668,0.87863064
19598,36393,0.12290087
19599,38233,0.0011564024
19600,80276,0.6986912
19601,54229,0.12290087
19602,88354,0.30090106
19603,108176,0.0029114224
19604,62281,0.016867047
19605,107923,0.39221442
19606,26889,0.0010147803
19607,38,0.77230483
19608,49617,0.00012347591
19609,50522,0.00015711458
19610,7764,0.043003574
19611,60727,0.00046380193
19612,37020,0.002760779
19613,5988,0.12053638
19614,88887,0.7478843
19615,77115,0.45888868
19616,22468,0.058751382
19617,15551,0.011809721
19618,13365,0.04985191
19619,53286,0.5628135
19620,42574,0.00028856297
19621,22304,0.41613477
19622,24710,0.00030549918
19623,19075,0.16114923
19624,75507,0.024206866
19625,93081,0.590359
19626,69354,0.0020856585
19627,111490,0.00032641806
19628,111040,0.0041407975
19629,55994,0.733664
19630,46703,0.0008344364
19631,70423,0.0022208928
19632,104399,0.004976857
19633,36401,0.0013401277
19634,115684,0.06078956
19635,1212,0.0008344364
19636,42030,0.12078799
19637,70759,4.553449e-05
19638,98241,0.006758071
19639,112970,0.733664
19640,81089,0.0057945102
19641,39566,0.016867047
19642,108306,0.036271784
19643,35165,0.004272699
19644,52261,0.41613477
19645,104936,0.00114052
19646,66158,0.0040108035
19647,88313,0.5628135
19648,62361,0.0069748308
19649,89397,0.0016912516
19650,113404,0.5232106
19651,44403,0.00016452944
19652,65357,0.012725955
19653,25001,0.0069380403
19654,39196,0.008837677
19655,55169,0.0069380403
19656,101925,0.015142322
19657,37433,0.0011072916
19658,87332,0.71801543
19659,105297,0.51646364
19660,64247,0.016453369
19661,95334,0.016359806
19662,7427,0.010516664
19663,89289,0.6139433
19664,91542,0.019369384
19665,90493,0.34392092
19666,86195,0.4888416
19667,115123,0.0016173712
19668,59287,0.85546416
19669,114911,0.4201848
19670,28663,0.6857675
19671,81118,0.0052161356
19672,24912,0.0070359865
19673,2666,0.016935335
19674,65871,0.18376456
19675,63464,0.52379495
19676,75838,0.00072228897
19677,65469,0.0069380403
19678,103855,4.0318457e-05
19679,108567,0.87863064
19680,99832,0.58307195
19681,23280,0.23754479
19682,46644,0.0049215415
19683,18247,0.42581627
19684,85649,0.30090106
19685,9385,0.1374874
19686,63515,0.0007877137
19687,85227,0.010210467
19688,37134,0.010198945
19689,16991,0.8699766
19690,74500,0.70778805
19691,61361,0.00415249
19692,96395,0.0078094616
19693,38619,0.014983693
19694,77040,0.5628135
19695,4791,0.0006782509
19696,66676,0.044053346
19697,100122,0.4123848
19698,26111,0.12290087
19699,85249,0.024206866
19700,91512,0.008612103
19701,91892,7.39959e-05
19702,29490,0.5232106
19703,73736,0.13447009
19704,96225,0.34392092
19705,20600,0.0008344364
19706,46200,0.0006933797
19707,90386,0.80853266
19708,63754,8.3717045e-05
19709,53135,3.1182786e-05
19710,78244,0.5346374
19711,81357,0.027119404
19712,54696,0.5730763
19713,99224,0.16114923
19714,113863,0.00052564073
19715,112877,0.015588088
19716,49915,0.024689076
19717,4780,0.4835136
19718,82699,0.34392092
19719,997,0.005500448
19720,97789,0.00011489699
19721,91310,0.56749433
19722,72479,0.00033427094
19723,115936,0.60899097
19724,100544,0.58307195
19725,77080,0.5346374
19726,105343,0.004133144
19727,48574,0.0018594239
19728,51839,0.0020718006
19729,13970,0.008635866
19730,99468,0.24450037
19731,77298,0.59938043
19732,11591,0.84811413
19733,26204,0.0008565802
19734,96895,0.00215505
19735,9435,0.8044119
19736,18494,0.4985085
19737,3509,0.0062386924
19738,38435,0.0012159809
19739,70351,0.34392092
19740,41155,0.02084303
19741,68894,0.01287941
19742,88916,0.78131825
19743,106108,0.00014695176
19744,25629,0.36867666
19745,102974,0.13447009
19746,50443,0.13447009
19747,14716,0.009927506
19748,81269,0.024206866
19749,12124,0.011616147
19750,55139,0.00028856297
19751,88024,0.024206866
19752,66105,0.20503531
19753,97068,0.009462972
19754,78640,0.12035916
19755,82603,0.0052161356
19756,12598,0.13447009
19757,21696,0.12078799
19758,66582,0.02224569
19759,30515,0.014572694
19760,50564,0.4888416
19761,62534,0.016388483
19762,65553,8.352375e-05
19763,45356,0.0012538969
19764,102710,0.13447009
19765,1413,0.766975
19766,22195,0.00023157775
19767,110116,2.6914651e-05
19768,105215,0.14427938
19769,113841,0.0042669657
19770,33238,0.0020856585
19771,88955,0.001671093
19772,77307,0.45888868
19773,71163,0.1798376
19774,14738,0.5611369
19775,65637,0.8745886
19776,104435,0.024206866
19777,49725,0.012533478
19778,4119,0.008247896
19779,93148,0.07818704
19780,11867,0.011809721
19781,60740,0.59822583
19782,105301,0.58307195
19783,114607,0.01579575
19784,7532,0.15756589
19785,106599,0.24450037
19786,12943,0.00096549874
19787,23515,0.0068548415
19788,90552,0.7478843
19789,70632,0.52988625
19790,80808,0.4888416
19791,104984,0.32676116
19792,74340,0.59822583
19793,106786,0.4201848
19794,63025,0.0069380403
19795,51188,0.02484052
19796,74678,0.67513126
19797,83786,0.34392092
19798,41239,0.59822583
19799,52497,0.16114923
19800,64373,3.6988116e-05
19801,1670,0.26386112
19802,28167,0.004346945
19803,31242,0.81378096
19804,33724,0.52379495
19805,16329,0.0011072916
19806,72592,0.12035916
19807,12868,0.0008344364
19808,40616,0.0076400656
19809,111153,0.32676116
19810,9291,0.00030979604
19811,71613,0.59938043
19812,32459,0.752463
19813,106540,0.012358964
19814,21592,0.011595547
19815,12789,0.011809721
19816,39446,0.0012037451
19817,71532,0.0005539094
19818,83856,0.0028299503
19819,92902,0.0027508184
19820,11524,0.00017148355
19821,23811,0.006196757
19822,31991,5.2494997e-05
19823,33568,0.040901404
19824,2153,0.008972212
19825,23160,0.12035916
19826,2033,0.03200804
19827,78923,0.012725955
19828,5668,0.008247896
19829,92887,0.34392092
19830,11363,0.4568756
19831,75933,0.13447009
19832,88621,0.0041407975
19833,68960,0.13447009
19834,110558,0.32676116
19835,65964,0.0087801665
19836,19514,0.0022034612
19837,40853,0.42581627
19838,45288,0.0053499835
19839,95352,0.12035916
19840,59436,0.0025550118
19841,87194,0.002278086
19842,46865,0.027550844
19843,84465,0.36867666
19844,64018,0.027982187
19845,8113,0.0069171013
19846,59212,0.005712436
19847,65234,0.012725955
19848,23936,0.008697227
19849,57891,0.000107908185
19850,63008,0.32381338
19851,82092,0.5628135
19852,34555,0.004326417
19853,53900,0.9911418
19854,109378,0.6843454
19855,23987,0.0034382066
19856,109500,0.24450037
19857,102569,0.56749433
19858,111617,0.10495635
19859,26505,0.1508694
19860,74891,0.0041715614
19861,22342,0.0008344364
19862,28316,0.59822583
19863,97245,0.34392092
19864,112056,0.0082309935
19865,18924,9.306265e-05
19866,39456,0.02084303
19867,44104,0.007270294
19868,32658,0.011897027
19869,42829,0.0642146
19870,79091,0.029874334
19871,25308,0.8055856
19872,32147,0.03599013
19873,59563,0.0060033025
19874,96650,0.34392092
19875,110224,0.0004171006
19876,23980,0.00042285622
19877,99576,0.07818704
19878,9098,0.0039436966
19879,65883,0.00015032139
19880,64627,0.20503531
19881,100765,0.12035916
19882,58091,0.105913065
19883,94918,0.006202585
19884,66480,0.0060033025
19885,20679,0.0013366663
19886,83838,0.010210467
19887,45802,0.19521376
19888,24757,0.9790203
19889,44497,0.8745886
19890,88866,2.2925036e-05
19891,73968,0.002847351
19892,45025,0.00082074036
19893,8357,0.0045931987
19894,84586,0.0052161356
19895,38501,0.12078799
19896,65205,0.006758071
19897,31378,0.5730763
19898,76889,0.34392092
19899,916,0.00028596172
19900,54319,0.1508694
19901,8750,0.015601124
19902,94060,0.30090106
19903,76954,0.6857675
19904,6020,0.008247896
19905,95762,0.03414784
19906,56949,0.0008088606
19907,93493,0.34054893
19908,89022,0.00081528444
19909,61430,0.0069380403
19910,58328,0.81378096
19911,16886,0.30990377
19912,86518,0.01658721
19913,35244,0.023633588
19914,14275,0.10495635
19915,19307,0.32136968
19916,35196,0.21363841
19917,106224,0.7678493
19918,45900,0.0061633433
19919,9841,0.021937707
19920,13575,0.69796836
19921,33604,0.018676624
19922,80051,0.32597795
19923,101770,0.0023733126
19924,79906,0.42249477
19925,77757,0.12290087
19926,64922,0.00953833
19927,52412,0.5232106
19928,31354,0.0014419071
19929,86238,0.27559015
19930,45645,0.011897027
19931,46257,0.0025174841
19932,51662,4.099473e-05
19933,84899,0.010210467
19934,20936,0.81378096
19935,7465,0.49502462
19936,93824,0.58307195
19937,56116,0.5232106
19938,97916,0.025290422
19939,35366,0.0008344364
19940,22519,0.00037773894
19941,2532,0.01599841
19942,105472,0.24450037
19943,73103,0.0057945102
19944,31409,0.017577607
19945,75952,0.6857675
19946,38044,0.638665
19947,54605,0.024206866
19948,69006,0.34392092
19949,81230,0.69238746
19950,59156,0.004948695
19951,71408,0.733664
19952,80393,0.643951
19953,10060,0.00067693193
19954,15674,0.82937336
19955,70390,0.0002148953
19956,4851,0.008247896
19957,66318,0.0069380403
19958,1784,0.02279648
19959,89666,0.13447009
19960,65565,0.52379495
19961,64812,0.0006071453
19962,23597,6.499103e-05
19963,55170,0.5232106
19964,112668,0.71340895
19965,59089,0.004884147
19966,57782,0.00038815397
19967,24305,0.033028502
19968,13302,0.0069380403
19969,35663,0.21136047
19970,41046,0.027119404
19971,46153,0.68328345
19972,1007,0.82937336
19973,114284,0.44521296
19974,51386,0.5730763
19975,102261,0.00024532832
19976,9018,0.0006690064
19977,73622,0.4201848
19978,71616,0.007859644
19979,109721,0.12290087
19980,47677,0.0065295263
19981,58946,0.0005217365
19982,32354,0.007402212
19983,81224,0.4201848
19984,22078,0.0048016044
19985,78193,0.0010066493
19986,51035,0.008899339
19987,29501,0.0029928575
19988,59849,0.15288648
19989,100372,0.24450037
19990,77302,0.009462972
19991,8713,0.01218955
19992,10370,0.01714858
19993,70456,0.5628135
19994,31147,0.6022919
19995,79352,0.71801543
19996,87188,0.008612103
19997,107591,0.0008565802
19998,92592,0.8338674
19999,54554,0.012632351
20000,14892,0.0044738115
20001,57208,0.07818704
20002,34311,0.0058062966
20003,83003,0.024206866
20004,18113,0.0033028633
20005,35519,0.0024044046
20006,41833,0.0012954627
20007,47509,0.011700909
20008,109392,0.46006948
20009,76870,0.34392092
20010,103805,0.37862125
20011,85264,0.017152961
20012,56523,0.8057262
20013,2770,0.03200804
20014,79924,0.00030843215
20015,39515,0.8636776
20016,98485,0.0018239121
20017,40725,0.52379495
20018,36826,0.3089335
20019,49787,0.006418149
20020,60113,0.0012385543
20021,105085,0.75738317
20022,28974,0.19521376
20023,59013,0.5730763
20024,89465,6.980031e-05
20025,1269,0.0016554483
20026,6801,0.0039436966
20027,90549,0.032572266
20028,93776,0.024206866
20029,76751,0.024206866
20030,14765,0.0008344364
20031,29010,0.0013182837
20032,94423,0.0011115712
20033,115558,0.0022695453
20034,55768,0.11497811
20035,107555,0.7678493
20036,58642,0.78131825
20037,35653,0.5730763
20038,102984,0.026673649
20039,80882,0.0018594239
20040,91293,0.71801543
20041,46630,0.21136047
20042,27679,0.0278131
20043,58393,0.1508694
20044,111283,0.016235711
20045,97308,0.13447009
20046,78558,0.012937962
20047,84998,0.00011443819
20048,11734,0.9685034
20049,78078,0.0018594239
20050,68300,0.024206866
20051,98237,0.15288648
20052,92759,0.87863064
20053,43432,0.5628135
20054,93628,0.45888868
20055,21966,0.030121073
20056,35144,0.008285374
20057,64340,0.00058022083
20058,27806,0.0027480691
20059,8363,0.08600711
20060,10988,0.033302844
20061,98693,0.0120466435
20062,91000,0.024206866
20063,101017,0.000106841
20064,20705,0.0008423654
20065,32358,0.5232106
20066,81687,0.024206866
20067,54575,0.0015057249
20068,11511,0.011746759
20069,31261,0.011161709
20070,25204,0.0078094616
20071,31044,0.15288648
20072,21154,0.007866909
20073,108887,0.009188496
20074,31654,0.6022919
20075,72018,0.4888416
20076,114530,0.00019370051
20077,31857,0.15288648
20078,8272,0.006918199
20079,21890,0.0008344364
20080,73972,0.05811228
20081,88230,0.34392092
20082,84547,0.024206866
20083,78377,0.2622862
20084,56820,0.108973674
20085,48550,0.008872751
20086,92828,0.008938783
20087,78218,0.049366985
20088,58566,0.733664
20089,70221,0.01697225
20090,25573,0.00037149663
20091,103102,0.009462972
20092,43326,6.0434435e-05
20093,86722,0.006268183
20094,40030,0.007402212
20095,67458,0.27559015
20096,49595,0.06333185
20097,111910,0.37862125
20098,83865,0.024206866
20099,14802,0.0006281916
20100,100602,0.2622862
20101,40012,0.016867047
20102,101893,0.24450037
20103,61300,0.00889711
20104,88615,0.014490051
20105,54649,0.05298341
20106,7133,0.006753649
20107,87161,0.16114923
20108,113105,0.643951
20109,46975,0.97276986
20110,15495,0.00012525507
20111,47206,0.00938341
20112,4215,0.00012534397
20113,56173,0.7976046
20114,91018,0.006268462
20115,10555,0.057469666
20116,102110,0.590359
20117,22514,0.0075326078
20118,12384,0.0008344364
20119,47855,0.0069380403
20120,59320,0.7478843
20121,111343,0.0009807405
20122,31748,0.00045418862
20123,79095,0.35455248
20124,31832,0.5232106
20125,6302,0.021063577
20126,70264,0.7478843
20127,110500,0.2181275
20128,16922,0.0074515496
20129,84632,0.4888416
20130,100887,0.028340075
20131,68875,0.0004705332
20132,96113,0.0005342382
20133,51290,0.6857675
20134,107376,0.20503531
20135,104072,0.03632557
20136,16342,0.03664784
20137,57635,4.293356e-05
20138,88941,0.34392092
20139,67950,0.0046671093
20140,83127,0.032669682
20141,71194,0.004074555
20142,73605,0.16114923
20143,19910,0.0060033025
20144,31043,0.0005450462
20145,19467,0.41613477
20146,23690,0.037367914
20147,67578,0.733664
20148,66370,0.20503531
20149,50819,0.5232106
20150,445,0.0038145971
20151,21068,0.000913589
20152,18647,0.4888416
20153,40217,0.0064563253
20154,62112,0.0114153195
20155,94973,0.8819471
20156,41341,0.14628837
20157,62785,0.04344542
20158,53931,5.428315e-05
20159,109811,0.47754645
20160,21932,0.0005989861
20161,42491,9.608226e-05
20162,51046,0.0023519807
20163,88802,0.029874334
20164,84236,0.0011115712
20165,82305,0.04344542
20166,84172,0.021325976
20167,114048,0.71801543
20168,7854,0.036730845
20169,31408,0.0014043748
20170,109850,0.016235711
20171,81482,0.024206866
20172,63449,0.0029102254
20173,80936,0.0060033025
20174,100703,0.58307195
20175,66722,0.05335345
20176,94716,0.5232106
20177,43872,0.019595325
20178,106148,0.009188496
20179,83710,0.7976046
20180,62084,0.12290087
20181,59706,0.0048087235
20182,29199,0.5232106
20183,93149,0.13447009
20184,109935,0.59107965
20185,115057,0.71340895
20186,119,0.008247896
20187,109575,0.58307195
20188,63379,0.07818704
20189,37347,0.5232106
20190,6518,0.00069350726
20191,81628,0.00033621478
20192,248,0.0006933797
20193,16123,0.0008344364
20194,72830,0.00102081
20195,48097,0.42581627
20196,104445,0.04464621
20197,102474,0.012206747
20198,100304,0.0001747255
20199,106063,0.021318072
20200,82566,0.4888416
20201,51888,0.0069380403
20202,64905,0.012188126
20203,83524,0.001159545
20204,61365,0.011897027
20205,26387,0.0008344364
20206,4099,0.017116271
20207,7983,0.01599841
20208,46010,0.805784
20209,31667,0.15288648
20210,53727,0.024206866
20211,96403,0.1508694
20212,10514,0.008783533
20213,72717,0.00021529871
20214,85483,0.34392092
20215,31250,0.59938043
20216,103788,0.47754645
20217,110998,0.20503531
20218,6427,0.03599007
20219,75066,0.029874334
20220,38319,0.006758071
20221,106270,0.528339
20222,110902,0.7478843
20223,100627,0.36316264
20224,4214,0.018259957
20225,985,0.05542147
20226,31907,0.0014080327
20227,80650,0.3089335
20228,22107,0.0067876237
20229,92139,0.004290562
20230,59087,0.0060033025
20231,1787,0.00040642198
20232,110554,0.035946313
20233,103507,0.46006948
20234,74377,0.0063547273
20235,50722,0.25912815
20236,41901,0.45888868
20237,59896,0.9781556
20238,104859,0.6022919
20239,80360,0.69238746
20240,15830,0.5611369
20241,101091,0.024206866
20242,112997,0.03804058
20243,61079,0.0060033025
20244,91610,0.024206866
20245,55650,0.34661445
20246,8127,0.0050332136
20247,9381,0.00030630236
20248,1897,0.0056358688
20249,50090,0.0069380403
20250,93156,0.5628135
20251,39320,0.47754645
20252,11534,0.122320004
20253,880,0.00034991794
20254,48586,0.7478843
20255,97309,0.024186034
20256,2312,0.06008862
20257,31996,1.620658e-05
20258,43727,0.0008565802
20259,63080,0.011897027
20260,53184,0.015038574
20261,100223,0.0067045935
20262,63214,0.024206866
20263,39338,0.0009936596
20264,55784,0.004346945
20265,106436,0.58307195
20266,91852,0.5628135
20267,35249,0.0069380403
20268,75420,0.00033427094
20269,87939,0.0017435346
20270,93057,0.0011791454
20271,58379,0.0012262716
20272,66710,0.12035916
20273,109296,0.0114153195
20274,83347,0.0005260863
20275,17775,0.13580467
20276,54110,0.9940965
20277,54498,0.5730763
20278,16731,0.0008344364
20279,42636,0.0069380403
20280,62508,0.12035916
20281,90813,0.37963933
20282,41148,0.42581627
20283,91873,0.53350335
20284,90738,0.0006385582
20285,50946,0.4832058
20286,70142,0.024206866
20287,97000,0.0002124455
20288,101154,0.00088362664
20289,29694,0.8663914
20290,49358,0.59822583
20291,73863,0.59938043
20292,17248,0.04985191
20293,55426,0.5730763
20294,47298,0.31145355
20295,104837,2.1043736e-05
20296,14115,0.95497876
20297,9236,0.060957044
20298,69802,0.0004988931
20299,56090,0.006758071
20300,35680,0.029874334
20301,58033,0.7478843
20302,11215,0.015301583
20303,115933,0.023175027
20304,34532,0.07681426
20305,100517,0.5918634
20306,23154,0.003518742
20307,97814,0.6560458
20308,11721,0.0039436966
20309,58604,0.5346374
20310,115052,0.009196748
20311,77188,0.020912925
20312,96437,0.7478843
20313,18101,0.009927506
20314,40165,0.005921338
20315,53450,0.006141872
20316,53568,0.0005152362
20317,57504,0.024206866
20318,61933,0.5346374
20319,1842,0.047942977
20320,19306,0.019543922
20321,107658,0.009196748
20322,74403,0.0022208928
20323,46498,0.008635866
20324,62479,0.016388483
20325,40056,0.0010804515
20326,34940,0.0008344364
20327,89098,0.005839836
20328,98095,0.032572266
20329,10916,0.9709329
20330,65497,0.0069380403
20331,76415,0.78131825
20332,57106,0.36867666
20333,1985,0.004456511
20334,8856,0.010516585
20335,26847,0.007402212
20336,4240,0.057469666
20337,112620,0.60899097
20338,45944,0.04628702
20339,92718,0.007859644
20340,78138,0.0010066493
20341,18477,0.0018141399
20342,44434,0.12078799
20343,73910,0.59938043
20344,105671,0.10842326
20345,98642,0.008635866
20346,74997,0.2170439
20347,84640,0.037069563
20348,27991,0.0040880116
20349,26234,0.019543922
20350,38346,0.0078094616
20351,76998,0.809392
20352,112850,0.5232106
20353,93077,0.015142322
20354,24753,0.0007779237
20355,100888,0.0049849157
20356,38683,5.9041202e-05
20357,12184,0.011809721
20358,41096,0.009489983
20359,106904,0.0801381
20360,10181,0.008285374
20361,107428,0.19652489
20362,115752,0.58307195
20363,52764,0.03502317
20364,37163,0.78131825
20365,90153,0.60409665
20366,80205,0.024206866
20367,70401,0.00026073176
20368,61611,0.016867047
20369,73090,0.021584662
20370,69989,0.13447009
20371,31359,0.02279648
20372,62833,0.0010040699
20373,76227,0.00035564418
20374,18859,0.007402212
20375,34016,0.0028252755
20376,41281,0.012632351
20377,81363,0.59938043
20378,111197,0.0001652155
20379,34435,0.29435274
20380,81548,0.0009624138
20381,62400,0.016867047
20382,113463,0.018743023
20383,111183,0.98369354
20384,12397,0.015702382
20385,101485,0.079446584
20386,60166,0.12035916
20387,57273,0.0011020519
20388,105523,0.32676116
20389,65711,0.012725955
20390,16026,0.51769406
20391,41093,0.12078799
20392,32844,0.6174846
20393,112869,0.0008344364
20394,3423,0.040918738
20395,34646,0.5232106
20396,94277,0.00050883094
20397,29618,0.7976046
20398,45926,0.018754436
20399,24089,0.012888076
20400,91968,0.030935472
20401,47054,0.077305205
20402,4043,0.017116271
20403,91120,0.5824497
20404,14965,0.69238746
20405,16929,0.59822583
20406,2481,0.010516585
20407,47896,0.0067229127
20408,111730,0.7378498
20409,53131,0.0060033025
20410,3455,0.034346074
20411,61212,0.5232106
20412,19051,0.007859644
20413,48622,0.014243553
20414,38059,7.620982e-05
20415,46323,0.21136047
20416,37339,0.00041981356
20417,102926,0.02781691
20418,98528,0.46006948
20419,91670,0.5574541
20420,100740,0.34392092
20421,795,0.4888416
20422,101190,0.12035916
20423,24182,0.00070157944
20424,115666,0.9714329
20425,43561,0.0008565802
20426,88271,0.34392092
20427,86709,0.13447009
20428,68874,0.12290087
20429,7755,0.03031795
20430,13572,0.0020615396
20431,14801,0.26997432
20432,19372,0.000461181
20433,70110,0.27559015
20434,73126,0.2960708
20435,8268,0.045763817
20436,1806,0.010516585
20437,45810,0.554042
20438,31724,0.5350702
20439,14380,0.4888416
20440,98366,0.60409665
20441,79379,0.00080634793
20442,49126,0.4888416
20443,35809,0.003116589
20444,112571,0.038215097
20445,44737,0.59938043
20446,2854,0.036599416
20447,39497,0.0010991456
20448,27877,0.5026056
20449,91498,0.8636776
20450,72950,0.7478843
20451,75402,0.024206866
20452,23971,0.12290087
20453,26584,0.19521376
20454,83336,0.30090106
20455,79808,0.21136047
20456,38823,0.4888416
20457,107185,0.2622862
20458,38246,0.009079819
20459,38714,0.47754645
20460,101843,0.032572266
20461,55093,0.5232106
20462,35271,0.5730763
20463,12766,0.011809721
20464,36353,0.47754645
20465,22545,0.41613477
20466,6916,0.0011094792
20467,6314,0.06008862
20468,66838,0.18376456
20469,10099,0.00087964395
20470,58029,0.024206866
20471,21242,0.8731015
20472,109687,0.58307195
20473,16935,0.81378096
20474,25476,0.0006187803
20475,69824,0.6857675
20476,66325,0.12035916
20477,74092,0.13447009
20478,87799,0.7478843
20479,57172,0.4888416
20480,51328,0.47754645
20481,105136,0.78131825
20482,72769,0.12290087
20483,72616,0.48146573
20484,55571,0.017041259
20485,84425,1.4319181e-05
20486,19545,0.8731015
20487,82331,0.30090106
20488,92928,0.5824497
20489,98601,0.8819471
20490,14841,0.008635866
20491,112798,0.59822583
20492,78922,0.005132436
20493,105776,0.58307195
20494,67532,0.643951
20495,10708,0.0018368879
20496,52588,0.59938043
20497,114418,0.6843454
20498,84579,0.024206866
20499,87198,9.862663e-05
20500,689,0.26997432
20501,12670,0.69796836
20502,85531,0.002250968
20503,38865,0.2170439
20504,98083,0.011209021
20505,59106,0.96913415
20506,59437,0.021325976
20507,95673,0.0012077218
20508,11980,0.011616147
20509,79684,0.0020615396
20510,11686,0.0011594092
20511,48887,0.6857675
20512,103957,0.0001446083
20513,63692,0.0017972464
20514,107587,0.18376456
20515,72539,0.024206866
20516,5155,0.0648613
20517,4088,0.008247896
20518,82374,0.004340315
20519,12096,0.4888416
20520,96683,0.13447009
20521,17989,0.011809721
20522,85196,0.34392092
20523,86495,0.5232106
20524,31837,0.029874334
20525,30292,0.0008344364
20526,25309,0.011897027
20527,52507,0.13447009
20528,27801,0.011897027
20529,12971,0.00022796135
20530,9913,0.9765488
20531,79731,0.007859644
20532,51708,0.0049902825
20533,100317,0.011978631
20534,100197,0.5075232
20535,51463,0.75738317
20536,83202,0.5026056
20537,8990,0.7307767
20538,73447,0.024206866
20539,76177,0.37862125
20540,31400,0.1508694
20541,83389,0.4888416
20542,58790,0.56782615
20543,47369,0.25912815
20544,88191,0.002893323
20545,67246,0.7270048
20546,8317,0.0011945275
20547,84082,0.87863064
20548,68628,0.0015278225
20549,111039,0.73582023
20550,37310,0.02084303
20551,86087,0.5026056
20552,65740,0.012725955
20553,44181,0.00019293759
20554,63325,0.00082101923
20555,62009,0.643951
20556,8174,0.0039436966
20557,51281,0.0060033025
20558,54114,0.40678856
20559,10685,0.22921197
20560,100694,0.46006948
20561,94549,0.78131825
20562,7949,0.012266115
20563,33379,0.6022919
20564,113836,0.0026392532
20565,61734,0.016388483
20566,11650,0.0018368879
20567,96357,0.733664
20568,115934,0.24450037
20569,105895,0.4201848
20570,77133,0.002085475
20571,43887,0.00052177923
20572,21285,0.004506187
20573,80492,0.0005260863
20574,89254,0.001375551
20575,69702,0.4201848
20576,17021,0.008112372
20577,78003,0.021325976
20578,7108,0.021937707
20579,45161,0.8055856
20580,35163,0.0011564024
20581,32839,0.007402212
20582,97036,0.009354052
20583,71037,0.0068548415
20584,25218,0.0005360431
20585,72891,0.024206866
20586,70614,0.34661445
20587,75216,0.7976046
20588,101566,0.75738317
20589,125,0.008285374
20590,34886,0.5730763
20591,18806,0.45888868
20592,5614,0.019241843
20593,3286,0.011473052
20594,18137,0.0017123064
20595,27369,0.36316264
20596,38413,0.12078799
20597,68,0.009927506
20598,73862,0.0004251378
20599,108946,0.75738317
20600,87181,0.25912815
20601,111833,0.033581056
20602,41354,0.011897027
20603,74169,0.9710018
20604,50076,0.0012435983
20605,79223,0.008899339
20606,80125,0.34054893
20607,71810,0.01962534
20608,78673,0.0060033025
20609,5099,0.06581619
20610,4265,0.766975
20611,60,0.07615443
20612,22713,0.04945419
20613,111247,0.027982187
20614,7362,0.117846064
20615,21924,0.013659366
20616,67576,0.05907342
20617,58144,0.024206866
20618,68710,0.13447009
20619,2379,0.021937707
20620,73385,0.0012969805
20621,51650,0.7976046
20622,48765,0.0005539094
20623,48290,0.15288648
20624,32006,0.108973674
20625,56294,0.0012910056
20626,83445,0.13447009
20627,34604,0.59822583
20628,50092,0.4888416
20629,3129,0.7025311
20630,10232,0.047942977
20631,60438,0.23309723
20632,11732,0.004468972
20633,53108,0.2170439
20634,64926,0.0072625442
20635,112910,0.34661445
20636,36391,0.5232106
20637,36462,0.5232106
20638,75707,0.06575073
20639,47048,0.638665
20640,104666,0.7941509
20641,55083,0.56782615
20642,17442,0.0008344364
20643,96079,0.024206866
20644,80947,0.0006477278
20645,98445,0.8819471
20646,18922,0.009354052
20647,92365,0.34392092
20648,106452,0.0012657371
20649,111816,5.8892078e-05
20650,75476,0.78131825
20651,93584,0.37492988
20652,87113,0.00025772222
20653,50920,0.7704209
20654,33186,0.5232106
20655,22566,0.02084303
20656,41188,0.007678487
20657,64995,0.015142322
20658,81850,0.13447009
20659,54695,0.0013361546
20660,95277,8.062839e-05
20661,92012,0.0030592722
20662,17521,0.0278131
20663,19138,0.0048016044
20664,57698,0.00015246449
20665,70649,0.0060033025
20666,69098,0.0007180192
20667,68835,0.30090106
20668,54359,0.06265964
20669,102704,0.66443765
20670,80447,0.0311136
20671,78107,0.0017587844
20672,17047,0.008285374
20673,102916,0.027365971
20674,76252,0.0040108035
20675,95900,0.0020718006
20676,29784,0.083272375
20677,21048,0.6857675
20678,57275,0.003172428
20679,101808,0.010827633
20680,70543,0.45888868
20681,100617,0.0029114224
20682,115759,0.15441638
20683,2049,0.014983693
20684,37424,0.00065325503
20685,43519,2.5720261e-05
20686,25027,0.9781556
20687,20521,0.8588091
20688,31488,0.011897027
20689,25243,0.0018735059
20690,31885,0.0024343426
20691,2417,0.09211248
20692,39961,4.3178236e-05
20693,38856,0.018676624
20694,67598,0.5628135
20695,4199,0.024368994
20696,80691,0.0020718006
20697,8683,0.072692804
20698,87743,0.20948003
20699,88932,0.1508694
20700,11067,0.4775147
20701,3200,0.07704517
20702,35131,0.0069380403
20703,96603,0.60409665
20704,3637,0.08508578
20705,110513,0.32676116
20706,21844,0.12078799
20707,38689,0.011897027
20708,53723,0.029101688
20709,13110,0.011809721
20710,13895,0.59938043
20711,48257,0.005799991
20712,35092,0.80925137
20713,75121,0.016911069
20714,67056,0.673766
20715,19573,0.009927506
20716,54445,0.04261183
20717,86694,0.6027404
20718,36163,0.0069380403
20719,25363,0.1508694
20720,12146,0.4985085
20721,15046,0.33835876
20722,59447,0.7478843
20723,40462,0.00025686217
20724,87183,4.5141867e-05
20725,57206,0.78131825
20726,7750,0.0034652818
20727,83901,0.16114923
20728,105781,0.45888868
20729,113099,0.00028167316
20730,107062,0.61716485
20731,96285,0.07818704
20732,77544,0.34392092
20733,109635,0.71340895
20734,83130,0.4888416
20735,31220,0.011897027
20736,75974,0.0005260863
20737,71309,0.78131825
20738,27315,0.19521376
20739,99618,0.34392092
20740,42957,0.0013161497
20741,36758,0.2622862
20742,19493,0.303321
20743,33403,0.0022433246
20744,96574,0.34392092
20745,36528,0.07818704
20746,11080,0.010516585
20747,91412,0.1688553
20748,107934,0.020733895
20749,35556,0.4888416
20750,60860,0.9790203
20751,96606,0.7009889
20752,106552,0.0030666005
20753,28104,0.029389085
20754,56608,0.029874334
20755,79786,0.4888416
20756,5966,0.0027252962
20757,54453,0.004346945
20758,31417,0.020963194
20759,78426,0.022563994
20760,56414,0.5232106
20761,73594,0.004340315
20762,95156,0.78131825
20763,4591,0.09962458
20764,24773,0.004326417
20765,71089,0.2622862
20766,68338,0.0017587844
20767,56443,0.6857675
20768,78867,0.25912815
20769,95456,0.5232106
20770,60932,0.029874334
20771,32360,0.6588724
20772,39840,0.02084303
20773,11666,0.9685034
20774,4549,0.7976046
20775,88134,0.2622862
20776,55505,0.7373063
20777,54755,0.13447009
20778,53975,0.13447009
20779,76133,0.0009938594
20780,6147,0.0112082455
20781,31516,0.0028299503
20782,9013,0.016873311
20783,100745,0.6843454
20784,25847,0.0004705332
20785,34077,0.004346945
20786,29646,0.0011538843
20787,28620,0.002920781
20788,109153,0.00066957343
20789,18623,0.6857675
20790,108867,0.37492988
20791,45323,0.45888868
20792,9633,0.057469666
20793,34334,0.022563875
20794,56900,0.00481278
20795,32541,0.011897027
20796,78282,0.008612103
20797,62697,0.040636003
20798,101063,0.025349155
20799,65105,0.002085475
20800,72310,0.78131825
20801,43852,0.12078799
20802,60260,8.352375e-05
20803,73334,0.59822583
20804,20237,0.56782615
20805,81658,0.06427912
20806,52124,0.12290087
20807,84774,0.003001191
20808,14562,0.000504203
20809,100444,0.004495058
20810,75385,0.00068423914
20811,63733,0.07818704
20812,39047,0.006782787
20813,103159,0.32676116
20814,60745,0.5232106
20815,72027,0.733664
20816,22691,0.2622862
20817,68773,0.0008344364
20818,35264,0.0023717778
20819,82776,0.34392092
20820,104068,0.24450037
20821,93535,0.45888868
20822,37976,0.00017944394
20823,82569,0.7478843
20824,5183,0.010516585
20825,16472,0.00078593515
20826,62165,0.0063297707
20827,72524,0.012632351
20828,37980,0.12035916
20829,104899,0.029618468
20830,66636,0.0014816201
20831,71142,0.0041407975
20832,80671,9.88119e-05
20833,13433,0.032669682
20834,97160,0.3089335
20835,74738,0.13447009
20836,2869,0.008247896
20837,100424,0.005937274
20838,32737,0.3089335
20839,68883,0.34392092
20840,82920,0.5026056
20841,1342,0.0018890486
20842,80335,0.12035916
20843,115254,0.44521296
20844,90301,0.027365971
20845,42143,0.008609648
20846,93358,0.55215096
20847,19309,0.13447009
20848,23145,0.26997432
20849,28112,0.0007706823
20850,109065,0.30090106
20851,66494,0.00037534538
20852,39150,0.0318747
20853,106879,1.6520864e-05
20854,49964,0.014681552
20855,460,0.0008154786
20856,28533,0.19652489
20857,47852,0.00046380193
20858,95275,0.73686934
20859,66368,0.019369384
20860,48493,0.0009557569
20861,27639,0.00030549918
20862,91902,0.008000716
20863,85978,0.7478843
20864,66737,0.0013131847
20865,886,0.05245499
20866,80085,0.0004786934
20867,81374,0.016235711
20868,85400,0.34392092
20869,10551,0.0018368879
20870,87411,0.014028212
20871,97026,0.77339363
20872,52328,0.0005152362
20873,72722,0.41613477
20874,91218,0.36867666
20875,76914,0.0070996373
20876,102585,0.0016244048
20877,85106,0.024206866
20878,76355,0.69228375
20879,84960,0.47754645
20880,11285,0.057469666
20881,94032,0.37862125
20882,60112,0.80727136
20883,80423,0.3788766
20884,42027,0.00030549918
20885,55585,0.0026591227
20886,23780,0.5628135
20887,47324,0.0003100407
20888,21577,0.7976046
20889,74910,0.098435715
20890,59566,0.0012223638
20891,31176,0.5232106
20892,28490,0.03599013
20893,58659,0.590359
20894,101197,0.10360869
20895,98404,0.20948003
20896,22023,0.0044738115
20897,47690,0.15288648
20898,82227,0.00053472037
20899,46769,0.59938043
20900,11189,0.17758909
20901,9580,0.008285374
20902,49172,0.59822583
20903,88179,0.34392092
20904,93293,0.73686934
20905,54411,0.027409334
20906,75563,0.0061339163
20907,11104,0.0029745332
20908,70084,0.7478843
20909,86066,0.4888416
20910,58534,0.032723106
20911,25173,0.19521376
20912,111241,0.0056175934
20913,115932,0.9743333
20914,39719,0.3089335
20915,95387,0.2622862
20916,37483,0.0018721197
20917,19017,0.0017253015
20918,112660,0.0006746154
20919,11156,0.0003367664
20920,8963,0.021937707
20921,62588,0.23309723
20922,19891,0.0010341933
20923,59705,0.83508563
20924,28473,0.0034862012
20925,53087,0.7976046
20926,47789,0.7270048
20927,14632,0.0005582011
20928,4250,0.0006949489
20929,89119,0.16114923
20930,47278,0.5628135
20931,86690,0.34392092
20932,92978,0.006026623
20933,14318,0.18376456
20934,23964,0.0008344364
20935,46837,0.5350702
20936,1974,0.015633564
20937,18709,0.008838628
20938,9869,0.0018368879
20939,68729,0.027365971
20940,103146,0.60899097
20941,21177,0.0038145971
20942,61616,0.00091414066
20943,34348,0.004272699
20944,14943,0.35388336
20945,16947,0.0011072916
20946,108478,0.30090106
20947,81815,0.78131825
20948,79639,0.001442015
20949,83839,0.13447009
20950,81460,0.027119404
20951,104419,0.45888868
20952,104311,0.58307195
20953,54633,0.0048549147
20954,78723,0.024206866
20955,91690,0.004340315
20956,12229,0.0010066493
20957,84344,0.023649527
20958,11959,0.009818205
20959,69181,0.027297145
20960,74635,7.1487084e-05
20961,52992,0.4201848
20962,78148,0.018387165
20963,61420,0.36867666
20964,64768,9.818841e-05
20965,112769,0.5232106
20966,11620,0.0714188
20967,64490,0.013659366
20968,46638,0.007402212
20969,20116,0.52379495
20970,7655,6.4503074e-05
20971,65538,0.00872611
20972,47917,0.16114923
20973,109518,0.009188496
20974,90425,0.34392092
20975,106696,0.0074168425
20976,107596,0.7891447
20977,56452,0.00481278
20978,85815,0.027119404
20979,11781,0.7976046
20980,32759,0.0006585989
20981,10190,0.7307767
20982,66562,0.2622862
20983,37907,0.03664784
20984,11452,0.0048087235
20985,94098,0.0064328555
20986,17935,0.0008344364
20987,31008,0.5730763
20988,108621,0.024206866
20989,42678,0.59938043
20990,115523,0.00035031833
20991,57949,0.5232106
20992,5691,0.017004477
20993,93349,0.4123848
20994,32185,0.01184075
20995,115248,0.24450037
20996,88905,0.04054585
20997,114698,0.5918634
20998,111939,0.75738317
20999,90339,0.34392092
21000,16538,0.0628029
21001,48158,0.0060033025
21002,35344,0.00525086
21003,102929,0.58307195
21004,79045,0.78131825
21005,58333,0.5232106
21006,44644,0.0011316885
21007,37156,0.12078799
21008,36643,0.0012783149
21009,43225,0.016867047
21010,76011,0.005330011
21011,65595,0.20503531
21012,31279,0.88769776
21013,38000,0.00029151927
21014,94878,0.0017712134
21015,2548,0.037781682
21016,98461,0.00128648
21017,112007,0.34392092
21018,1300,0.7307767
21019,47548,0.68328345
21020,95445,0.0701673
21021,10489,0.122320004
21022,77086,1.4622931e-05
21023,83648,0.005447102
21024,106111,0.0010283838
21025,81801,0.5026056
21026,82128,0.13447009
21027,72385,3.7703445e-05
21028,97965,0.0016774087
21029,68152,0.64412415
21030,69761,0.021318072
21031,44454,0.00082101923
21032,24550,0.040636003
21033,14840,0.0003961726
21034,115373,0.0003542043
21035,58806,0.13447009
21036,48508,0.4888416
21037,28289,0.34661445
21038,10385,0.008247896
21039,45532,0.0068548415
21040,54059,0.020963194
21041,8321,0.010516585
21042,87659,0.0012118708
21043,30577,0.007401518
21044,103624,0.010462878
21045,16520,0.0018149008
21046,71353,0.01962534
21047,63935,0.6323282
21048,24227,0.15320407
21049,79946,0.78131825
21050,87501,0.02203267
21051,31678,0.0006305294
21052,36593,0.0060033025
21053,110652,0.0042171516
21054,89033,0.0029410783
21055,6363,0.70994425
21056,21872,0.00898717
21057,107639,0.0014752067
21058,20701,0.21136047
21059,97376,0.0029114224
21060,51028,0.0028252755
21061,26010,0.00096811063
21062,50550,0.7976046
21063,35448,0.45888868
21064,8110,0.011746759
21065,42719,0.00016104596
21066,113283,0.24450037
21067,42051,0.024296407
21068,104179,0.27762106
21069,12231,0.0078094616
21070,13021,0.4888416
21071,96853,0.000913589
21072,101735,0.000913589
21073,6614,0.7841161
21074,77376,0.30090106
21075,33454,0.0023733126
21076,109870,0.58307195
21077,8637,0.057469666
21078,303,0.4985085
21079,24809,0.00067659625
21080,84557,0.5026056
21081,105712,0.39742365
21082,13398,0.01256347
21083,62287,0.5232106
21084,38171,0.0004705332
21085,87250,0.34392092
21086,97685,0.00021333131
21087,94786,0.7478843
21088,104970,0.4123848
21089,46189,0.00037149663
21090,47253,0.0012159809
21091,12723,0.090871304
21092,73164,0.34392092
21093,6091,0.0031472223
21094,57876,0.7478843
21095,7528,0.008247896
21096,1287,0.4835136
21097,10867,0.26776734
21098,22096,0.37492988
21099,64403,0.2622862
21100,114882,0.0010011981
21101,59948,0.117545865
21102,110863,0.0074982257
21103,4353,0.05336086
21104,46849,0.02084303
21105,61824,0.78131825
21106,3635,0.25203338
21107,25519,0.011897027
21108,5230,0.003444817
21109,65491,0.020689502
21110,83735,0.008121043
21111,46416,0.45888868
21112,110969,0.8289522
21113,31353,0.0006517022
21114,78503,0.12290087
21115,51323,0.12290087
21116,44518,0.19521376
21117,33974,0.0010066493
21118,22236,0.0006187803
21119,107672,0.18376456
21120,37984,0.000106903455
21121,31650,0.12035916
21122,111271,0.0078094616
21123,77481,0.020963194
21124,16548,0.3089335
21125,86686,0.024206866
21126,64965,0.6641874
21127,70811,0.0011214612
21128,10077,0.16832803
21129,26189,0.023604263
21130,71623,0.34392092
21131,40887,0.0001175281
21132,43009,0.00090780616
21133,74977,0.74465847
21134,21630,0.014490051
21135,94618,0.0011986113
21136,3219,0.4835136
21137,56316,0.6027404
21138,15244,0.033714566
21139,28173,0.009818205
21140,89347,0.0078094616
21141,58306,0.12035916
21142,25016,0.0050845216
21143,95617,0.00036741368
21144,39002,0.032317188
21145,56307,0.006418149
21146,30647,0.008285374
21147,16883,0.0059005176
21148,86784,0.65394056
21149,113771,0.007797746
21150,59134,0.12290087
21151,11564,0.001527501
21152,11328,0.59703815
21153,77896,0.4201848
21154,27058,0.0060033025
21155,17177,0.002333467
21156,5472,0.69796836
21157,69482,0.024206866
21158,18521,0.007884927
21159,56391,0.5232106
21160,60898,0.000106841
21161,93949,0.0017712134
21162,22646,0.0007309706
21163,113592,0.7378498
21164,14014,0.0006159542
21165,40169,0.56782615
21166,43823,0.5026056
21167,42608,0.0069380403
21168,40351,0.59938043
21169,39266,0.016867047
21170,76452,3.5314097e-05
21171,18332,0.56782615
21172,71515,0.34392092
21173,72873,0.0010396191
21174,59935,0.27559015
21175,11087,0.028720004
21176,75580,0.0005260863
21177,104682,0.028340075
21178,30238,0.12035916
21179,77480,0.13447009
21180,67894,0.0029114224
21181,31745,0.0004705332
21182,103251,0.024206866
21183,16668,0.5611369
21184,106798,0.00071699003
21185,84815,0.34392092
21186,72002,0.34392092
21187,95212,0.6843454
21188,70548,0.4888416
21189,42436,0.5026056
21190,5107,0.00011147639
21191,88511,0.0060891556
21192,72945,0.0017587844
21193,17186,0.00022582184
21194,96367,0.18376456
21195,80345,0.8819471
21196,29936,0.00046380193
21197,55528,0.47754645
21198,84531,0.024206866
21199,32857,0.6022919
21200,105659,0.20503531
21201,81138,0.13447009
21202,14873,0.2355297
21203,108430,0.12275081
21204,59206,0.78131825
21205,78730,0.37492988
21206,4125,0.097182274
21207,36702,0.007402212
21208,52144,0.0069748308
21209,98478,0.009946336
21210,42323,0.003932758
21211,115068,0.8057262
21212,87486,0.4888416
21213,104045,0.528339
21214,1745,0.42581627
21215,45327,0.03599013
21216,27115,0.8044119
21217,102262,0.003571135
21218,58848,0.0004745771
21219,14890,0.00010239179
21220,47162,0.0021296416
21221,15823,0.07004065
21222,107682,0.024206866
21223,7901,0.0039436966
21224,108811,0.03083025
21225,80252,0.004340315
21226,40227,0.8588091
21227,110986,0.026807988
21228,7442,0.020819912
21229,105293,0.0029102254
21230,59162,0.3089335
21231,12757,0.4888416
21232,36001,0.5232106
21233,16166,0.37963933
21234,75033,0.47754645
21235,95300,6.328476e-05
21236,9687,0.008247896
21237,1053,0.0062386924
21238,112979,0.03621409
21239,85772,0.000119080345
21240,35148,0.99628204
21241,93331,0.56749433
21242,57452,0.27559015
21243,45832,0.016867047
21244,90548,0.56749433
21245,26312,0.011161709
21246,101719,0.0049849157
21247,94780,0.0069380403
21248,48187,0.066463105
21249,11393,0.0039436966
21250,23575,8.9811045e-05
21251,107208,0.04175559
21252,17246,0.26997432
21253,113682,0.002926548
21254,68785,0.7478843
21255,112815,0.041965593
21256,111036,0.2916034
21257,63925,0.01451028
21258,12250,0.13447009
21259,110473,0.0076214587
21260,96904,0.34392092
21261,18256,0.009927506
21262,55121,0.0120466435
21263,60444,0.024206866
21264,85981,0.0006669299
21265,65794,0.012725955
21266,95142,0.5232106
21267,11698,0.01610882
21268,12377,0.0059521776
21269,55861,0.5730763
21270,13106,0.04985191
21271,105710,0.00032184285
21272,15014,0.0022433246
21273,42884,0.02084303
21274,115179,0.001763557
21275,43442,0.02084303
21276,5689,0.031754304
21277,23864,0.15288648
21278,41479,0.012533478
21279,88175,0.7478843
21280,115442,0.8289522
21281,19222,0.4888416
21282,10357,0.0077516995
21283,55756,0.0018293434
21284,19725,0.0028299503
21285,8978,0.004898149
21286,76677,0.34392092
21287,76457,0.00033621478
21288,107401,0.8097321
21289,112191,0.00083248236
21290,86349,0.12290087
21291,65243,0.0055639353
21292,37168,0.6022919
21293,113774,0.24450037
21294,15531,0.23309723
21295,25272,0.000913589
21296,1406,0.057469305
21297,51027,0.00044433755
21298,72381,0.98805773
21299,14476,0.0011072916
21300,48011,0.105913065
21301,112557,0.0002515005
21302,20666,0.007402212
21303,53921,0.4888416
21304,66812,0.12035916
21305,55267,0.00028180212
21306,62760,0.6857675
21307,95946,0.50293183
21308,892,0.047942977
21309,110994,0.00010826067
21310,79521,0.15301956
21311,115260,0.5232106
21312,89625,0.24727283
21313,107553,0.0019460088
21314,109174,0.4201848
21315,83820,0.30090106
21316,70384,0.12290087
21317,54903,0.2622862
21318,39945,0.12078799
21319,106685,0.020374158
21320,44043,0.12035916
21321,55115,0.5232106
21322,15293,0.303321
21323,82002,0.00069648615
21324,91648,0.024206866
21325,29614,0.3089335
21326,59920,0.5628135
21327,45517,0.5026056
21328,99868,0.07850802
21329,57184,0.0069380403
21330,102768,0.5730763
21331,65242,0.029874334
21332,47860,0.1370344
21333,90662,0.63034135
21334,48938,0.040636003
21335,80678,0.13447009
21336,106473,0.0060930443
21337,64304,0.00039242842
21338,89876,0.5232106
21339,79126,0.24450037
21340,99417,0.0078094616
21341,45618,0.2170439
21342,94257,0.3089335
21343,36839,0.638665
21344,75086,0.098435715
21345,21998,0.0075326078
21346,68943,0.12275081
21347,29722,0.75738317
21348,35858,0.5232106
21349,6989,0.0050332136
21350,35202,0.4888416
21351,10008,0.0017348661
21352,5801,0.040942192
21353,73788,0.0017587844
21354,22555,0.0049902825
21355,100386,0.009462972
21356,103007,0.7791045
21357,26962,0.0011115712
21358,60495,0.13447009
21359,115694,0.0008339817
21360,53372,0.004568258
21361,62472,0.4888416
21362,58425,0.82937336
21363,45773,0.041428864
21364,48300,0.00030549918
21365,75198,0.027119404
21366,13709,0.12035916
21367,4594,0.69796836
21368,56071,0.5232106
21369,92046,0.78131825
21370,79686,0.0002843902
21371,48516,0.0069380403
21372,12378,0.0008344364
21373,82853,0.024206866
21374,106041,0.0014080327
21375,40668,0.006758071
21376,50514,0.0009942529
21377,34861,0.82937336
21378,24333,0.42581627
21379,68696,0.0013401277
21380,72644,0.13447009
21381,62340,0.0072625442
21382,6380,0.00066286547
21383,108056,0.013629224
21384,97830,0.20948003
21385,106691,0.001749029
21386,93991,0.14427938
21387,71612,0.0017587844
21388,11144,0.00028520642
21389,88309,0.011778448
21390,61304,0.5346374
21391,60085,0.015038574
21392,76288,0.58733064
21393,39039,0.04945419
21394,114264,0.24450037
21395,22669,0.0038687643
21396,8478,0.075739965
21397,107771,0.0007746052
21398,78597,0.34392092
21399,49197,0.36316264
21400,9960,0.4568756
21401,106044,0.036271784
21402,72414,0.34392092
21403,81667,0.07818704
21404,10152,0.0077516995
21405,94323,0.7478843
21406,72298,0.3089335
21407,18774,0.009927506
21408,113061,0.009188496
21409,105409,0.06428697
21410,106735,0.0007692355
21411,48480,0.15288648
21412,80324,0.020912925
21413,8300,0.0034652818
21414,107642,0.00035689338
21415,47748,0.6857675
21416,32080,0.12035916
21417,80550,0.0029114224
21418,108349,0.0006904257
21419,80735,0.032669682
21420,101471,0.029874334
21421,19801,1.0604255e-05
21422,49039,0.4888416
21423,19226,0.007402212
21424,112177,0.006900122
21425,15268,0.08347233
21426,115219,0.004346945
21427,31615,0.009354052
21428,115288,0.5232106
21429,113319,0.06562725
21430,48831,0.5232106
21431,92122,0.34054893
21432,31194,0.554042
21433,55248,0.002575194
21434,86531,0.26649776
21435,111584,0.00020332962
21436,105388,0.3089335
21437,42150,0.0014288191
21438,24423,0.0041407975
21439,67730,0.019869313
21440,108743,0.006684573
21441,89805,0.010137472
21442,7585,0.028720004
21443,39928,0.00035790278
21444,98402,0.30952272
21445,54499,0.12290087
21446,2313,0.1714914
21447,52284,0.0060033025
21448,44886,0.4832058
21449,98236,0.0040910216
21450,100366,0.56749433
21451,98672,0.53350335
21452,85163,0.4888416
21453,2337,0.04117598
21454,24488,0.0078094616
21455,24714,0.016388483
21456,88930,0.030336639
21457,106870,0.024206866
21458,58322,0.733664
21459,67958,0.590359
21460,63757,0.0069380403
21461,71830,0.0055639353
21462,18145,0.00012795925
21463,28372,0.00019067076
21464,45281,0.00028159664
21465,15448,0.0008344364
21466,90623,0.54512984
21467,113485,0.0057327193
21468,17330,0.44521296
21469,16042,0.0008344364
21470,37469,0.0008565802
21471,9405,0.12845747
21472,19659,0.66882885
21473,97078,0.8819471
21474,7458,0.008314056
21475,93162,0.13447009
21476,13637,0.090871304
21477,75725,0.2622862
21478,73961,0.0028837973
21479,55315,0.000117339405
21480,5049,0.0077516995
21481,66142,0.0010824688
21482,111168,0.0010656539
21483,80093,0.7478843
21484,48890,0.002777642
21485,103277,0.0078094616
21486,97751,0.58307195
21487,32521,0.0018239121
21488,62599,0.00030549918
21489,27510,0.007401518
21490,67738,0.34392092
21491,50695,0.5232106
21492,10224,0.008247896
21493,83500,0.34661445
21494,95884,0.55215096
21495,24165,0.12078799
21496,102748,0.7478843
21497,26439,0.36867666
21498,16639,0.0069380403
21499,90356,0.590359
21500,53287,0.000802978
21501,101569,0.528339
21502,102664,0.73686934
21503,48099,0.78131825
21504,30486,0.5232106
21505,4969,0.029487636
21506,72684,0.4201848
21507,67329,0.34392092
21508,96713,0.00030549918
21509,101145,0.04834172
21510,26006,0.00053997996
21511,11026,0.057469666
21512,43787,0.011897027
21513,109,0.057469666
21514,88605,0.21136047
21515,12259,0.8731015
21516,111144,0.0016173712
21517,94112,0.46006948
21518,85281,0.033338454
21519,87598,0.21136047
21520,19393,0.0016212096
21521,111392,0.0049849157
21522,11304,0.025228934
21523,8537,0.005904751
21524,42365,0.027119404
21525,12322,0.00044085836
21526,28857,0.0048293485
21527,66594,0.0064328555
21528,103973,0.000838853
21529,77637,0.59822583
21530,54172,0.0020318106
21531,16062,0.0011072916
21532,86055,0.0052036727
21533,36006,0.007402212
21534,101622,0.00088362664
21535,8032,0.01599841
21536,105475,0.0003799483
21537,112426,0.63034135
21538,105414,0.87863064
21539,53396,0.66443765
21540,40130,0.0024529102
21541,77691,0.00025579636
21542,16672,0.003166065
21543,98969,0.009462972
21544,78652,0.016388483
21545,89245,0.0029114224
21546,8430,0.008247896
21547,111278,0.12290087
21548,34020,0.007402212
21549,29647,0.015142322
21550,77394,0.5232106
21551,95110,0.006758071
21552,96632,9.996158e-05
21553,55860,0.59822583
21554,13679,0.00021578229
21555,67499,0.018676624
21556,31901,0.045637816
21557,78198,0.024206866
21558,14627,0.5628135
21559,5307,0.057469305
21560,24628,0.15288648
21561,57964,0.27559015
21562,78599,0.07818704
21563,48206,0.74465847
21564,14829,0.1890358
21565,75730,0.06427912
21566,109741,0.7378498
21567,87191,0.004346945
21568,46965,0.0017995139
21569,99554,0.34392092
21570,44486,0.00049048604
21571,87028,0.027119404
21572,98097,0.13447009
21573,96677,0.0022208928
21574,18188,0.00035871012
21575,80776,0.024206866
21576,43083,0.011897027
21577,32969,0.9788325
21578,24233,0.031496275
21579,39890,7.514344e-05
21580,72863,0.16114923
21581,112884,0.71801543
21582,72703,0.34392092
21583,41672,0.80925137
21584,61488,0.5346374
21585,51456,0.005540422
21586,73907,0.97177225
21587,112189,0.12290087
21588,60067,0.006418149
21589,87439,0.34392092
21590,77348,0.3089335
21591,66729,0.029874334
21592,93660,0.0069380403
21593,38974,0.37492988
21594,95138,0.13447009
21595,64421,0.029874334
21596,107679,0.58307195
21597,44601,0.69238746
21598,101448,0.024206866
21599,41829,0.0014080327
21600,17766,0.009462972
21601,104671,0.2181275
21602,34533,0.003172428
21603,80720,0.024206866
21604,12582,0.0007746052
21605,32289,0.00028159664
21606,38149,0.0008344364
21607,107889,0.24450037
21608,34693,0.36316264
21609,15213,2.7561935e-05
21610,15479,0.01962534
21611,88186,0.024206866
21612,24986,0.0013228455
21613,88497,2.9345549e-05
21614,109737,0.009188496
21615,102650,0.17803943
21616,31780,0.2622862
21617,104082,0.12290087
21618,96549,0.00020047896
21619,112889,0.004340315
21620,55182,0.5232106
21621,97038,0.029874334
21622,19595,0.0002148953
21623,28559,0.7424075
21624,32522,0.005738544
21625,1024,0.017304618
21626,73765,0.34392092
21627,32336,0.00034813795
21628,105983,0.98369354
21629,59430,0.42581627
21630,114187,0.007859644
21631,20122,0.007859644
21632,66778,0.0005267893
21633,68498,6.91798e-05
21634,102153,0.30090106
21635,4750,0.021937707
21636,2612,0.5730763
21637,37149,0.0006187803
21638,89332,0.029874334
21639,85986,0.0049902825
21640,58923,0.23309723
21641,88720,0.0006385582
21642,69102,0.004665993
21643,64778,0.12035916
21644,108197,0.98369354
21645,16011,0.0078094616
21646,67771,0.34392092
21647,62964,0.011897027
21648,54721,0.12290087
21649,9090,0.08668717
21650,96950,0.007927164
21651,112638,0.8950832
21652,47797,0.8591475
21653,88563,0.024206866
21654,14755,0.018307386
21655,76756,0.71321934
21656,114131,0.03502317
21657,63544,0.0069380403
21658,45506,3.5865232e-05
21659,33711,0.9697248
21660,57305,0.015939148
21661,71306,0.0011214612
21662,47261,0.0008344364
21663,64454,0.00067848817
21664,49011,0.59822583
21665,31714,0.00066957343
21666,82737,6.865692e-05
21667,38474,0.008285374
21668,60229,0.49183017
21669,39402,0.00028856297
21670,87025,0.08847838
21671,10726,0.55002826
21672,32574,0.011897027
21673,98105,0.0012035748
21674,50081,0.5232106
21675,104043,0.004802589
21676,97622,0.09033162
21677,93278,0.6843454
21678,94265,9.9227545e-05
21679,26252,0.001442015
21680,17349,0.40950078
21681,54775,0.010776534
21682,22431,0.2170439
21683,83542,0.40678856
21684,61089,0.07818704
21685,12819,0.0066981884
21686,32247,0.60335207
21687,91652,0.20503531
21688,79055,0.28686333
21689,114869,0.34661445
21690,58068,0.0078094616
21691,24091,0.012632351
21692,85136,0.45888868
21693,101372,0.8819471
21694,8011,0.64825314
21695,28213,0.011897027
21696,42956,0.00032711803
21697,28218,0.19521376
21698,78837,0.061298724
21699,111007,0.024206866
21700,48995,0.5232106
21701,109709,0.0023225306
21702,94168,0.6843454
21703,36324,0.5232106
21704,30366,0.008135748
21705,49444,0.4888416
21706,5501,0.7798892
21707,5943,0.13088621
21708,85936,0.043337844
21709,57231,0.82937336
21710,42626,0.0041247658
21711,27936,0.0004705332
21712,4765,0.05336086
21713,100622,0.001163373
21714,74824,0.47754645
21715,52067,0.6477684
21716,32126,0.6323282
21717,113593,0.7378498
21718,103360,0.00023414096
21719,23400,0.26126727
21720,12255,0.82937336
21721,71325,0.001478002
21722,28171,0.07021838
21723,29224,0.0075086835
21724,113301,0.5075232
21725,75063,0.00050175027
21726,38957,0.007402212
21727,70998,0.78131825
21728,113128,0.5232106
21729,92527,0.028396439
21730,111545,0.11731413
21731,83340,0.010210467
21732,73261,0.34392092
21733,28980,0.5232106
21734,9494,0.0069171013
21735,85071,0.00021708237
21736,73890,0.8591475
21737,54125,0.000913589
21738,30630,0.59938043
21739,3506,0.4835136
21740,91173,0.009085775
21741,85889,0.36867666
21742,60802,0.0114153195
21743,98871,0.34392092
21744,91106,0.012206747
21745,49558,0.47754645
21746,15260,0.0011072916
21747,57186,9.2740804e-05
21748,83863,0.00014194782
21749,104148,0.60899097
21750,59842,0.45888868
21751,78307,0.0034497266
21752,65574,0.51646364
21753,72040,0.0069380403
21754,100260,0.32676116
21755,44574,0.02084303
21756,39352,0.02084303
21757,36517,0.4888416
21758,29113,0.5232106
21759,49206,0.7976046
21760,92206,0.0028299503
21761,26376,0.19521376
21762,101547,0.54713255
21763,61275,0.5346374
21764,34479,0.005572474
21765,92386,0.006026623
21766,113872,0.37492988
21767,6053,0.017065862
21768,103594,0.1508694
21769,54644,0.004102512
21770,83623,0.01697225
21771,19416,0.0010137792
21772,11310,0.010516585
21773,61395,0.033028502
21774,8910,0.98815817
21775,86893,0.46006948
21776,94969,0.52379495
21777,40863,0.6857675
21778,1553,0.0008344364
21779,53391,0.0049902825
21780,12482,0.0039436966
21781,47576,0.47754645
21782,1592,0.13447009
21783,104185,0.0005076588
21784,45015,0.5122713
21785,99383,0.024206866
21786,96474,0.0052681984
21787,9474,0.44851086
21788,91182,0.000913589
21789,91325,0.024206866
21790,10608,0.011053103
21791,74083,0.78131825
21792,81091,0.0003401672
21793,10135,0.0004995241
21794,16537,0.5611369
21795,16795,0.0004799254
21796,55239,0.36867666
21797,103300,0.58307195
21798,91010,0.34392092
21799,101128,0.019679453
21800,61544,0.15288648
21801,89577,0.21358801
21802,70368,0.0069380403
21803,26398,0.07765219
21804,55017,0.59938043
21805,81225,0.7976046
21806,20894,0.20503531
21807,24491,0.011897027
21808,75019,0.024206866
21809,94711,0.3089335
21810,61326,0.00082101923
21811,9253,0.013822098
21812,31875,0.011897027
21813,4152,0.019241843
21814,79240,0.54713255
21815,48085,0.021318072
21816,54654,0.0013105883
21817,58699,0.387418
21818,76504,0.13447009
21819,10717,0.023663448
21820,63994,0.0014080327
21821,37486,0.0015655839
21822,61698,0.02484052
21823,5213,0.69796836
21824,79626,0.5026056
21825,6718,0.0039436966
21826,2503,0.59703815
21827,33485,0.0008344364
21828,56376,0.02484052
21829,99679,0.60409665
21830,36748,0.00096970994
21831,43003,0.007402212
21832,30365,0.01962534
21833,108277,0.24450037
21834,29879,0.00014473232
21835,71338,0.6857675
21836,103406,0.004687352
21837,51919,0.4888416
21838,110964,0.032572266
21839,108674,0.12290087
21840,8908,0.85631025
21841,22501,7.45057e-05
21842,78865,0.00027386393
21843,33157,0.00041502962
21844,95258,0.16114923
21845,16824,0.44521296
21846,47753,0.031496275
21847,110812,0.6560458
21848,1575,0.00029490932
21849,58727,0.6857675
21850,72590,0.0278131
21851,65507,0.0007746052
21852,11259,0.010521542
21853,115025,0.5442662
21854,41957,0.88018847
21855,20723,0.030121073
21856,28749,0.5730763
21857,27207,0.0049902825
21858,21830,0.63034135
21859,98507,0.007095827
21860,2364,0.25203338
21861,4318,0.766975
21862,15827,0.02484052
21863,40514,0.0011216123
21864,7476,0.0070334417
21865,42722,0.007402212
21866,113016,0.07724256
21867,25906,0.00086713035
21868,22776,0.2622862
21869,99283,0.13447009
21870,83666,0.81378096
21871,101848,0.8819471
21872,111713,0.00018443569
21873,94595,0.056111116
21874,78605,0.023280678
21875,25818,0.12290087
21876,80159,0.006758071
21877,89195,0.34392092
21878,100104,0.56749433
21879,10009,0.0018368879
21880,47861,0.004346945
21881,30182,0.56782615
21882,50292,0.008167427
21883,68410,0.7478843
21884,6506,0.03200804
21885,10956,0.98041224
21886,42053,0.0008053404
21887,103003,0.024206866
21888,90796,0.009462972
21889,9636,0.023309493
21890,96295,0.4123848
21891,87107,0.00022355698
21892,66549,0.0055639353
21893,7963,0.05336086
21894,42407,0.015979474
21895,114666,0.0010011981
21896,102661,0.0060033025
21897,87231,0.7009889
21898,98012,0.87863064
21899,76379,0.71321934
21900,62188,3.633941e-05
21901,85476,0.13447009
21902,44854,0.12035916
21903,106186,0.0023519807
21904,53845,0.7915935
21905,101332,0.024206866
21906,101695,0.012206747
21907,22035,0.20503531
21908,3178,0.008972212
21909,57448,0.024206866
21910,89581,0.70819384
21911,78650,0.018387165
21912,32464,0.5232106
21913,20127,0.2170439
21914,107609,0.4123848
21915,85778,0.13447009
21916,102854,0.25912815
21917,83852,7.785017e-05
21918,6998,0.69796836
21919,82811,0.0029114224
21920,69753,0.2170439
21921,659,0.058168147
21922,25024,0.0005450462
21923,92194,0.20503531
21924,109894,0.24450037
21925,63750,0.0069380403
21926,48901,0.0011072916
21927,3387,0.0056358688
21928,5987,0.0039436966
21929,43153,0.23309723
21930,66904,0.2268442
21931,35980,0.25912815
21932,7945,0.02338934
21933,96439,0.87863064
21934,103860,0.0801381
21935,95124,0.002760779
21936,107588,0.0010066493
21937,113428,0.6022919
21938,26808,0.19521376
21939,67965,0.34392092
21940,83048,0.5026056
21941,112260,0.24450037
21942,115676,0.009188496
21943,15425,0.59938043
21944,6338,0.008018386
21945,115513,0.5232106
21946,26593,0.033028502
21947,102460,0.12290087
21948,82366,0.010210467
21949,83918,0.029874334
21950,14964,0.40678856
21951,54995,0.5730763
21952,65683,0.012248484
21953,12301,0.12035916
21954,73448,0.6862951
21955,54273,0.20948003
21956,4059,0.5920002
21957,43932,0.0070359865
21958,27245,0.5730763
21959,25299,0.0060033025
21960,45960,0.021325976
21961,16479,0.59917617
21962,28792,0.45253184
21963,51875,0.5232106
21964,73112,0.024206866
21965,111107,0.58307195
21966,95691,0.73020315
21967,110124,0.024206866
21968,63923,0.0025636542
21969,54388,0.6857675
21970,4617,0.09333572
21971,113299,0.0004371739
21972,83213,0.643951
21973,39339,0.12078799
21974,29984,0.5232106
21975,104112,0.2622862
21976,17658,5.2783136e-05
21977,546,0.59822583
21978,93471,0.00019370051
21979,49050,0.6857675
21980,10659,0.008247896
21981,38633,0.12290087
21982,46373,0.00017276073
21983,74915,0.032669682
21984,23200,0.0075326078
21985,74591,0.12290087
21986,101583,0.11731413
21987,78532,0.105913065
21988,32941,0.34661445
21989,75275,0.00013751989
21990,113920,0.32676116
21991,44313,0.0006187803
21992,94732,0.32597795
21993,105500,0.0278131
21994,31513,0.009354052
21995,2340,0.010516585
21996,96391,0.40678856
21997,111502,0.009188496
21998,5818,0.7307767
21999,27239,0.2622862
22000,99640,0.56749433
22001,34699,0.004346945
22002,104947,0.47754645
22003,60448,0.13447009
22004,35206,0.5232106
22005,49657,0.007402212
22006,2009,0.6569232
22007,30751,0.3089335
22008,27048,0.6857675
22009,93740,0.13447009
22010,88744,0.0041407975
22011,47119,0.0009936596
22012,99327,0.005187968
22013,50615,0.5730763
22014,86102,0.00047431843
22015,106595,0.0018721197
22016,112928,0.01137308
22017,109893,0.0069380403
22018,2674,0.0056358688
22019,87151,0.12035916
22020,60238,0.3089335
22021,17575,0.054573994
22022,51769,0.7976046
22023,68289,0.4365949
22024,54504,0.003932758
22025,26618,0.00066957343
22026,5711,0.59703815
22027,46779,0.19521376
22028,16270,0.0008344364
22029,67911,0.0023717778
22030,91869,0.87863064
22031,103631,0.75738317
22032,69273,0.13447009
22033,434,0.84811413
22034,67603,0.12275081
22035,83553,0.82937336
22036,44585,0.0008344364
22037,31122,0.0078094616
22038,106439,0.024206866
22039,11263,0.0648613
22040,85976,0.00021956176
22041,74191,0.13447009
22042,84178,0.029874334
22043,22740,0.0002148953
22044,80672,0.7478843
22045,23336,0.12078799
22046,112625,0.009188496
22047,46472,0.00013794305
22048,26122,0.0006923985
22049,29621,0.0011564024
22050,59847,0.5232106
22051,80331,0.0007027541
22052,1457,0.016388483
22053,100196,0.5075232
22054,3914,0.010516585
22055,103708,0.00415249
22056,19636,0.0036445893
22057,87060,0.3089335
22058,51570,0.020963194
22059,63819,0.47754645
22060,33562,5.9502083e-05
22061,83635,0.59938043
22062,50800,0.98761976
22063,26718,0.19652489
22064,15058,0.0072368905
22065,88735,0.029118236
22066,66598,0.0010066493
22067,63829,0.12035916
22068,30555,0.12290087
22069,90361,0.13447009
22070,106175,4.0705327e-05
22071,98852,0.56749433
22072,12976,0.0009885154
22073,37731,0.74854356
22074,77598,0.3089335
22075,40264,0.029874334
22076,89219,0.0008423654
22077,489,0.009927506
22078,48335,0.04175559
22079,26175,0.0008344364
22080,45182,0.007402212
22081,26820,0.59822583
22082,10944,0.006709403
22083,110287,0.2181275
22084,3054,0.010516585
22085,100689,0.8819471
22086,58127,0.2622862
22087,38495,0.0008344364
22088,45472,0.19521376
22089,17297,0.87683624
22090,13789,0.59822583
22091,107372,0.0022830735
22092,47877,0.027119404
22093,50367,9.544194e-05
22094,60756,0.78760415
22095,5480,0.010516585
22096,55498,0.004873621
22097,53920,0.4888416
22098,89773,0.78131825
22099,19860,0.00029809654
22100,10776,0.008247896
22101,111685,0.5232106
22102,53133,0.00019162342
22103,83774,0.4201848
22104,47329,0.42249477
22105,25661,0.40678856
22106,86884,0.021063577
22107,18620,0.5611369
22108,73337,0.0044764136
22109,9964,0.0012094491
22110,35151,0.51769406
22111,32071,0.004346945
22112,76938,0.0026128625
22113,53587,0.0018973589
22114,39075,0.0012560334
22115,56968,0.0023717778
22116,57697,0.029874334
22117,13396,4.5266752e-05
22118,20080,0.3089335
22119,107690,0.0801381
22120,43707,0.0137327975
22121,60763,0.3089335
22122,93264,0.004290562
22123,90448,0.018260175
22124,112967,0.65394056
22125,101064,0.031164318
22126,14426,0.0015527081
22127,114434,0.638665
22128,23412,0.3089335
22129,65898,0.012725955
22130,63307,0.004520267
22131,78759,0.00037282266
22132,87271,0.00846532
22133,111462,0.00415249
22134,76498,0.34661445
22135,36036,0.23309723
22136,105962,0.75738317
22137,44984,0.14126846
22138,108364,0.0029114224
22139,32786,0.99405295
22140,83478,0.6027404
22141,30059,0.2170439
22142,115918,0.00015306973
22143,97291,0.012206747
22144,102578,0.71801543
22145,6146,0.0112082455
22146,85683,0.0029114224
22147,10833,0.0133242
22148,27138,0.0006517022
22149,63885,0.00079126155
22150,67760,0.0013326705
22151,46061,0.004615869
22152,86673,0.000913589
22153,41240,0.6857675
22154,64928,0.014305711
22155,95584,0.8819471
22156,55073,0.0026369598
22157,11624,0.0018368879
22158,16888,0.00028159664
22159,39845,0.638665
22160,37284,0.0065295263
22161,82400,0.029874334
22162,33488,0.8057262
22163,939,0.07818704
22164,31382,9.1698035e-05
22165,77135,0.029551594
22166,76157,0.02484052
22167,15067,0.7976046
22168,72867,0.45888868
22169,99953,0.00215505
22170,29805,0.011809721
22171,82223,0.4888416
22172,22655,0.02084303
22173,114101,0.024206866
22174,94476,0.643951
22175,38869,0.055746336
22176,15711,0.006900122
22177,65636,0.012725955
22178,31841,0.0006517022
22179,76703,0.0059880847
22180,97829,0.012206747
22181,62725,0.000386351
22182,54367,0.0060033025
22183,64252,0.004391144
22184,71853,0.0060033025
22185,19461,0.4985085
22186,11619,0.035152957
22187,90410,0.07818704
22188,25714,0.0004705332
22189,100072,0.0278131
22190,65693,0.12290087
22191,55529,0.0031056437
22192,26901,0.0005152362
22193,4422,0.766975
22194,865,0.6857675
22195,55236,0.0069380403
22196,65086,0.34661445
22197,25472,0.015038574
22198,37957,0.23309723
22199,7613,0.69796836
22200,56122,0.05298341
22201,17925,0.0018100429
22202,100425,0.58307195
22203,87507,0.0055490695
22204,79753,0.13447009
22205,14004,0.01451028
22206,64738,0.12035916
22207,101553,0.14503695
22208,22360,0.7976046
22209,108362,0.009188496
22210,110862,0.25912815
22211,104142,0.0049902825
22212,96451,0.7478843
22213,86014,0.733664
22214,112507,0.072692804
22215,84160,0.0017587844
22216,32182,1.7710288e-05
22217,95537,0.20630145
22218,7266,0.0050332136
22219,3619,0.008972212
22220,47630,0.0028219686
22221,14654,0.009927506
22222,17554,0.4985085
22223,110822,0.34392092
22224,114857,0.004346945
22225,51762,0.12290087
22226,73562,0.18376456
22227,67796,0.5628135
22228,39803,0.007402212
22229,110115,0.0027682853
22230,25115,0.12078799
22231,1922,0.7025311
22232,84994,0.24450037
22233,98183,0.0002817105
22234,41044,0.36316264
22235,34775,0.766975
22236,111845,0.8044119
22237,65489,0.0013203154
22238,81963,0.011776271
22239,48567,0.0009674592
22240,77792,0.0005205356
22241,41215,0.0011072916
22242,111210,0.024206866
22243,24778,0.12078799
22244,45022,0.016867047
22245,60398,0.0010922602
22246,53482,0.6857675
22247,21923,0.015702382
22248,77196,0.47754645
22249,108256,0.12290087
22250,45969,1.3542175e-05
22251,109276,0.8301858
22252,36436,0.5232106
22253,77366,0.006758071
22254,71822,0.34392092
22255,105724,0.58307195
22256,69709,0.04360758
22257,18630,0.009560555
22258,28001,0.6022919
22259,32184,0.12035916
22260,8036,0.057469666
22261,44596,0.6477684
22262,40378,0.00050520775
22263,101001,0.00018146324
22264,17757,0.26386112
22265,65360,0.0010614627
22266,41290,0.0049902825
22267,105480,0.000500609
22268,7241,0.028720004
22269,49184,0.03664784
22270,24520,0.7373063
22271,31660,0.6022919
22272,97557,0.007859644
22273,61364,0.01408992
22274,40049,0.0050005405
22275,97473,0.8819471
22276,98703,0.12035916
22277,75956,0.67513126
22278,102025,0.031164318
22279,12563,0.003194807
22280,63084,0.0079947645
22281,33211,0.71340895
22282,20442,0.007859644
22283,62502,0.011897027
22284,52714,0.024206866
22285,96262,0.029874334
22286,28130,0.0007994225
22287,50295,0.5232106
22288,93099,0.29005745
22289,29329,0.37492988
22290,48280,0.03664784
22291,82664,0.00938341
22292,82974,0.25912815
22293,10114,0.0648613
22294,1859,0.047942977
22295,8392,0.016935335
22296,58963,0.5628135
22297,29455,0.37492988
22298,9,0.7798892
22299,102001,0.014864611
22300,21216,0.040636003
22301,23847,0.12078799
22302,103749,0.0014080327
22303,115928,0.032657478
22304,44217,0.12078799
22305,86374,0.30090106
22306,35841,0.0002883875
22307,54901,0.5232106
22308,52797,0.00481278
22309,43871,0.638665
22310,74015,0.024206866
22311,39977,0.007402212
22312,86824,0.74476933
22313,54803,0.20948003
22314,97548,0.13447009
22315,20041,0.0078094616
22316,113434,0.07818704
22317,100481,0.00063409074
22318,24918,0.12078799
22319,111118,0.7378498
22320,32594,0.0078094616
22321,84583,0.0018904355
22322,96035,0.58307195
22323,114175,0.51646364
22324,52971,0.023633588
22325,89263,0.56749433
22326,97260,0.023620822
22327,33849,0.019543922
22328,92109,0.16114923
22329,95038,0.56749433
22330,28230,0.00040310653
22331,78887,0.45888868
22332,12832,0.00028159664
22333,549,0.013822098
22334,82891,0.4888416
22335,19518,0.303321
22336,6140,0.14315602
22337,10982,0.0648613
22338,65306,0.20503531
22339,109368,0.013659366
22340,52970,0.012890702
22341,70689,0.006396392
22342,39800,0.02084303
22343,63484,0.8356625
22344,43619,0.5628135
22345,61670,0.024206866
22346,86650,0.34392092
22347,105620,0.02008535
22348,41040,0.00010288625
22349,115394,0.0045206724
22350,96964,0.34392092
22351,78849,0.79096943
22352,66006,4.9300772e-05
22353,7965,0.010516585
22354,96100,0.73686934
22355,113747,0.19808632
22356,9596,0.007884927
22357,45380,0.00022796135
22358,24859,0.0008344364
22359,36319,0.20718338
22360,57129,0.4888416
22361,86346,0.14276572
22362,56298,0.040636003
22363,29333,0.6022919
22364,81312,0.3089335
22365,46863,0.00075200433
22366,77991,0.004884147
22367,18544,0.15288648
22368,109918,0.34392092
22369,89701,0.71801543
22370,40916,0.011897027
22371,31697,0.0048047067
22372,24214,0.40678856
22373,46756,0.00018606088
22374,28002,0.5232106
22375,74271,0.024206866
22376,90442,0.7478843
22377,102485,0.0008662013
22378,108650,0.8097321
22379,30582,0.6022919
22380,62927,0.5628135
22381,39409,0.12078799
22382,45865,0.00830639
22383,24502,7.036309e-05
22384,31657,0.00030806687
22385,98403,0.00021589237
22386,94236,0.0017712134
22387,82934,0.0069380403
22388,96424,0.4201848
22389,109508,0.0060930443
22390,3948,0.009250905
22391,62132,0.010516664
22392,115160,0.6022919
22393,80669,0.04458883
22394,46685,0.0006305294
22395,23211,0.025379142
22396,115181,0.35329905
22397,112109,0.009188496
22398,77895,0.029874334
22399,37814,0.0009661397
22400,90150,0.00012347591
22401,63371,0.78131825
22402,42677,0.00061942264
22403,104231,0.000106841
22404,26860,0.004346945
22405,35814,0.04694134
22406,1390,0.0073506334
22407,55329,0.0026226393
22408,80213,0.2622862
22409,105534,0.03804058
22410,24192,0.0070359865
22411,86878,0.40678856
22412,65602,0.012725955
22413,8221,0.4835136
22414,44955,0.0007593188
22415,53943,0.024206866
22416,24345,0.5026056
22417,111981,0.004270509
22418,86151,0.4888416
22419,104255,0.004869651
22420,28661,0.19652489
22421,16591,6.918752e-05
22422,49911,0.5232106
22423,48271,0.37492988
22424,102537,0.7478843
22425,104211,0.34392092
22426,2353,0.0003083513
22427,76226,0.006198986
22428,9190,0.7976046
22429,18871,0.5611369
22430,87306,7.2119896e-05
22431,9127,0.0039436966
22432,53159,0.7976046
22433,83576,0.2181275
22434,51439,0.5232106
22435,2848,0.0053013265
22436,5819,0.09962458
22437,80411,0.51646364
22438,24325,0.17953189
22439,51029,0.40678856
22440,110369,0.14703433
22441,104734,0.6022919
22442,51058,0.5730763
22443,34165,0.0013807458
22444,24779,0.12078799
22445,22573,0.51769406
22446,3160,0.5730763
22447,84890,0.34392092
22448,108787,0.13447009
22449,76763,0.3089335
22450,59587,0.023633588
22451,100534,0.004246252
22452,87351,0.6857675
22453,9022,0.00075685506
22454,23822,0.7704209
22455,90466,0.13447009
22456,113824,0.0036515205
22457,65041,0.009946336
22458,40350,0.25912815
22459,25797,0.017654972
22460,98405,0.8819471
22461,69560,0.0006964443
22462,4869,0.010516585
22463,102319,0.12035916
22464,93609,0.0016996702
22465,6910,0.0018368879
22466,49483,0.005614214
22467,16309,0.0017147216
22468,50685,0.40678856
22469,9145,0.0011695398
22470,49243,0.42581627
22471,16526,0.77334636
22472,13211,0.0008344364
22473,44654,0.00073793996
22474,101398,0.004438234
22475,101804,0.7678493
22476,105678,0.0004519784
22477,54349,0.10357508
22478,102018,0.6795658
22479,26824,0.006198986
22480,53492,0.0069380403
22481,105098,0.009188496
22482,108222,0.0008344364
22483,58522,0.07704517
22484,91148,0.34392092
22485,46150,0.0008344364
22486,17034,0.5611369
22487,98070,0.58307195
22488,43765,0.0023553665
22489,60362,0.52379495
22490,97573,0.0012092768
22491,90463,0.34392092
22492,24088,0.00938341
22493,29948,0.554042
22494,63082,0.011897027
22495,96229,0.027116587
22496,21291,0.032317188
22497,18816,0.00036386782
22498,30712,0.012198511
22499,61556,0.001163373
22500,89820,0.00056685274
22501,32109,0.09120079
22502,70335,0.0029114224
22503,9122,0.026217964
22504,16487,0.0011072916
22505,95684,0.58307195
22506,3106,0.00031845248
22507,64913,0.0010066493
22508,42996,0.003172428
22509,16649,0.00017081056
22510,21652,0.44748464
22511,30990,0.03599013
22512,108549,0.24450037
22513,18211,0.009946336
22514,32809,0.0023685228
22515,26231,0.00037082558
22516,33429,0.018676624
22517,17560,0.5628135
22518,18819,0.015702382
22519,115534,0.12290087
22520,115849,0.00046648484
22521,25252,0.0063297707
22522,35528,0.0069380403
22523,105780,0.026673649
22524,108915,0.0001397553
22525,38007,0.6857675
22526,23399,0.4888416
22527,55174,0.5232106
22528,57404,0.13447009
22529,64230,0.2181275
22530,67908,0.032669682
22531,94939,0.028340075
22532,101937,0.0011380976
22533,18476,0.18376456
22534,48598,0.81378096
22535,113620,0.00084737234
22536,92657,0.006396392
22537,102820,8.265717e-05
22538,57119,0.638665
22539,13144,0.04985191
22540,107590,0.032657478
22541,12810,0.011542368
22542,57597,0.007401518
22543,67835,0.0029114224
22544,11991,0.008136907
22545,88775,0.7478843
22546,76858,0.027119404
22547,62648,0.00035746323
22548,18532,0.0072368905
22549,36298,0.00046380193
22550,2021,0.057469666
22551,96518,0.003380999
22552,107032,0.528339
22553,103002,0.7478843
22554,38220,0.9821453
22555,19195,0.0016226548
22556,76153,0.00021376318
22557,24280,0.005075364
22558,77898,0.07818704
22559,11076,7.6544115e-05
22560,103519,0.0010787381
22561,24247,0.00481278
22562,47224,0.12078799
22563,42932,0.0033465438
22564,73437,0.0017587844
22565,114707,0.2622862
22566,37122,0.02084303
22567,89967,0.39420527
22568,66538,0.12035916
22569,26196,0.006781271
22570,63109,0.78131825
22571,41042,0.018857906
22572,14874,0.9685034
22573,15740,0.009927506
22574,35906,0.5232106
22575,60818,0.0003307059
22576,41026,0.02084303
22577,28713,0.19652489
22578,114896,0.00037975382
22579,64155,0.12035916
22580,70194,0.5628135
22581,103613,0.79734695
22582,75703,0.34054893
22583,43415,0.0005557643
22584,28734,0.024518486
22585,69121,0.049901057
22586,58572,0.6857675
22587,15581,0.015142322
22588,23334,0.25912815
22589,98291,0.53350335
22590,93403,0.018163886
22591,26180,0.12290087
22592,89102,0.0002431072
22593,49159,0.00096811063
22594,52758,0.5232106
22595,45346,0.011897027
22596,99718,0.00014396662
22597,7038,0.019241843
22598,102564,0.1508694
22599,26975,0.5232106
22600,77737,0.016911069
22601,53191,0.5232106
22602,43219,0.027550844
22603,93190,0.0036512706
22604,91938,0.34392092
22605,66232,0.7131534
22606,84907,0.003054179
22607,51135,0.000913589
22608,98803,0.00038349518
22609,38410,0.19652489
22610,62396,0.015038574
22611,24864,0.3089335
22612,85190,0.007971024
22613,84527,0.012941903
22614,2874,0.018259957
22615,110561,0.0040108035
22616,48057,0.5026056
22617,107180,0.006019666
22618,79090,0.00026521992
22619,85741,0.009946336
22620,104273,0.5350702
22621,32820,0.0008565802
22622,43268,0.0017745822
22623,37233,0.1508694
22624,32905,0.59822583
22625,100662,0.73020315
22626,52474,0.16114923
22627,48398,0.0007264775
22628,73436,0.69228375
22629,103199,0.004873621
22630,41252,0.0033465438
22631,99638,0.02307767
22632,97198,0.0060033025
22633,16478,0.12290087
22634,82471,0.16982783
22635,109083,0.0060033025
22636,76522,0.0004076079
22637,55631,0.3736627
22638,13910,0.4985085
22639,44420,0.03664784
22640,66754,0.18376456
22641,55510,0.0039775725
22642,5862,0.008247896
22643,86222,0.07040569
22644,24133,0.011897027
22645,101707,0.066463105
22646,64937,0.015142322
22647,73037,0.00014499159
22648,94891,0.34661445
22649,50745,0.016388483
22650,50906,0.12290087
22651,42982,0.0041407975
22652,39875,0.0070359865
22653,100621,0.8819471
22654,87930,0.056111116
22655,61876,0.029874334
22656,33915,0.004776063
22657,111052,0.024206866
22658,50062,0.0006917353
22659,64782,3.2621036e-05
22660,115946,0.23378298
22661,79232,0.035321414
22662,19676,0.06771289
22663,70135,0.00028524938
22664,88453,0.00027386393
22665,91915,0.34392092
22666,26461,0.010137472
22667,74869,0.024206866
22668,77980,0.16181132
22669,5619,0.05336086
22670,26301,0.00038115346
22671,91258,9.15186e-05
22672,88702,0.5730763
22673,25568,0.21136047
22674,34284,0.7976046
22675,45279,0.6641874
22676,74040,0.34392092
22677,82864,0.003116589
22678,100975,0.73020315
22679,53296,0.7270048
22680,45851,0.52379495
22681,45247,0.041428864
22682,30514,0.5232106
22683,34300,0.40678856
22684,19388,0.015038574
22685,108667,0.05335345
22686,98216,0.002085475
22687,42083,0.0017146334
22688,44276,0.0068548415
22689,106913,0.58307195
22690,91969,0.018163886
22691,33290,0.0067216777
22692,74170,0.2170439
22693,48580,0.5232106
22694,48790,0.035468392
22695,97896,0.46006948
22696,57177,0.15288648
22697,108682,0.009188496
22698,93204,0.30090106
22699,71135,0.024206866
22700,100752,0.58307195
22701,108377,0.0801381
22702,53549,0.0041407975
22703,39786,0.0008344364
22704,92157,0.024206866
22705,33349,0.00872611
22706,17851,0.010912807
22707,5235,0.029418135
22708,46738,0.12078799
22709,17252,4.1748426e-05
22710,90344,0.733664
22711,104569,0.6560458
22712,52310,0.057106867
22713,15656,0.016388483
22714,114449,0.00047530397
22715,13763,0.0051662726
22716,43305,0.82937336
22717,113726,0.00415249
22718,65494,0.015142322
22719,88933,0.34661445
22720,90216,0.0029114224
22721,23196,0.01184075
22722,103527,0.00027521956
22723,110717,0.32676116
22724,47907,0.0024655801
22725,79116,0.5232106
22726,2760,0.84811413
22727,95751,0.1508694
22728,76234,0.59822583
22729,78572,0.00015711458
22730,22419,0.0038145971
22731,51286,0.86312497
22732,57222,0.63034135
22733,59613,0.5232106
22734,12788,0.00616146
22735,101501,0.0017044294
22736,78289,0.42581627
22737,8070,0.0019063852
22738,77101,0.023419524
22739,52562,0.40678856
22740,107134,0.0013978207
22741,100603,0.4365949
22742,49624,0.007402212
22743,69446,0.004378828
22744,101939,0.34392092
22745,58053,0.018387165
22746,51025,0.4888416
22747,106710,0.24450037
22748,68957,0.00023117251
22749,76612,0.024206866
22750,87843,0.4201848
22751,112647,0.733664
22752,108792,0.045907956
22753,97921,0.13447009
22754,23551,0.03664784
22755,46677,0.24258664
22756,66128,1.2805584e-05
22757,91029,0.00030549918
22758,72929,0.00015033214
22759,110950,0.75738317
22760,8446,0.047942977
22761,62970,0.011897027
22762,8783,0.010516585
22763,68420,0.34392092
22764,22543,0.0036445893
22765,57204,0.4888416
22766,100056,0.032657478
22767,51288,0.004340315
22768,57735,0.7478843
22769,54960,0.00064092723
22770,107361,0.00041479073
22771,48015,0.12035916
22772,49838,0.5232106
22773,103549,0.6843454
22774,69298,0.5346374
22775,115220,0.5232106
22776,85455,0.00018076558
22777,53235,0.076228335
22778,90724,0.34392092
22779,81525,0.16181132
22780,61855,0.0012854383
22781,8415,0.20971026
22782,55250,0.00041502962
22783,41642,0.59938043
22784,24727,0.00082101923
22785,11976,0.0057720095
22786,96281,0.56749433
22787,108492,0.34054893
22788,65648,0.0015085442
22789,32754,0.5730763
22790,61945,0.23309723
22791,75310,0.12275081
22792,97522,0.059144076
22793,95563,0.8097321
22794,78394,0.4888416
22795,23631,0.0008344364
22796,59835,0.016388483
22797,84878,0.7976046
22798,21350,0.0038145971
22799,59383,0.63657707
22800,57653,0.0010066493
22801,90250,0.20503531
22802,45064,0.008285374
22803,107683,0.07818704
22804,67749,0.0069380403
22805,24430,0.0006187803
22806,78372,0.02484052
22807,50396,3.2790143e-05
22808,74383,0.32597795
22809,77272,0.34392092
22810,113398,0.014305711
22811,824,0.0008344364
22812,109501,0.0026226393
22813,102342,0.6843454
22814,7386,0.0018368879
22815,12822,0.4985085
22816,12679,0.00027278275
22817,8170,0.015601124
22818,31275,0.011897027
22819,36093,0.0072625442
22820,47652,0.0068548415
22821,16953,0.1890358
22822,47466,0.00056350156
22823,94199,0.71801543
22824,41616,0.010198945
22825,33859,0.018857906
22826,88844,0.7478843
22827,28508,0.19521376
22828,107461,0.3089335
22829,68619,0.12035916
22830,53663,0.2170439
22831,55025,0.006758071
22832,68670,0.0036157179
22833,45859,0.011897027
22834,51620,0.5730763
22835,14642,0.45888868
22836,108669,0.21136047
22837,41082,0.010210467
22838,6095,0.001215759
22839,79900,0.0005687729
22840,4079,0.008247896
22841,64712,0.006358673
22842,65751,0.07127253
22843,113195,0.01579575
22844,46574,0.0018594239
22845,36180,3.860864e-05
22846,24595,0.0044461144
22847,38712,0.0008344364
22848,82677,0.0031002732
22849,84510,0.69238746
22850,20928,0.032455213
22851,34652,0.0018973589
22852,36687,0.0114153195
22853,20959,0.2170439
22854,8756,0.013928886
22855,29652,0.057790365
22856,110687,0.0049849157
22857,40092,0.12756199
22858,14381,0.003268981
22859,101894,0.7009889
22860,4432,0.750656
22861,89587,0.7478843
22862,11800,0.011809721
22863,13600,0.015702382
22864,36867,0.0070359865
22865,94281,0.06479406
22866,55712,0.00020842312
22867,99505,0.0031753625
22868,91411,0.6477684
22869,109343,0.8301858
22870,53665,0.13447009
22871,73154,0.78131825
22872,93420,0.9811297
22873,47816,0.4888416
22874,81176,0.00014807787
22875,110548,0.24450037
22876,26357,0.006777989
22877,79295,0.00032645662
22878,76971,0.0012105147
22879,57014,0.0049902825
22880,74920,0.024206866
22881,94205,0.00036952583
22882,48386,0.13447009
22883,76621,0.07818704
22884,94734,0.7678493
22885,105220,0.30090106
22886,100352,0.004568258
22887,66665,0.002085475
22888,65473,0.00044164952
22889,12254,0.9685034
22890,94537,0.0011214612
22891,31549,0.0025477877
22892,85376,0.0004127249
22893,103520,0.81378096
22894,16277,0.009927506
22895,93161,0.01962534
22896,54263,0.003172428
22897,45306,0.0015643865
22898,91957,0.0008453843
22899,7314,0.047977343
22900,38525,0.1508694
22901,21407,0.007402212
22902,95407,0.048220783
22903,43594,0.027119404
22904,68051,0.0069380403
22905,22564,0.02084303
22906,100179,0.021058397
22907,105881,0.013701562
22908,23518,0.0034583432
22909,89210,0.5628135
22910,1718,0.5611369
22911,86528,0.002847351
22912,71259,0.13447009
22913,74428,0.67513126
22914,40777,0.00028856297
22915,96334,0.30090106
22916,110645,0.024206866
22917,49193,0.0011508546
22918,98714,0.013701562
22919,76455,0.004340315
22920,17624,0.0006305294
22921,8247,0.010516585
22922,29100,0.00066957343
22923,16942,0.072692804
22924,76248,0.0007913045
22925,12234,0.009587363
22926,6594,0.053895727
22927,49377,0.006758071
22928,97650,0.032657478
22929,37782,0.6569232
22930,54044,0.0020615396
22931,90809,0.0004381688
22932,49182,0.36867666
22933,47173,0.3089335
22934,7318,0.49502462
22935,56241,0.008612103
22936,56250,0.5232106
22937,2183,5.4666274e-05
22938,54582,0.5232106
22939,112978,0.75738317
22940,35142,0.23309723
22941,59749,0.0025550118
22942,4465,0.004107087
22943,60068,0.9391063
22944,110488,0.26997432
22945,44974,0.21136047
22946,60613,0.47754645
22947,74968,0.0016062473
22948,94370,8.9658046e-05
22949,65583,0.012725955
22950,40541,0.5026056
22951,57181,0.4888416
22952,100996,0.6843454
22953,14346,0.9685034
22954,108688,0.77334636
22955,74192,0.00094800553
22956,10115,0.0714188
22957,97274,0.15288648
22958,81506,0.18376456
22959,43334,0.6857675
22960,112037,0.02781691
22961,67032,0.12035916
22962,80543,0.30090106
22963,101101,0.024206866
22964,111802,0.8044119
22965,98828,0.46006948
22966,104020,0.07818704
22967,34848,0.003825403
22968,67041,0.4888416
22969,26995,0.021318072
22970,95052,0.014490051
22971,51498,0.5026056
22972,7777,0.9833651
22973,12712,0.4888416
22974,78368,0.0024044046
22975,30851,0.006900122
22976,47382,0.0006187803
22977,55651,0.033028502
22978,95712,0.032572266
22979,8843,0.7307767
22980,47290,0.52379495
22981,46513,0.02084303
22982,15224,0.37963933
22983,1728,0.00034314522
22984,54737,0.5232106
22985,28782,0.12290087
22986,46230,0.12078799
22987,32555,0.011897027
22988,100320,0.0012984526
22989,29675,0.006557449
22990,76873,0.21136047
22991,89488,0.68328345
22992,41804,0.007711707
22993,99942,0.11731413
22994,77238,0.5628135
22995,42977,0.0007381218
22996,78948,0.98525316
22997,1562,0.9685034
22998,43948,0.6641874
22999,105680,0.024206866
23000,114780,0.0704011
23001,41433,0.04945419
23002,54212,0.5232106
23003,72300,0.001094837
23004,3769,0.94535345
23005,5418,0.750656
23006,36062,0.0004705332
23007,28021,0.008285374
23008,68238,0.0049939514
23009,113124,0.71801543
23010,63410,0.21136047
23011,16282,0.5628135
23012,113276,0.7378498
23013,97900,0.0049849157
23014,109867,0.00031317276
23015,35565,0.5730763
23016,84909,0.0026097156
23017,97854,0.7878375
23018,42382,0.12035916
23019,61115,0.37963933
23020,45173,0.19521376
23021,48199,0.6857675
23022,88611,0.12035916
23023,110555,0.3788766
23024,103747,0.75738317
23025,89124,0.0029114224
23026,88939,0.029618468
23027,42309,0.0078094616
23028,74411,0.0068548415
23029,30351,0.0033811661
23030,33641,0.8664476
23031,36708,0.008285374
23032,40246,0.36316264
23033,42902,0.049484603
23034,110646,0.05907342
23035,77490,0.0069380403
23036,54376,0.00069838745
23037,6726,0.0050769723
23038,74059,0.0017587844
23039,15538,0.45888868
23040,66483,0.049366985
23041,21438,0.009927506
23042,78205,0.006758071
23043,112083,0.0044401344
23044,91076,0.60409665
23045,19089,0.06771289
23046,65232,0.004568258
23047,78589,0.0060033025
23048,15710,0.0021093735
23049,16053,0.030121073
23050,34089,0.0010066493
23051,76245,0.029874334
23052,84669,0.0011214612
23053,14116,0.0011115712
23054,34495,0.011817629
23055,77805,0.13447009
23056,8893,0.059352104
23057,622,0.07200105
23058,14471,0.6857675
23059,61014,0.012632351
23060,106476,0.12035916
23061,495,0.26997432
23062,76358,0.6857675
23063,844,0.018676624
23064,57811,0.5232106
23065,114734,0.01579575
23066,92988,0.13447009
23067,60332,0.0025159507
23068,33346,0.00048710295
23069,81527,0.13447009
23070,59021,0.4201848
23071,5047,0.766975
23072,14740,0.0048087235
23073,5428,0.0125232255
23074,89749,0.13447009
23075,53169,0.0011214612
23076,94879,0.35455248
23077,115510,0.011222988
23078,54837,0.0060033025
23079,10257,0.047942977
23080,8629,0.049546365
23081,74134,0.733664
23082,112947,0.8044119
23083,21683,0.0038145971
23084,71250,0.59822583
23085,38256,0.0007764402
23086,3318,0.08508578
23087,36283,0.058978513
23088,79463,0.006758071
23089,83724,0.4888416
23090,61997,0.011897027
23091,1844,0.04985191
23092,104165,0.3089335
23093,60986,0.7478843
23094,70739,0.40678856
23095,63548,0.2622862
23096,78238,0.00029026542
23097,106787,0.12035916
23098,97631,0.4201848
23099,7551,0.02336115
23100,10889,0.59703815
23101,93547,0.58307195
23102,110310,0.06562725
23103,2497,0.008247896
23104,61829,0.024206866
23105,76334,0.0013728857
23106,61918,0.02299691
23107,31094,0.638665
23108,105478,0.0013051194
23109,15589,0.0013051194
23110,108655,0.006684573
23111,39260,0.69238746
23112,34811,0.07684664
23113,52876,0.007797746
23114,40614,0.00028159664
23115,31313,0.00041404585
23116,76369,0.12035916
23117,80445,0.029618468
23118,40250,0.004326417
23119,45269,0.0069380403
23120,110922,0.0038350313
23121,12992,0.59917617
23122,102362,0.8819471
23123,26373,0.016867047
23124,10699,0.0039436966
23125,14071,0.1508694
23126,111771,0.40678856
23127,87923,0.02203267
23128,10067,0.010516585
23129,27301,0.8745886
23130,66024,0.00019180513
23131,67390,0.018857906
23132,58168,0.733664
23133,39871,0.008285374
23134,7223,0.005418914
23135,112946,0.8950832
23136,68872,0.039668683
23137,105350,0.58307195
23138,54316,0.02484052
23139,88122,0.56749433
23140,46689,0.0034312995
23141,9886,0.010446875
23142,108645,0.32676116
23143,51024,0.4888416
23144,37007,0.0006106808
23145,2534,0.08508578
23146,113561,0.8097321
23147,102670,0.027667006
23148,46389,0.0008565802
23149,43930,0.00041435065
23150,53736,0.0114153195
23151,11655,0.0038267986
23152,51335,0.5628135
23153,52662,0.024206866
23154,9585,0.01814447
23155,27182,0.0028299503
23156,34078,0.5232106
23157,5169,0.014897698
23158,56602,0.024206866
23159,77149,0.0013366663
23160,83696,6.616802e-05
23161,67319,0.643951
23162,62750,0.733664
23163,10563,0.0039436966
23164,53694,0.060574103
23165,29562,0.040918738
23166,73909,0.02425721
23167,84474,0.0001095701
23168,75341,0.37862125
23169,83296,0.026691185
23170,45682,0.19521376
23171,45622,0.06682916
23172,5140,0.19086212
23173,61831,0.011897027
23174,13985,0.41613477
23175,109750,0.13447009
23176,68378,0.2960708
23177,63734,0.0040108035
23178,92552,0.028888192
23179,78773,0.9886403
23180,97330,0.26997432
23181,40664,0.36316264
23182,30458,0.0028252755
23183,81907,0.06427912
23184,39218,0.12078799
23185,55866,0.11497811
23186,6384,0.03621409
23187,22664,0.054573994
23188,55567,0.5628135
23189,16773,0.00033182924
23190,92264,0.002847351
23191,50992,0.5628135
23192,104741,0.00062682445
23193,63474,0.00013931716
23194,80438,0.014490051
23195,29485,0.5026056
23196,59838,0.000106841
23197,110584,0.60899097
