index,ID,fraud_flag
0,64707,0.0022111223
1,63919,0.00056364364
2,15664,0.0088156825
3,6626,0.8085603
4,26766,0.81498784
5,2055,0.265381
6,80703,0.033027504
7,45482,0.9751082
8,91264,0.14401716
9,1049,0.0005428228
10,67644,0.6185612
11,17283,0.19465666
12,111047,0.5650655
13,6283,0.020197285
14,10932,0.00038618065
15,6866,0.028225413
16,32797,0.5427143
17,87632,0.5072981
18,20830,0.0131263975
19,70988,0.01234972
20,2589,0.10499385
21,76471,0.5072981
22,57026,0.82215583
23,34068,0.5427143
24,110099,0.0027714544
25,44409,0.001353865
26,98424,0.8139816
27,100327,0.022507805
28,85449,0.7057373
29,105123,0.37642527
30,115595,8.040803e-05
31,34762,0.023559162
32,30440,0.5427143
33,395,0.0881926
34,34667,0.27470013
35,87615,0.3619964
36,43712,0.0044722315
37,17074,0.005686735
38,68564,0.61799353
39,91813,0.6063789
40,62080,0.032022864
41,12050,0.001353865
42,63426,0.12634419
43,93726,0.005185175
44,21287,0.7749112
45,25800,0.019013701
46,33442,0.858194
47,46493,0.0015202067
48,105529,0.3619964
49,25747,0.001262547
50,105901,0.003411673
51,53369,0.13730942
52,80105,0.1198357
53,93931,0.5999409
54,106790,0.966644
55,17416,0.045445696
56,105290,0.15668462
57,58133,0.00091262895
58,81540,0.52248293
59,23236,0.00054187165
60,62711,0.0046327054
61,20999,0.56752956
62,103783,0.0020713068
63,17545,0.61799353
64,91278,0.3619964
65,16821,0.82215583
66,47115,0.019013701
67,101433,0.06115445
68,64042,0.12634419
69,2158,0.73228264
70,44272,0.21979274
71,88331,0.033027504
72,6698,0.1087735
73,69531,0.033027504
74,30625,0.81498784
75,11877,0.03087039
76,52353,0.06019047
77,31005,0.59409255
78,101230,0.59278125
79,60853,0.00022997022
80,56734,0.9796154
81,53707,0.8072219
82,50265,0.0018671181
83,72607,0.8552017
84,49053,0.03087039
85,36071,0.13730942
86,40741,0.8865087
87,56960,0.01975188
88,53425,0.001353865
89,81012,0.5375059
90,103397,0.0008146418
91,115241,0.5427143
92,16477,7.498582e-05
93,106300,0.7616338
94,778,0.010582275
95,54111,0.002090025
96,43160,0.007029523
97,13312,0.01583257
98,40729,0.31973323
99,29282,0.5427143
100,2486,0.73766655
101,81324,0.027606798
102,75361,0.43834177
103,83557,0.00040624652
104,78430,0.015577372
105,58733,0.5427143
106,4100,0.0028135278
107,89993,0.6185612
108,85173,0.5072981
109,100381,0.88752764
110,19324,0.5072981
111,71719,0.033027504
112,89961,0.006333401
113,87549,0.033027504
114,82988,0.008132936
115,22403,0.25119156
116,51891,0.8125482
117,45978,0.49550277
118,20555,0.4868459
119,55970,0.7057373
120,47319,0.9418105
121,74241,0.981544
122,103281,0.13730942
123,108240,0.011123591
124,61359,0.013143747
125,71663,0.31973323
126,89413,0.7616917
127,39662,0.017102055
128,112982,0.0037947944
129,56650,0.8590712
130,8849,0.059773423
131,12567,0.016521992
132,73998,0.3619964
133,1712,0.020197285
134,112407,0.043557074
135,15075,0.0032239796
136,101430,0.003467491
137,79990,0.0010838634
138,52886,0.008132936
139,87463,0.7616917
140,61955,0.5787994
141,30263,0.0029148324
142,85593,0.00010820505
143,103216,0.43570593
144,39612,0.013265102
145,44407,0.0066498383
146,98760,0.00020051107
147,17265,0.6133949
148,106871,0.26011735
149,83690,0.31973323
150,107039,0.03087039
151,57715,0.00054771936
152,41191,0.0015322297
153,101274,0.005126756
154,85340,0.0053904853
155,42354,0.039320398
156,36079,0.01371935
157,71215,0.000162688
158,39362,0.034629893
159,5693,0.022601707
160,78375,0.36848506
161,61534,0.00034487687
162,67488,0.001353865
163,15561,0.0088156825
164,16157,0.31973323
165,17,0.046658676
166,29639,0.5427143
167,91112,0.00075386564
168,104649,0.7616338
169,693,0.0088156825
170,4689,0.00023952717
171,58919,0.5427143
172,36766,0.5427143
173,15077,0.0088156825
174,37006,0.5375059
175,93345,0.5787994
176,44664,0.02800105
177,18762,0.23185891
178,22379,0.019013701
179,89724,0.0015636941
180,3745,0.0005317643
181,83488,0.008292845
182,108394,0.0040797824
183,8641,0.45702007
184,69466,0.14401716
185,25047,0.007029523
186,39695,0.007952821
187,57982,0.00010820505
188,90462,0.03417943
189,112752,0.043557074
190,117,0.011469921
191,98398,0.00033064725
192,19002,0.0025432997
193,100559,0.19465666
194,11291,0.106906496
195,72304,0.43834177
196,23250,0.032762922
197,99518,0.3588082
198,105725,0.34904763
199,55984,0.1198357
200,97310,0.032022864
201,39077,0.0001667375
202,110918,0.6077621
203,41184,0.93920165
204,9739,0.0005992222
205,6322,0.01158258
206,10936,0.0052132984
207,92917,0.011011613
208,16710,0.31973323
209,113964,0.00062428106
210,110281,0.0059125572
211,501,0.0017537593
212,38063,0.00053239625
213,53303,0.0015398661
214,75137,0.033027504
215,31793,0.8214854
216,77822,0.007952366
217,22821,0.007099019
218,79560,0.59278125
219,1724,0.020197285
220,41295,0.011324875
221,114664,0.3588082
222,83239,0.27032498
223,76161,0.14401716
224,12812,0.5254379
225,73079,0.6185612
226,33477,0.00035120567
227,110911,0.19465666
228,74088,0.005185175
229,91464,0.033027504
230,78965,0.16627684
231,115734,0.49364203
232,39064,0.81498784
233,87531,0.013703416
234,21392,0.21865545
235,85410,0.016528634
236,101374,0.061520338
237,61893,0.09315548
238,35957,0.52248293
239,18330,0.010401647
240,25920,0.05776599
241,29321,0.5427143
242,50864,0.001843305
243,16324,0.00084398186
244,107063,0.7616338
245,62263,0.038752552
246,38175,0.31973323
247,36909,0.022092532
248,97440,0.54492104
249,107136,0.001539836
250,51426,0.8210756
251,62186,0.032022864
252,57941,0.7920622
253,88610,0.027030254
254,77426,0.8512548
255,63630,0.0004881374
256,97452,0.033027504
257,27847,0.032022864
258,72330,0.8072219
259,83242,0.504411
260,99627,0.4092155
261,55561,0.10404422
262,21229,0.0054972903
263,43254,0.8590712
264,46349,0.47269243
265,32885,0.013143747
266,63211,0.14401716
267,74017,0.14401716
268,112309,0.027589357
269,71080,0.0006124656
270,11233,0.13208735
271,65032,0.0016585024
272,62670,0.0015393625
273,34602,0.0131263975
274,113971,0.9153462
275,44728,0.5787994
276,78716,0.033027504
277,60993,0.032022864
278,62434,0.13565935
279,13314,0.006476029
280,9420,0.0088156825
281,94502,0.6185612
282,14782,0.0131263975
283,105399,0.036180433
284,26114,0.00024527757
285,94952,0.01017783
286,63121,0.033027504
287,17505,0.4503174
288,23853,0.01371935
289,76294,0.005185175
290,79180,0.5134833
291,66894,0.14401716
292,97408,0.103163645
293,33501,0.005329171
294,50551,0.7937953
295,80870,0.3619964
296,36561,0.008292845
297,41816,0.004376268
298,62882,0.0052276957
299,34681,0.5427143
300,114749,0.547256
301,8606,0.056783542
302,42446,0.12634419
303,53904,0.6982025
304,22551,0.23713417
305,94510,0.0046994695
306,1373,0.018062472
307,82674,0.5072981
308,40993,0.019013701
309,92014,0.5787994
310,73191,0.6480605
311,106449,0.0016377354
312,58423,0.00080393266
313,27731,0.0006970715
314,89611,0.005185175
315,64260,0.12634419
316,94809,0.037220772
317,102324,0.0042069857
318,86926,0.5787994
319,49185,0.001353865
320,57289,0.005185175
321,2655,0.040206905
322,2988,0.01371935
323,545,0.018432667
324,28457,0.0020228298
325,14596,0.002387224
326,79184,0.7057373
327,15201,0.002387224
328,56585,0.036771517
329,6307,0.0016661531
330,98730,0.608854
331,51980,0.03087039
332,80528,0.033027504
333,22762,3.5070712e-05
334,51747,0.0069500357
335,18778,0.107590936
336,47414,0.46285427
337,72518,0.9415515
338,13949,0.7439202
339,55661,0.5427143
340,89809,0.04361101
341,61393,0.10240164
342,75157,0.5072981
343,49321,0.7834908
344,32608,0.04314553
345,5749,0.0011669475
346,4497,0.0019827122
347,5680,0.03600735
348,9543,0.008952463
349,3613,0.22352907
350,74486,0.42193875
351,92762,0.0032166066
352,26829,0.00084398186
353,87804,0.007099019
354,64122,0.0014835565
355,6967,0.8833963
356,33595,0.00017674935
357,29196,0.5427143
358,51322,0.00047005355
359,103698,0.00046897898
360,30082,0.5427143
361,45037,0.25119156
362,104501,0.012504352
363,28006,0.00048786477
364,1572,0.0014016872
365,105217,0.3588082
366,48157,0.7439202
367,48353,0.14401716
368,5189,0.031395108
369,62531,0.013143747
370,93051,0.7602656
371,38760,0.0004299648
372,51776,0.31973323
373,31602,0.0004691822
374,109562,0.26011735
375,65343,0.00054187165
376,32437,0.59409255
377,5350,0.0008915042
378,97738,0.19465666
379,83307,0.31932625
380,29927,0.6077621
381,101416,0.033027504
382,94024,0.0018833061
383,72374,0.033027504
384,72292,0.002835869
385,56177,0.7920622
386,9135,0.0027796994
387,78647,0.007029523
388,59323,0.82215583
389,79453,0.14401716
390,11380,0.09673064
391,45280,0.21979274
392,24095,0.49550277
393,90252,0.61799353
394,101354,0.13775437
395,39613,0.0029007364
396,56024,0.8072219
397,29067,0.8072219
398,72766,0.050567105
399,91040,0.7220712
400,102100,0.5427143
401,91937,0.034388546
402,33126,0.5787994
403,43785,0.0014922644
404,23703,0.49507686
405,3837,0.0028135278
406,7726,0.0018709976
407,9364,0.0028135278
408,111757,0.533381
409,9181,0.0324319
410,87618,0.025986802
411,76250,0.062454823
412,36068,0.59409255
413,46893,0.13040477
414,114571,0.0072877146
415,38291,0.008267855
416,67623,0.42193875
417,101068,0.43834177
418,85744,0.0009157067
419,53069,0.5427143
420,80582,0.033027504
421,50799,0.5427143
422,112728,0.7481223
423,102871,0.000120308556
424,20702,0.00456526
425,50019,0.6982025
426,114385,0.6077621
427,88270,0.026015587
428,87238,0.03480851
429,80143,0.003935671
430,71196,0.14401716
431,57365,0.022053696
432,95054,0.74324876
433,74508,0.033027504
434,61161,0.00055099645
435,26538,0.10729264
436,56029,0.6063789
437,31570,0.0011551605
438,106217,0.0022567315
439,12642,0.44410628
440,112036,0.65751773
441,34514,0.5427143
442,93450,0.012820641
443,38545,0.8072219
444,107432,0.20558783
445,3722,0.0059368378
446,57759,0.82215583
447,82794,0.0050094095
448,64296,0.00033226295
449,7803,0.020077558
450,45852,0.65522355
451,19727,0.0003167771
452,101122,0.00066085166
453,59991,0.9572552
454,15276,0.012808806
455,21190,0.004831645
456,57751,0.00048786477
457,48048,0.7439202
458,14201,0.00035894787
459,104452,0.6077621
460,61560,0.016565625
461,13655,0.523312
462,111774,0.041028555
463,29079,0.7926482
464,32527,0.59409255
465,112644,0.0037947944
466,89335,0.11155692
467,106410,0.26011735
468,88697,0.7580624
469,68809,0.004830171
470,19408,0.021795724
471,278,0.024731688
472,111383,0.00013879764
473,67563,0.032232128
474,112976,0.10404422
475,102347,0.17394231
476,4923,0.022601707
477,92434,0.1198357
478,49135,0.01017783
479,24611,0.17013359
480,104534,0.025511008
481,67830,0.5787994
482,112269,0.17457265
483,72199,0.033027504
484,93470,0.00046444937
485,92290,0.6063789
486,62790,0.34098592
487,29962,0.5427143
488,43340,0.7749112
489,95912,0.95923203
490,2054,0.265381
491,105031,0.3619964
492,82647,0.02263053
493,4104,0.055835783
494,32165,0.0150690535
495,3485,0.9542002
496,53150,0.008132936
497,55810,0.36848506
498,96529,0.27470013
499,61429,0.8512548
500,82759,0.0022889269
501,98261,0.023281468
502,73851,0.10240164
503,96701,0.0017576037
504,108510,0.0003235762
505,4513,0.2780878
506,7989,0.016712124
507,52209,0.01371935
508,51706,0.17457265
509,75132,0.061520338
510,88174,0.14401716
511,70443,0.504411
512,79727,0.016528634
513,75815,0.011992719
514,109976,0.0059125572
515,40198,0.9972339
516,56110,0.7920622
517,105614,0.047940962
518,51330,0.00024102429
519,89294,0.14401716
520,29257,0.03087039
521,100033,0.3588082
522,67397,0.16627684
523,105967,0.26011735
524,38882,0.011324875
525,63066,0.027030254
526,99436,0.70420945
527,75724,0.06985042
528,79512,0.007029523
529,22706,0.00025424414
530,2749,0.033238497
531,31627,0.013143747
532,40317,0.0007305469
533,47068,0.504411
534,112718,0.0005959595
535,48713,0.0030654797
536,39577,0.5114135
537,65495,0.12634419
538,14485,0.0023082397
539,56594,0.032022864
540,62322,0.7616917
541,69218,0.9202913
542,50698,0.0037145407
543,105068,0.42193875
544,64397,0.6297508
545,92772,0.59278125
546,74760,0.00031681938
547,58341,0.016969895
548,92893,0.88546485
549,50706,0.5427143
550,3254,0.040206905
551,87809,0.7616917
552,105595,0.10240164
553,108347,0.26011735
554,11053,0.008072244
555,50097,0.001353865
556,86132,0.009763238
557,36263,0.0131263975
558,95855,0.016521992
559,83201,0.00010820505
560,18947,0.0142141115
561,15456,0.6185612
562,102205,0.03410196
563,37779,0.015545429
564,46785,0.0031593165
565,76488,0.00012703698
566,102027,0.3619964
567,8838,0.0008915042
568,55321,0.0030137459
569,32597,0.022169856
570,11647,0.0027796994
571,15613,0.8848291
572,80527,0.5427143
573,23335,0.5072981
574,77863,0.36704037
575,19824,0.044811416
576,38893,0.007029523
577,34168,0.5427143
578,44081,0.019013701
579,59661,0.4700601
580,10466,0.0027796994
581,96815,1.2051053e-05
582,44377,0.5427143
583,100864,0.5999409
584,94430,0.5427143
585,87742,0.0005912295
586,65674,0.006932296
587,104512,0.03714765
588,24492,0.52248293
589,49739,0.007029523
590,80417,0.14401716
591,99334,0.5375059
592,112122,0.0059125572
593,101283,0.033027504
594,21677,0.013143747
595,95083,0.033027504
596,106571,0.007029523
597,90303,0.7439202
598,9299,0.01556092
599,6426,0.027050344
600,94693,0.27470013
601,63857,0.00016185571
602,88880,0.6480605
603,1883,0.11613206
604,84356,0.14401716
605,61747,0.8475408
606,41443,0.31973323
607,12360,9.113315e-05
608,78005,0.032022864
609,94849,0.12634419
610,22284,0.13040477
611,29215,0.20558783
612,82606,0.5072981
613,104103,0.033027504
614,36447,0.36704037
615,41050,0.00035894787
616,9949,7.7442266e-05
617,45600,0.21865545
618,73479,0.009281355
619,46979,0.5427143
620,41784,0.01371935
621,90034,0.54492104
622,19768,0.0009452101
623,20081,0.77069926
624,63156,0.0043405415
625,50526,0.059322838
626,33958,0.0034751198
627,14261,0.0006916552
628,35991,0.0026346094
629,51997,0.91309136
630,79806,0.00027331512
631,95620,0.6077621
632,34320,0.7454064
633,21679,0.24356085
634,103104,0.8139816
635,68491,0.10635134
636,79707,0.8139816
637,83363,0.0003331765
638,45483,0.016653307
639,31264,0.013143747
640,37724,0.10729264
641,93250,0.5787994
642,103271,0.033027504
643,64938,0.12634419
644,533,0.006420749
645,67037,0.22588314
646,93473,0.7920622
647,31665,0.7624394
648,102196,0.027606798
649,45224,0.5787994
650,83765,0.16627684
651,101763,0.033027504
652,42042,0.003006968
653,67828,0.011983175
654,59157,0.6185612
655,99616,0.54492104
656,375,0.034433797
657,69416,0.17457265
658,63999,0.0022111223
659,78883,0.13730942
660,31772,0.0038557483
661,67449,0.012328747
662,48837,0.5427143
663,37881,0.7624394
664,105357,0.0003623162
665,57189,0.5042971
666,98878,0.31973323
667,98940,0.8233484
668,15375,0.0034255239
669,99199,0.01017783
670,57281,0.0001453519
671,109732,0.0005945006
672,13354,0.0006916552
673,72902,0.033027504
674,113479,0.0078622205
675,58274,0.884334
676,104509,0.3588082
677,44498,0.13040477
678,39696,0.61799353
679,21928,0.0092549315
680,47299,0.13040477
681,112470,0.7616338
682,84809,0.14401716
683,34971,0.31973323
684,9567,0.04065975
685,58474,0.033027504
686,34696,0.31973323
687,33177,0.00013745252
688,30371,0.6032943
689,111751,0.26011735
690,58321,0.0046426766
691,14148,0.009555816
692,15809,0.31973323
693,65457,0.27470013
694,111372,0.7616338
695,36594,0.13730942
696,102912,0.14401716
697,52753,0.009947091
698,65752,0.007029523
699,115710,0.26011735
700,23591,0.013143747
701,17983,0.001353865
702,45798,0.0024094253
703,106725,0.0015312379
704,66451,0.81058615
705,107430,0.03714765
706,4661,0.73766655
707,10387,0.010565702
708,78369,0.0005912295
709,16948,0.0009461048
710,17737,0.0864998
711,21807,0.00025164537
712,111914,0.49550277
713,106711,0.0065236306
714,54179,0.032022864
715,2255,0.0004437695
716,102888,0.5427143
717,70070,0.01783974
718,13371,0.5444716
719,15328,0.523312
720,5326,0.063621655
721,98753,0.020648248
722,15979,0.01017783
723,69201,0.08290729
724,68233,0.3619964
725,43903,0.013143747
726,61446,0.4107991
727,107870,0.39557743
728,64151,0.0005617381
729,39190,0.5072981
730,60485,0.7616917
731,61360,0.14401716
732,92658,0.027030254
733,90645,0.3619964
734,84042,0.49550277
735,99935,0.74324876
736,29513,0.6077621
737,34249,0.0016585024
738,10336,0.008072244
739,16350,0.001353865
740,56866,0.033121984
741,37369,0.0013575203
742,16662,0.00084398186
743,1938,0.00032660947
744,12555,0.8072219
745,99851,0.002838057
746,90916,0.6185612
747,75043,0.43834177
748,65278,0.27470013
749,42076,0.013265102
750,91286,0.0007633643
751,76276,0.019602552
752,73158,0.8072219
753,92448,0.016648903
754,74964,0.002610639
755,55257,0.020326193
756,108498,0.88546485
757,9208,0.02482173
758,56508,0.02263053
759,72341,0.3619964
760,65967,0.016521992
761,31113,0.00085262227
762,93318,0.0010838634
763,22480,0.6771808
764,75752,0.0673286
765,16697,0.5072981
766,26579,0.022955928
767,6534,0.7895489
768,56725,0.017054755
769,72510,0.010630652
770,22674,0.00072389044
771,57898,0.008625573
772,90026,0.21865545
773,88601,0.003813615
774,8652,0.12634419
775,7408,0.021239059
776,34244,0.0131263975
777,89968,0.018601326
778,100214,0.11677547
779,2891,0.0324319
780,12559,0.0009933331
781,49025,0.001353865
782,33870,0.0131263975
783,69606,0.3619964
784,57042,0.5072981
785,114064,0.6077621
786,728,0.29900596
787,71654,0.00080393266
788,47027,0.019013701
789,41250,0.007029523
790,1630,0.16461392
791,55361,0.5427143
792,63639,0.012186967
793,115273,0.0013300165
794,43430,0.44410628
795,111233,8.0724174e-05
796,93160,0.7602656
797,27887,0.65522355
798,21843,0.13040477
799,79166,0.2618291
800,98456,0.00046444937
801,19852,3.2967517e-05
802,16831,0.0011917913
803,103336,0.7616338
804,100769,0.00019866248
805,46063,0.13040477
806,34534,0.27032498
807,115948,0.00064109213
808,87782,0.6063789
809,87652,0.027030254
810,26365,0.5168421
811,100684,0.06546107
812,14358,0.00081554044
813,18797,0.56752956
814,76235,0.31973323
815,18255,0.5650655
816,34981,0.00019006614
817,885,0.0003479865
818,39133,0.27884594
819,22504,0.008692204
820,57135,0.7920622
821,96741,0.3619964
822,35895,0.068746984
823,15442,0.31973323
824,28839,0.03087039
825,90862,0.00020479922
826,57101,0.033027504
827,20459,0.01017783
828,106982,0.65751773
829,89803,0.027030254
830,75674,0.0007404428
831,103938,0.27470013
832,26549,0.039320398
833,51210,0.017054755
834,22082,0.0035786747
835,99316,0.54492104
836,37683,0.02961867
837,102322,0.24563625
838,12356,0.04314553
839,2765,0.040206905
840,74343,0.083065085
841,113233,0.00027673933
842,66575,0.0022111223
843,85051,0.3619964
844,64211,0.9670699
845,106908,0.26011735
846,91261,0.0010326053
847,63342,0.00061695307
848,10069,0.011302719
849,73421,0.012201298
850,69688,0.044036884
851,1916,0.037387334
852,60627,0.12634419
853,65061,0.0025754194
854,98762,0.0049902285
855,110721,0.4107991
856,71075,0.8233484
857,36583,0.0002520675
858,37828,0.001270311
859,31886,0.52248293
860,50401,0.6982025
861,95231,0.74324876
862,72370,0.00011478705
863,81888,0.5787994
864,91872,0.14401716
865,69257,0.7616917
866,85541,0.31932625
867,110988,0.14401716
868,29389,0.032620948
869,73105,0.14401716
870,60871,0.011992719
871,85124,0.016528634
872,66055,0.007029523
873,79308,0.31932625
874,69138,0.7920622
875,43470,0.65522355
876,22682,0.0010283735
877,71908,0.7051278
878,112624,0.7616338
879,86645,0.0002501023
880,79794,0.00434667
881,93410,0.3582536
882,18488,0.0088156825
883,87727,0.015545429
884,24604,0.00052954006
885,858,0.021035152
886,40474,0.019602552
887,102567,0.0017281577
888,26475,0.006420749
889,39434,0.009496386
890,4280,0.09335998
891,4363,0.7231015
892,75693,0.033027504
893,37366,0.0028984642
894,45766,0.13730942
895,95063,0.7553353
896,53878,0.033027504
897,5385,0.006868593
898,13919,0.0030654797
899,8778,0.0028135278
900,43603,0.65522355
901,36953,0.20558783
902,114804,0.547256
903,7047,0.02722839
904,113578,0.008138208
905,61299,0.013143747
906,69762,0.002599674
907,34228,0.007099019
908,97227,0.007029523
909,75009,0.041646097
910,32689,0.8072219
911,114483,0.59409255
912,9028,0.0005992222
913,72784,0.8072219
914,43102,0.00017367872
915,17174,0.0009355632
916,108850,0.005541767
917,93274,0.6712019
918,111350,0.033027504
919,101529,0.26011735
920,36379,5.936119e-05
921,33392,0.5427143
922,114841,0.0633947
923,78860,0.01172875
924,111563,0.025438204
925,54796,0.0048269653
926,64079,0.0017576037
927,6668,0.007072111
928,22115,0.0003407198
929,11711,0.022601707
930,107304,0.22588314
931,30788,0.37050486
932,100674,0.00035894787
933,57164,0.108328365
934,91601,0.05762863
935,93919,0.006312543
936,53392,0.44410628
937,110586,0.72834224
938,7210,0.094868705
939,5815,0.0017537593
940,19593,0.523312
941,64384,0.032022864
942,110494,0.006695762
943,55333,0.7834908
944,103234,0.8139816
945,88602,0.6185612
946,58152,0.14401716
947,35486,0.001353865
948,106966,0.28324172
949,28743,0.42057085
950,92010,0.0040949015
951,68967,0.0014835565
952,114683,0.019602552
953,55680,0.44410628
954,111861,0.025511008
955,110932,0.038752552
956,354,0.6982025
957,39998,0.00013649605
958,19200,0.504411
959,76143,0.015545429
960,1617,0.5375059
961,45206,0.00017435271
962,74375,0.31932625
963,28730,0.7749112
964,51172,0.8210756
965,113597,0.0069032595
966,40816,0.5072981
967,108785,0.8775108
968,92298,0.012201298
969,6549,0.9433451
970,91511,0.00020051107
971,93581,0.006289053
972,9051,0.021239059
973,62544,0.6063789
974,64378,0.0031033724
975,48466,0.0035649557
976,84038,0.7920622
977,39096,0.27470013
978,111852,0.004570986
979,12418,0.06399289
980,96796,0.0006432278
981,40636,0.0015150345
982,48293,0.7616917
983,4943,0.95262426
984,94920,0.009222873
985,54345,0.0075351326
986,109443,0.19465666
987,23715,0.022601707
988,37474,0.52248293
989,104222,0.034388546
990,64986,0.22588314
991,115836,0.008329132
992,52932,0.020547971
993,99150,0.37642527
994,51139,0.5427143
995,26034,0.013143747
996,25497,0.13730942
997,53976,0.012201298
998,85045,0.0007977586
999,63763,0.22564824
1000,73927,0.4700601
1001,78763,0.014780345
1002,40524,0.7295774
1003,60080,0.033027504
1004,38018,0.0092549315
1005,37104,0.0003775159
1006,66782,0.00080393266
1007,95262,0.0014016645
1008,62423,0.00050870463
1009,99900,0.72834224
1010,66071,0.00033226295
1011,68684,0.00024523336
1012,63647,0.12634419
1013,102818,0.0025920318
1014,77240,0.22588314
1015,12171,0.01583257
1016,11744,0.016521992
1017,65812,0.0123029305
1018,79056,0.007588674
1019,66526,0.0118480725
1020,113751,0.00054187165
1021,56106,0.08805262
1022,39448,0.021257265
1023,4372,0.022601707
1024,78001,0.017054755
1025,32123,0.00028652145
1026,73152,0.36704037
1027,34136,0.8072219
1028,61539,0.27470013
1029,36696,0.6185612
1030,45526,0.13040477
1031,56,0.45980817
1032,20686,0.00030886766
1033,21765,0.0092549315
1034,99170,0.49364203
1035,64623,0.12634419
1036,109437,0.3153181
1037,79064,0.7920622
1038,100984,0.0004381982
1039,28997,0.013143747
1040,101693,0.26011735
1041,104025,0.3857383
1042,17388,0.6771808
1043,100747,0.585949
1044,110907,0.0020744423
1045,80508,0.7243738
1046,14628,0.17457265
1047,44227,0.0002721598
1048,16513,0.56752956
1049,51743,0.001353865
1050,64927,0.0018901108
1051,102125,0.007029523
1052,98729,7.6122e-05
1053,32824,0.00010260985
1054,67448,0.14401716
1055,41982,0.0005417505
1056,104531,0.10528638
1057,84893,0.0021357485
1058,27235,0.00021273314
1059,63674,0.05776599
1060,101362,0.017859625
1061,72224,0.4107991
1062,89172,0.7616917
1063,64679,0.0011458866
1064,106421,0.26011735
1065,38230,0.0026336447
1066,99629,0.06997963
1067,90571,0.0104701575
1068,92202,0.5960657
1069,98812,0.14401716
1070,2886,0.16451906
1071,4475,0.0088225305
1072,72438,0.3619964
1073,46830,0.52248293
1074,11309,0.0027796994
1075,60096,0.027030254
1076,76773,0.10240164
1077,47830,0.004326877
1078,107459,0.74324876
1079,111236,0.0002451457
1080,102154,0.6982025
1081,65859,0.008481337
1082,20280,0.0131263975
1083,93545,0.7616917
1084,113800,0.26011735
1085,40355,0.011247891
1086,78950,0.6480605
1087,79619,0.63507825
1088,47530,0.019013701
1089,81065,0.003923021
1090,94171,0.11001589
1091,31247,0.013143747
1092,55209,0.0006583921
1093,19954,0.045445696
1094,19819,0.008292845
1095,87990,0.7739774
1096,30269,0.6077621
1097,41171,0.001739457
1098,71168,0.7920622
1099,9658,0.065995894
1100,40734,0.0015937369
1101,32263,0.72096616
1102,1616,0.112901405
1103,42637,0.81498784
1104,74937,0.22352907
1105,27883,0.051592033
1106,55033,0.59409255
1107,85715,0.17457265
1108,85586,0.039320398
1109,60693,0.61799353
1110,22213,0.0013519215
1111,11864,0.7231015
1112,53100,0.5427143
1113,73228,0.42193875
1114,1925,0.040206905
1115,21479,0.01371935
1116,22312,0.03087039
1117,4507,0.6482437
1118,43922,0.0092549315
1119,95504,0.032022864
1120,42621,0.03087039
1121,72500,0.6185612
1122,107281,0.037220772
1123,28987,0.020547971
1124,101461,0.0017264121
1125,113804,0.22588314
1126,7724,0.05184201
1127,47947,0.6185612
1128,76811,0.004933992
1129,45423,0.009652961
1130,45359,0.56445324
1131,28778,0.017478535
1132,60952,0.01583257
1133,101849,0.31973323
1134,16514,0.0088156825
1135,98234,0.0007383325
1136,71740,0.24905367
1137,59947,0.44410628
1138,27786,0.5168421
1139,13035,0.44410628
1140,114671,0.0026340506
1141,9837,0.00048890687
1142,28881,0.93920165
1143,58143,0.17457265
1144,34,0.2780878
1145,107355,0.5999409
1146,31607,0.0038557483
1147,57851,0.033027504
1148,15377,0.04787931
1149,114384,0.547256
1150,49200,0.62831575
1151,54311,0.008681093
1152,43165,0.13040477
1153,108889,0.0020228298
1154,3483,0.5037168
1155,81811,0.00085451815
1156,83437,0.016725212
1157,85147,0.5787994
1158,44221,0.00035894787
1159,17742,0.022053696
1160,95774,0.504411
1161,105010,0.26011735
1162,61835,0.013143747
1163,64746,0.00726674
1164,100840,0.61799353
1165,9885,0.011691439
1166,6167,0.7231015
1167,57636,0.00034245828
1168,28662,0.031275123
1169,40488,0.13040477
1170,74414,0.49550277
1171,4376,0.0018053623
1172,15554,0.00035894787
1173,73550,0.5427143
1174,69666,0.001345321
1175,115701,0.015347533
1176,59627,0.032022864
1177,106212,0.26011735
1178,32771,0.001353865
1179,69075,0.7051278
1180,59036,0.0016585024
1181,29176,0.5427143
1182,113306,0.10240164
1183,107175,0.49364203
1184,101901,0.121940404
1185,59467,0.5427143
1186,38473,0.13040477
1187,10377,0.0054169586
1188,106110,0.26011735
1189,41331,0.019013701
1190,87936,0.00010820505
1191,60400,0.14401716
1192,78124,0.13730942
1193,33217,0.5427143
1194,12427,0.0019551206
1195,70075,0.13775437
1196,63249,0.0088156825
1197,108599,0.04065445
1198,75415,0.033027504
1199,101168,0.032022864
1200,32392,0.4107991
1201,19637,0.0011341145
1202,102708,0.0010518894
1203,114611,7.874937e-05
1204,85287,0.14401716
1205,45764,0.0391136
1206,181,0.14516844
1207,78327,0.0072538033
1208,80244,0.7481223
1209,78021,0.5427143
1210,32878,0.5328174
1211,20175,0.046658676
1212,48863,0.504411
1213,111485,0.82215583
1214,108217,0.030338515
1215,107648,0.6077621
1216,97857,0.14401716
1217,11504,0.0053348537
1218,90089,0.8233484
1219,39604,0.13040477
1220,84807,0.7243738
1221,106625,0.7220712
1222,6456,0.0036352973
1223,22968,4.792705e-05
1224,92475,0.0007201799
1225,93927,0.71354675
1226,27566,0.31973323
1227,78996,0.0015946166
1228,32560,0.013143747
1229,49832,0.02275957
1230,62046,5.0312996e-05
1231,109154,0.5999409
1232,86551,0.005185175
1233,16617,0.5787994
1234,21015,0.008138208
1235,89597,0.01461747
1236,11084,0.0028135278
1237,40579,0.0008168985
1238,74513,0.22588314
1239,17247,0.007588674
1240,32201,0.5427143
1241,6719,0.0054169586
1242,7939,0.51642954
1243,55465,0.028603343
1244,98033,0.043557074
1245,71987,0.0051627397
1246,59034,0.007029523
1247,54016,0.5427143
1248,40253,0.004228065
1249,61684,0.033027504
1250,38881,0.0150690535
1251,99388,0.26011735
1252,74963,0.13730942
1253,114861,5.1045074e-05
1254,32967,0.0010818559
1255,51427,0.0104701575
1256,40277,0.033661835
1257,71827,0.31973323
1258,90220,0.000335994
1259,8951,0.008481966
1260,60385,0.6063789
1261,62776,0.013143747
1262,53996,0.3857383
1263,32446,0.10729264
1264,31365,0.13730942
1265,2476,0.009518628
1266,66190,0.016521992
1267,65475,0.00016604195
1268,284,0.008021838
1269,103193,0.025606757
1270,96326,0.0033614086
1271,35520,0.0015107882
1272,60476,0.027030254
1273,104790,0.5999409
1274,38251,0.0005926309
1275,7164,0.0004822118
1276,112414,0.7616338
1277,25207,0.032022864
1278,102156,0.31932625
1279,57237,0.5114135
1280,59244,0.6982126
1281,53411,0.0009457853
1282,18093,0.001353865
1283,16971,0.8233484
1284,46013,0.0019717088
1285,40727,0.13040477
1286,29424,0.6982025
1287,36140,0.22588314
1288,66114,0.16222183
1289,114970,0.012128702
1290,89907,0.008191713
1291,58803,0.9433451
1292,110153,0.015930623
1293,105739,0.09178786
1294,95655,0.8139816
1295,8167,0.0044267764
1296,92330,0.033027504
1297,111895,0.7220712
1298,92323,0.3619964
1299,6045,0.8688992
1300,78568,0.5427143
1301,75350,0.8072219
1302,24386,0.17013359
1303,42967,0.00070883124
1304,94790,0.59278125
1305,3391,0.004049337
1306,96097,0.5999409
1307,48473,0.005185175
1308,3832,0.73766655
1309,97505,0.038752552
1310,26460,0.02275957
1311,65091,0.0123029305
1312,69346,0.0006000981
1313,97281,0.88752764
1314,72344,0.43834177
1315,9382,0.013816166
1316,65977,0.0123029305
1317,26854,0.0016573478
1318,10622,0.20530745
1319,23393,0.49550277
1320,6607,0.020077558
1321,22903,0.0023082397
1322,96644,0.14401716
1323,35836,0.001353865
1324,98743,0.5999409
1325,91116,0.033027504
1326,94529,0.70420945
1327,114616,0.00036814963
1328,98303,0.005541767
1329,72496,0.0020559593
1330,18843,0.19465666
1331,43354,0.001353865
1332,90002,0.022053696
1333,58219,0.033027504
1334,74614,0.041646097
1335,15354,0.0088156825
1336,103943,0.5980179
1337,88119,6.0976396e-05
1338,52250,0.16585968
1339,33355,0.37822565
1340,42025,0.0009816632
1341,92576,0.54492104
1342,31699,0.5427143
1343,57444,0.010181824
1344,37040,0.61799353
1345,85224,0.3619964
1346,12778,0.010420639
1347,72732,0.22588314
1348,32704,0.014590426
1349,41160,0.013143747
1350,83491,0.0012484565
1351,100278,0.5999409
1352,82218,0.033027504
1353,109638,0.42487767
1354,38079,0.019013701
1355,94249,0.7616917
1356,49308,0.001353865
1357,70011,0.0005912295
1358,30364,0.0004241984
1359,12784,0.0027329817
1360,65998,0.00694789
1361,58695,0.038752552
1362,40463,0.5072981
1363,12606,0.001353865
1364,56419,0.007099019
1365,12869,0.012808806
1366,1087,0.033238497
1367,104251,0.31973323
1368,26286,0.3387435
1369,113612,0.822954
1370,101828,0.0030137459
1371,28409,0.022955928
1372,99684,0.0057307
1373,77835,0.003767797
1374,49570,0.11155692
1375,98088,0.014500984
1376,65384,0.001621797
1377,59876,0.31932625
1378,58832,0.0131263975
1379,108940,0.7616338
1380,1066,0.7387657
1381,121,9.433506e-05
1382,97401,0.7616917
1383,88148,0.02961867
1384,39420,0.003935671
1385,30010,0.5427143
1386,100467,0.7945642
1387,13659,0.02604607
1388,33096,0.5072981
1389,113716,0.063201606
1390,59006,0.015463968
1391,18719,0.00085671816
1392,96988,0.005185175
1393,24228,0.017102055
1394,101059,0.00022413817
1395,53500,0.5427143
1396,107285,0.49550277
1397,39675,0.001353865
1398,17491,0.0088156825
1399,68433,0.14401716
1400,65906,0.27470013
1401,84677,0.00080393266
1402,72191,0.0010326053
1403,85111,0.20146517
1404,39501,0.0092549315
1405,56841,0.13730942
1406,22280,0.523312
1407,4566,0.7231015
1408,58637,0.6186621
1409,34847,0.016565625
1410,35298,0.7749112
1411,33590,0.026718179
1412,48731,0.00071790867
1413,77005,0.6878115
1414,17692,0.5787994
1415,66240,0.065039895
1416,101117,0.00017048513
1417,98959,0.023424668
1418,10225,0.00042213465
1419,106890,0.007029523
1420,71355,0.43834177
1421,22768,0.00020926663
1422,79593,0.0030654797
1423,109335,0.007029523
1424,115302,3.731879e-05
1425,80722,0.0112171685
1426,39029,0.06490774
1427,40672,0.0006919262
1428,60254,0.0016357844
1429,71424,0.033027504
1430,89849,0.0026927718
1431,80933,0.11250516
1432,58150,0.13567427
1433,20808,0.01371935
1434,68166,0.0026927718
1435,75995,0.009222873
1436,114856,0.5427143
1437,86892,0.3619964
1438,10028,0.0018705095
1439,3137,0.029926157
1440,47892,0.14401716
1441,76113,0.00044046412
1442,112597,0.011992719
1443,44291,0.001353865
1444,34448,0.8233484
1445,75208,0.10240164
1446,8590,0.0001619471
1447,78234,0.00022720752
1448,32396,0.5072981
1449,8156,0.008876673
1450,43528,0.0030137459
1451,19802,0.0003262967
1452,3057,0.26062414
1453,56703,0.5427143
1454,8569,0.0054169586
1455,55656,0.00011631929
1456,40236,0.0026362075
1457,59297,0.007029523
1458,13578,0.03406407
1459,56020,0.17013359
1460,11127,0.011584164
1461,86320,0.27470013
1462,17966,0.012808806
1463,51337,0.004326877
1464,4313,0.033438776
1465,45021,0.011324875
1466,83472,0.13730942
1467,40048,0.002243549
1468,97214,0.0053904853
1469,7243,0.0011818475
1470,51745,0.3922606
1471,101904,0.0053904853
1472,56297,0.7616917
1473,115947,0.006695762
1474,46011,0.0007814893
1475,20786,0.007574269
1476,112547,0.7616338
1477,52872,0.14401716
1478,19187,0.01371935
1479,74605,0.9130027
1480,33960,0.02275957
1481,40566,0.8688992
1482,59117,0.5427143
1483,102697,0.025901169
1484,83607,0.006351967
1485,106644,0.019725485
1486,66001,0.00014654471
1487,28655,0.000148686
1488,61723,0.00030327972
1489,14741,0.0032282914
1490,88008,0.59278125
1491,31747,0.0046190117
1492,10436,0.14743158
1493,7713,0.096926935
1494,74178,0.00056809594
1495,27381,0.0040797824
1496,108552,0.035068862
1497,103653,0.26011735
1498,39144,0.27470013
1499,22773,0.007029523
1500,98322,0.16627684
1501,90041,0.63507825
1502,93887,0.3619964
1503,2202,0.0012047562
1504,15219,0.0088156825
1505,83899,0.005512428
1506,5286,0.008072244
1507,58351,0.5072981
1508,39048,0.0003551187
1509,48696,0.008132936
1510,13551,0.3922606
1511,112522,0.49550277
1512,35156,0.010846054
1513,37757,0.00065665407
1514,82016,0.000585215
1515,101816,0.10340345
1516,1792,9.2651964e-05
1517,38658,0.001353865
1518,21607,0.523312
1519,11888,0.021870416
1520,6071,0.020077558
1521,35184,0.31973323
1522,99532,0.0044837147
1523,4516,0.20019254
1524,6642,0.052292358
1525,70177,0.7057373
1526,14696,0.5444716
1527,44332,0.0006912921
1528,107112,0.037220772
1529,75930,0.015545429
1530,48545,0.0131263975
1531,31819,0.0016377354
1532,86502,0.0022199377
1533,14908,0.0003724832
1534,10325,0.007081134
1535,59655,0.82215583
1536,42023,0.36848506
1537,32604,0.20662467
1538,112319,0.019060155
1539,109855,0.00020051107
1540,98150,0.0032759644
1541,22546,0.00022333117
1542,13856,0.6185612
1543,33693,0.017595956
1544,34576,0.0035153013
1545,52813,0.14401716
1546,33012,0.6077621
1547,113354,0.033027504
1548,22836,0.011942904
1549,5207,0.0028135278
1550,65748,0.016521992
1551,74478,0.00034487687
1552,66337,0.06256816
1553,75300,0.0009457853
1554,41751,0.007099019
1555,96248,0.7616917
1556,3884,0.056783542
1557,70218,0.6982025
1558,85675,0.5072981
1559,32676,0.0016377354
1560,2794,0.11613206
1561,90622,0.10240164
1562,109306,0.8417476
1563,105296,0.01017783
1564,52648,0.93920165
1565,71675,0.5787994
1566,113497,0.3588082
1567,8609,0.6472324
1568,75044,0.003578549
1569,13204,0.0029690738
1570,94399,0.022053696
1571,56692,0.17013359
1572,4792,0.3368783
1573,69771,0.000142852
1574,31656,0.0043121073
1575,21348,0.004326877
1576,32642,0.008587563
1577,12222,0.0024896516
1578,18462,0.0015946166
1579,29050,0.0016585024
1580,45895,0.13040477
1581,90338,0.7616917
1582,88369,0.033027504
1583,94707,0.008499368
1584,44256,0.13040477
1585,12767,0.1008233
1586,56439,0.7920622
1587,26262,0.0035153013
1588,56607,0.7481223
1589,5056,0.022641659
1590,82953,0.008138208
1591,34347,0.36848506
1592,52605,0.5427143
1593,6278,0.020077558
1594,35241,0.009599542
1595,33491,0.025606757
1596,7112,0.043812882
1597,63497,0.4377116
1598,108973,0.0040797824
1599,69734,0.504411
1600,56574,0.00031036453
1601,112694,0.012631168
1602,93525,0.0009897551
1603,56150,0.01583257
1604,113125,0.7616338
1605,14821,0.022940226
1606,38923,0.0020242292
1607,10890,0.008072244
1608,84019,0.31973323
1609,91238,0.121940404
1610,527,0.0005134705
1611,66535,0.016521992
1612,41987,0.5072981
1613,32323,0.5168421
1614,74485,0.033027504
1615,72705,0.5427143
1616,14688,0.5042971
1617,107206,0.028048089
1618,103148,0.20558783
1619,62411,0.06418555
1620,32140,8.814677e-05
1621,98279,0.009705873
1622,69204,0.023495877
1623,98340,0.093126625
1624,93528,0.689935
1625,39847,0.012620819
1626,79321,0.009708192
1627,33714,0.59409255
1628,8185,0.032902766
1629,33287,0.001353865
1630,71824,0.0011264709
1631,110247,0.001773659
1632,12700,0.00045234626
1633,70960,0.91309136
1634,39957,0.0006047114
1635,64404,0.00726674
1636,29548,0.00012311438
1637,67866,0.033027504
1638,8942,0.9910076
1639,8793,0.45980817
1640,1984,0.3851501
1641,54083,0.0009642972
1642,12403,0.49507686
1643,89358,0.7057373
1644,26051,0.20558783
1645,113947,0.10240164
1646,19534,0.00025894682
1647,8431,0.042923756
1648,80430,0.033027504
1649,82380,0.007029523
1650,85256,0.033027504
1651,33280,0.8590712
1652,82210,0.35487762
1653,28072,0.023674505
1654,102469,0.07400991
1655,107699,0.91200477
1656,57321,0.016565625
1657,22349,0.523312
1658,60153,0.7616917
1659,5061,0.006868593
1660,23387,0.019013701
1661,5517,0.20190752
1662,65283,0.01474586
1663,16901,0.49550277
1664,87962,0.21979274
1665,9833,9.577152e-05
1666,14035,0.19465666
1667,84040,0.0055454527
1668,42855,0.029565545
1669,81674,0.6982126
1670,18309,0.00034938264
1671,29220,0.59409255
1672,7715,0.0033046973
1673,5539,0.05936022
1674,37552,0.001353865
1675,52302,0.5427143
1676,68568,0.3619964
1677,38397,0.0010818559
1678,66331,0.00084587623
1679,70190,0.10240164
1680,97451,0.8085603
1681,83103,0.016528634
1682,36755,0.13040477
1683,107500,0.7616338
1684,41703,0.007029523
1685,10429,0.00037753338
1686,104603,0.00079967926
1687,4449,0.51642954
1688,12725,0.03406407
1689,57834,0.0131263975
1690,58780,0.00031681938
1691,2133,0.59409255
1692,114796,0.00038579485
1693,26855,0.0092549315
1694,21580,0.00035894787
1695,69987,0.7051278
1696,27241,0.21865545
1697,32805,0.6982025
1698,12942,0.8915509
1699,94222,0.5999409
1700,53274,0.16627684
1701,58909,0.14401716
1702,91989,0.54492104
1703,78903,0.14401716
1704,63817,0.05776599
1705,87824,0.033027504
1706,66221,0.10374066
1707,7958,0.002939282
1708,16800,0.046658676
1709,11136,0.0027796994
1710,79486,0.3619964
1711,21459,5.8346603e-05
1712,355,0.25119156
1713,63777,0.00026007756
1714,38675,0.001083901
1715,91824,0.3619964
1716,70740,0.4107991
1717,2020,0.056950733
1718,13667,0.0131263975
1719,72653,0.52248293
1720,106911,0.001539836
1721,87485,0.689935
1722,40724,0.013143747
1723,52991,0.01583257
1724,27590,0.000266438
1725,16494,0.001353865
1726,111847,0.00034245828
1727,76855,0.3619964
1728,85458,0.8072219
1729,115911,0.7616338
1730,54354,0.6982025
1731,36635,0.65522355
1732,43654,0.03087039
1733,45006,0.039320398
1734,43523,0.00060390704
1735,58853,0.6063789
1736,30509,0.032022864
1737,14466,2.5385516e-05
1738,107166,0.006092051
1739,44103,0.8865087
1740,98741,0.0017501002
1741,102953,0.005551565
1742,78272,0.8233484
1743,103495,3.597615e-05
1744,35789,0.5427143
1745,96531,0.3619964
1746,113386,0.10240164
1747,69839,0.5787994
1748,101149,0.12634419
1749,35988,0.36848506
1750,99748,0.016828654
1751,64633,0.5497329
1752,86532,0.008391485
1753,64094,0.0123029305
1754,114755,0.0016063338
1755,7168,0.05936022
1756,90819,0.0040797824
1757,45718,0.4107991
1758,20429,0.3387435
1759,34947,0.5427143
1760,14928,0.002387224
1761,10891,0.056715105
1762,105920,0.015348072
1763,68527,0.0053904853
1764,95399,0.012201298
1765,4292,0.98565334
1766,73850,0.00046941926
1767,80860,0.93920165
1768,70131,0.0022111223
1769,15511,0.03087039
1770,33010,0.5427143
1771,45403,0.019013701
1772,46449,0.8688992
1773,33663,0.5960657
1774,113527,0.0013112606
1775,13964,0.27470013
1776,52993,0.6185612
1777,46923,0.016565625
1778,23507,0.003006968
1779,86992,0.033027504
1780,96366,0.10240164
1781,17387,0.0003823504
1782,90873,0.31932625
1783,105686,0.14401716
1784,58073,0.01583257
1785,81778,0.033027504
1786,6472,0.020197285
1787,102875,0.3619964
1788,53876,0.43834177
1789,36387,0.00049188384
1790,25810,0.6186621
1791,44996,0.7957152
1792,80050,0.16627684
1793,560,0.7895489
1794,102463,0.17457265
1795,48204,0.0796306
1796,79421,0.00041231082
1797,25339,0.01017783
1798,54848,0.4107991
1799,23317,0.7057373
1800,74234,0.00080393266
1801,113327,0.88546485
1802,42063,0.0048150397
1803,88450,0.14401716
1804,75418,0.0017815001
1805,100510,0.31932625
1806,103342,0.00013198899
1807,79440,0.005877323
1808,112749,0.036180433
1809,70701,0.049712468
1810,82386,0.03380282
1811,28908,0.008132936
1812,11501,0.481222
1813,36576,0.0026656725
1814,38710,0.5072981
1815,104125,0.8139816
1816,62095,0.0006124656
1817,53574,0.020547971
1818,90966,0.14401716
1819,71970,0.5787994
1820,24668,0.00018834705
1821,75564,0.3995544
1822,5627,0.05305471
1823,81830,0.00045050838
1824,53804,0.0026259106
1825,18676,0.9820387
1826,107019,0.04107276
1827,24132,0.00048476981
1828,112275,0.8775108
1829,107299,0.5999409
1830,68457,0.7224025
1831,16066,0.03087039
1832,70353,0.0053904853
1833,16532,0.0007413451
1834,82071,0.11569623
1835,72110,0.0053904853
1836,90378,0.9621254
1837,43970,0.013143747
1838,100267,0.10187763
1839,83474,0.016528634
1840,69741,0.033027504
1841,21047,0.001349805
1842,29173,0.0007814893
1843,23608,0.23185891
1844,13079,0.0011004327
1845,98290,0.00043007897
1846,103442,0.007029523
1847,41176,0.023361359
1848,38716,0.03087039
1849,74958,0.30106562
1850,96913,0.85749614
1851,99496,0.26011735
1852,29143,0.5168421
1853,57810,0.14401716
1854,46041,0.5042971
1855,14392,0.5072981
1856,71139,0.0796306
1857,72092,0.7920622
1858,31331,0.001463574
1859,56763,0.5787994
1860,64044,0.5375059
1861,43101,0.012620819
1862,60420,0.0017727629
1863,43678,0.0066844397
1864,62924,0.12634419
1865,36371,0.5072981
1866,18949,0.008952463
1867,111922,0.033027504
1868,3596,0.008072244
1869,11714,0.0028135278
1870,49380,0.0673286
1871,112519,0.034388546
1872,72064,0.61799353
1873,29973,0.0042399988
1874,38252,0.8512548
1875,103931,5.2102547e-05
1876,45509,0.71954614
1877,48802,0.5427143
1878,16175,0.0005329453
1879,83451,0.0019191086
1880,53553,0.52248293
1881,51019,0.007029523
1882,68472,0.040267196
1883,91793,0.7481223
1884,41660,0.31973323
1885,4368,0.45980817
1886,20448,0.523312
1887,24473,0.13730942
1888,93090,0.00054187165
1889,42878,0.04543586
1890,37313,0.016969895
1891,98800,0.00020051107
1892,53218,0.43834177
1893,4511,0.5037168
1894,110041,0.42193875
1895,77048,0.5427143
1896,94858,0.0005250155
1897,24203,0.011324875
1898,71044,0.3619964
1899,80359,0.17455696
1900,51850,0.009574187
1901,37119,0.0024955217
1902,32712,0.59409255
1903,53139,0.8065387
1904,74775,0.002610639
1905,36828,0.504411
1906,69251,0.17457265
1907,110236,0.0049902285
1908,59680,0.012405036
1909,51903,0.5427143
1910,57658,0.032022864
1911,25120,0.00066212105
1912,26900,0.032022864
1913,87396,0.02049287
1914,19255,0.11644852
1915,42336,0.003857994
1916,38050,0.31973323
1917,1081,0.0054169586
1918,46451,0.13040477
1919,113329,0.008681093
1920,50348,0.028225413
1921,50075,0.8065387
1922,67370,0.32555303
1923,47568,0.27032498
1924,22477,0.044770245
1925,39525,0.011247891
1926,111884,0.26011735
1927,68605,0.033027504
1928,77109,0.00026007756
1929,104009,0.0025762145
1930,63890,0.27470013
1931,36011,0.048314314
1932,86858,0.034388546
1933,57494,0.0029017213
1934,43799,0.00035894787
1935,19721,0.27470013
1936,84654,0.033027504
1937,70290,0.5072981
1938,107557,0.001539836
1939,85934,0.43834177
1940,2561,0.040206905
1941,80215,0.00083956553
1942,2374,0.0009041331
1943,13007,0.9264241
1944,59644,0.033027504
1945,27988,0.12634419
1946,41193,0.0030108672
1947,42188,0.8065387
1948,79473,0.11832681
1949,115486,0.0022117852
1950,16313,0.0031582247
1951,86285,0.65744025
1952,80602,0.00030045016
1953,88642,0.14401716
1954,18454,0.0011341145
1955,64272,0.001300117
1956,103269,0.6077621
1957,17261,0.007559309
1958,81505,0.0020330776
1959,110465,0.011784044
1960,24794,0.0004885626
1961,16393,0.063240916
1962,13454,0.14401716
1963,5730,0.8576125
1964,63782,0.0017608737
1965,48940,0.8233484
1966,56551,0.7920622
1967,31188,0.72096616
1968,95600,0.005185175
1969,100178,0.7106482
1970,85187,0.011784044
1971,75273,0.033027504
1972,78051,0.00057276466
1973,13439,0.27636027
1974,8586,0.14743158
1975,56341,0.038752552
1976,18102,0.6771808
1977,50284,0.0045878584
1978,42809,0.6982025
1979,111555,0.3619964
1980,21996,0.00017641597
1981,82115,0.14401716
1982,57363,0.7920622
1983,83009,0.027606798
1984,42252,0.00020084134
1985,97422,0.5980179
1986,6259,0.013569391
1987,76777,0.0062839175
1988,54386,0.0004002975
1989,31880,0.00029373277
1990,44853,0.13730942
1991,99025,0.120004416
1992,52071,0.59409255
1993,157,0.08787236
1994,60004,0.43834177
1995,45976,0.0010284387
1996,47080,0.0035153013
1997,16757,0.0012496844
1998,31179,0.5427143
1999,45745,0.03087039
2000,66155,0.858194
2001,109292,0.13730942
2002,302,0.013807722
2003,96501,0.022940226
2004,81103,0.033027504
2005,48345,0.5375059
2006,96653,0.7616917
2007,61494,0.7481223
2008,75222,0.14401716
2009,78280,0.012808806
2010,23672,0.06478879
2011,41067,0.00085262227
2012,54155,0.5427143
2013,12892,0.01583257
2014,109945,0.3588082
2015,25108,0.019013701
2016,63053,0.7616917
2017,7659,0.09673064
2018,99917,0.00022755245
2019,89490,0.14401716
2020,98975,0.097158805
2021,56850,0.027030254
2022,33198,0.5072981
2023,94326,0.034388546
2024,62604,0.001549149
2025,44687,0.001353865
2026,26247,0.62831575
2027,24596,0.0020794235
2028,22471,0.27470013
2029,109546,0.3619964
2030,86555,0.01017783
2031,114176,0.39557743
2032,93601,0.5787994
2033,46224,0.001353865
2034,24626,0.31973323
2035,54807,0.59409255
2036,11987,0.73228264
2037,49808,0.36704037
2038,89284,0.009222873
2039,72669,0.3619964
2040,72532,0.06473958
2041,62652,0.31973323
2042,57371,0.001261988
2043,71497,0.7616917
2044,85389,0.82215583
2045,23681,0.008072244
2046,115368,0.033027504
2047,86800,0.01017783
2048,65479,0.0013940239
2049,80989,0.49550277
2050,71459,0.033027504
2051,1012,0.0029955192
2052,93177,0.5980179
2053,5660,0.8545729
2054,88966,0.14401716
2055,61819,0.013143747
2056,113078,0.72096616
2057,8250,0.011139816
2058,50744,0.5072981
2059,65438,0.0038300124
2060,77728,0.504411
2061,72949,0.5787994
2062,105733,0.31973323
2063,98874,0.70420945
2064,42888,0.21979274
2065,5058,0.008021838
2066,46238,0.010364625
2067,76112,0.13730942
2068,79422,0.021033138
2069,58364,0.49550277
2070,103132,0.7220712
2071,30453,0.5427143
2072,24839,0.010744505
2073,106520,0.84760016
2074,17376,0.0011341145
2075,103529,0.007099019
2076,57527,0.13730942
2077,7789,0.7895489
2078,4470,0.022601707
2079,100541,0.59278125
2080,74073,0.13730942
2081,78194,0.01017783
2082,95070,0.5855232
2083,31883,0.5787994
2084,73918,0.0031033724
2085,88812,0.12634419
2086,88058,0.3619964
2087,79973,0.8072219
2088,15050,0.0006757198
2089,87898,0.5134833
2090,53266,0.44410628
2091,105488,0.0027951314
2092,33053,0.0021357485
2093,62380,0.033644553
2094,103824,0.016581533
2095,69182,0.31932625
2096,69850,0.13503967
2097,19832,0.001353865
2098,10170,0.05184201
2099,1867,0.23152484
2100,62655,0.8512548
2101,88004,0.7920622
2102,70672,0.004831645
2103,59656,0.59409255
2104,4022,0.0016516548
2105,87877,0.7616917
2106,27386,0.02269056
2107,8091,0.0334506
2108,1443,0.49507686
2109,58006,0.17985177
2110,49371,0.001353865
2111,76643,0.3619964
2112,49817,0.5072981
2113,108537,0.00070061564
2114,64336,0.12634419
2115,31511,0.0014877886
2116,11783,0.044770245
2117,6984,0.00035688406
2118,33397,0.030338515
2119,97416,0.5980179
2120,112949,0.033027504
2121,33271,0.006333401
2122,43688,0.003006968
2123,16905,0.17457265
2124,73308,0.01017783
2125,34695,0.0026198183
2126,11672,0.0017537593
2127,30066,0.61799353
2128,20886,0.007029523
2129,57423,0.59409255
2130,66527,0.00038520154
2131,97271,0.88546485
2132,11563,0.21336825
2133,95709,0.14401716
2134,930,0.028373342
2135,80442,0.003006968
2136,30413,0.01371935
2137,18223,0.19465666
2138,4234,0.00068218785
2139,58383,0.04976746
2140,66593,0.0052930177
2141,22741,0.0007080748
2142,112243,0.65744025
2143,111177,0.0004230296
2144,33624,0.6077621
2145,103358,0.0040797824
2146,48701,0.00011201758
2147,81221,0.8072219
2148,1882,0.9542002
2149,95330,0.08805262
2150,36832,0.5787994
2151,48370,0.01017783
2152,16422,0.012808806
2153,36970,0.17013359
2154,26670,0.011324875
2155,62453,0.0088156825
2156,27696,0.016565625
2157,59190,0.17013359
2158,96994,0.003813615
2159,75150,0.858194
2160,52818,0.008132936
2161,95540,0.59278125
2162,62769,0.01017783
2163,9868,0.0010674752
2164,76152,0.6982025
2165,75112,0.015545429
2166,67588,0.43834177
2167,30815,0.0035694235
2168,42923,0.019013701
2169,71706,0.3619964
2170,8009,0.007318288
2171,36870,0.8210756
2172,98351,0.14401716
2173,38693,0.013265102
2174,81602,0.11250516
2175,16265,0.04571049
2176,38570,0.49550277
2177,77756,0.6480605
2178,75096,0.033027504
2179,338,0.481222
2180,108308,0.0051451414
2181,112029,0.033027504
2182,52982,0.5960657
2183,34188,0.0015946166
2184,27565,0.12634419
2185,110748,0.822954
2186,1405,0.044770245
2187,2349,0.004185033
2188,82866,0.009547186
2189,18444,0.008458243
2190,63707,0.09371252
2191,97657,0.00024004775
2192,92621,0.033027504
2193,58380,0.0059368378
2194,58270,0.82215583
2195,84842,0.27470013
2196,12365,0.0092549315
2197,11124,0.0034198635
2198,29343,0.0020302082
2199,112106,0.7843891
2200,104130,0.011239282
2201,58259,8.551929e-05
2202,24219,0.884334
2203,7689,0.004871426
2204,12530,0.084790766
2205,13532,0.044770245
2206,84528,0.3619964
2207,5803,0.7200866
2208,109419,0.007029523
2209,109649,0.00010820505
2210,28634,0.20558783
2211,53288,0.5427143
2212,12263,0.49507686
2213,86509,0.0060846754
2214,23760,0.0055348366
2215,99052,0.007856543
2216,19147,0.00056364364
2217,95004,0.1687845
2218,97053,0.31973323
2219,40793,0.5168421
2220,53059,0.0148394825
2221,98564,0.12634419
2222,89700,0.7220712
2223,104846,0.14401716
2224,10623,0.020077558
2225,75728,0.0053541264
2226,54508,0.007593164
2227,57346,0.010933285
2228,29279,0.20558783
2229,15797,0.0005711812
2230,39118,0.0150690535
2231,81518,0.00080093986
2232,65496,0.27470013
2233,20854,0.007029523
2234,89525,0.8065387
2235,102812,0.7553353
2236,89115,0.31973323
2237,13558,0.01376545
2238,30471,0.6982025
2239,19881,0.001353865
2240,107607,0.03714765
2241,87400,0.5072981
2242,85549,0.14401716
2243,113757,0.27470013
2244,18115,0.61799353
2245,32618,0.031057993
2246,35257,0.0030137459
2247,7222,0.077145614
2248,63868,0.009976262
2249,76847,0.010986419
2250,98309,0.0443266
2251,34796,0.44872737
2252,24285,0.013143747
2253,62115,0.0059330035
2254,57267,0.0025762145
2255,68902,0.043095794
2256,29634,0.6077621
2257,9648,0.016521992
2258,30411,0.01017783
2259,14944,0.01376545
2260,67951,0.076016895
2261,47045,0.12634419
2262,62458,0.003006968
2263,62789,0.34098592
2264,17085,0.7439202
2265,94494,0.0035153013
2266,44828,0.008732906
2267,69556,0.0003113897
2268,80161,0.31932625
2269,30358,0.002835869
2270,79804,0.00010820505
2271,33670,0.039320398
2272,90744,0.9318122
2273,114362,0.10240164
2274,98168,0.033027504
2275,7523,0.92771596
2276,37423,0.032022864
2277,108526,0.00019154102
2278,26729,0.013143747
2279,74565,0.14401716
2280,48846,0.7057373
2281,4425,0.0011174243
2282,34282,0.00084809004
2283,33891,0.72096616
2284,80110,0.61799353
2285,5980,0.09673064
2286,32195,0.026522262
2287,88598,0.7616917
2288,22443,0.0011369777
2289,81236,0.02859601
2290,86908,0.7481223
2291,108086,0.0011805047
2292,81584,0.5427143
2293,50817,9.899657e-05
2294,46799,0.019013701
2295,60386,0.5427143
2296,1602,0.6982025
2297,78096,0.3619964
2298,82995,0.043557074
2299,100473,0.012537852
2300,21181,0.0092549315
2301,98603,0.5999409
2302,89491,0.02961867
2303,52682,0.14401716
2304,18714,0.6185612
2305,87119,0.014096393
2306,38383,0.46285427
2307,29444,0.001353865
2308,104226,0.22588314
2309,62808,0.0005711812
2310,97139,0.038752552
2311,8706,0.00087169866
2312,3631,0.0028135278
2313,66798,0.01431327
2314,11710,0.025320342
2315,75968,0.02275957
2316,69233,0.10240164
2317,22547,0.0014351481
2318,19872,0.0035153013
2319,102413,0.01450531
2320,76700,0.027606798
2321,35667,0.81498784
2322,75641,0.14401716
2323,30773,0.0010888277
2324,94740,0.012808806
2325,11742,0.49507686
2326,72467,0.82215583
2327,106428,0.9268661
2328,80087,0.26011735
2329,33563,0.6982025
2330,12407,0.39557743
2331,66863,0.12634419
2332,20710,0.0006348563
2333,110260,0.033027504
2334,67431,0.033027504
2335,71155,0.033027504
2336,43943,0.5787994
2337,101109,0.000122049074
2338,45442,0.000552668
2339,81646,0.31973323
2340,31037,0.003006968
2341,26366,0.31973323
2342,74630,0.00013860136
2343,106069,0.0314218
2344,82843,0.000847223
2345,13395,0.5254379
2346,88639,0.0014922644
2347,3664,0.45980817
2348,1190,0.88008237
2349,67788,0.008961343
2350,113303,0.10240164
2351,81958,0.5072981
2352,108177,0.5999409
2353,15532,0.7957152
2354,109613,0.89779866
2355,7194,0.022601707
2356,74927,0.0012827262
2357,72263,0.48317924
2358,7838,0.0027796994
2359,71486,0.033027504
2360,35028,0.015961219
2361,111132,0.025438204
2362,67447,0.6480605
2363,87836,0.7616917
2364,48677,0.00035063777
2365,56735,0.7481223
2366,43078,0.0046426766
2367,63305,0.5787994
2368,88183,0.0077049853
2369,88984,0.122441195
2370,35873,0.00023048518
2371,68185,0.77069926
2372,5937,0.00082285586
2373,9821,0.0017537593
2374,96476,0.7220712
2375,109445,0.10340345
2376,106753,0.74324876
2377,36220,0.62831575
2378,15163,0.0030137459
2379,12295,0.8848291
2380,111744,0.00022178129
2381,72828,0.0024896516
2382,45214,0.013143747
2383,33490,0.10929871
2384,45746,0.001353865
2385,18612,0.001249413
2386,93732,0.3619964
2387,49298,0.0022449465
2388,8785,0.5505696
2389,47252,0.86895704
2390,88138,0.068746984
2391,21159,0.9264241
2392,2640,0.0334506
2393,66433,0.0008825239
2394,95763,0.7616917
2395,95351,0.16023703
2396,83309,0.0053904853
2397,114228,0.0049902285
2398,67144,0.504411
2399,6436,0.0005094237
2400,96872,0.016969895
2401,40342,0.5072981
2402,32978,0.5787994
2403,37763,0.0014922644
2404,85559,0.033027504
2405,54442,0.009401748
2406,13461,0.0038577435
2407,101359,0.7220712
2408,66068,0.016521992
2409,46247,0.0150690535
2410,100513,0.631487
2411,58957,0.008732731
2412,71402,0.0012045783
2413,41699,0.36704037
2414,13227,0.019368267
2415,113766,0.0040228106
2416,85595,0.3619964
2417,47175,0.005101684
2418,60076,0.00084809004
2419,11579,0.7749112
2420,114994,0.0020823672
2421,33306,0.5427143
2422,26188,0.004753289
2423,42130,0.0026656725
2424,305,0.52248293
2425,18561,0.000101195634
2426,16146,0.002553396
2427,94285,0.00012046007
2428,108075,0.10240164
2429,57522,0.033027504
2430,66843,0.0022111223
2431,87228,0.31973323
2432,71239,0.3619964
2433,71204,0.0797583
2434,104972,0.5980179
2435,85721,0.033027504
2436,28498,0.9883422
2437,51049,0.5427143
2438,60773,0.0012417377
2439,83679,0.5787994
2440,85333,0.00028925214
2441,1514,0.011078762
2442,67159,0.008906227
2443,99681,0.54492104
2444,100048,0.09603108
2445,78552,0.5427143
2446,35622,0.00070121075
2447,23973,0.05776599
2448,51233,0.0673286
2449,38453,0.004326877
2450,5108,0.00307165
2451,5279,0.072836444
2452,93151,0.004376268
2453,112281,0.7481223
2454,59124,0.7920622
2455,96793,0.6063789
2456,105466,0.05909461
2457,71262,0.012808806
2458,712,0.523312
2459,87522,0.8233484
2460,79206,0.0056225895
2461,23900,0.00024125788
2462,22198,0.001353865
2463,88709,0.59278125
2464,103324,0.7616338
2465,74172,0.12634419
2466,97568,0.004832083
2467,52717,0.00054187165
2468,79529,0.063201606
2469,114695,0.0033614086
2470,107384,0.70420945
2471,15704,0.005336595
2472,3614,0.08930279
2473,54375,0.032022864
2474,104923,0.064250655
2475,108568,0.013107756
2476,108019,0.7616338
2477,114895,0.0016134646
2478,73785,0.13730942
2479,53970,0.0062839175
2480,94314,0.0062839175
2481,13054,0.02604607
2482,67100,0.3857383
2483,52768,0.0038557483
2484,92641,0.7616917
2485,8597,0.17637621
2486,30062,0.019602552
2487,102649,0.8139816
2488,60836,0.004376268
2489,71249,0.3619964
2490,4895,0.001195881
2491,50060,0.5427143
2492,23903,0.0092549315
2493,84818,0.01017783
2494,105467,0.0015485244
2495,87624,0.43834177
2496,37678,0.028533364
2497,13947,0.0005249027
2498,80955,0.012064051
2499,43777,0.013286178
2500,40536,4.991748e-05
2501,41462,0.6982025
2502,64680,0.00069115445
2503,93271,0.3619964
2504,63535,0.002560615
2505,15018,0.18952498
2506,100075,0.10187763
2507,71661,0.3619964
2508,44139,0.0016377354
2509,26665,0.21979274
2510,87097,0.5787994
2511,106339,0.6508523
2512,4570,0.0069302977
2513,102651,0.009222873
2514,9782,0.14593886
2515,46691,0.0023082397
2516,102363,0.033027504
2517,111708,0.033027504
2518,28128,0.16627684
2519,72924,0.033644553
2520,54309,0.01017783
2521,71560,0.3619964
2522,110944,0.3619964
2523,79805,0.01017783
2524,49620,0.8590712
2525,93058,0.033027504
2526,4025,0.094868705
2527,31871,0.042130858
2528,33169,0.0036472776
2529,85461,0.82215583
2530,36369,0.004326877
2531,57617,0.003006968
2532,51195,0.00080576225
2533,23112,0.49550277
2534,106784,0.26011735
2535,90505,0.59278125
2536,23015,0.0006916552
2537,40173,0.0040797824
2538,89870,0.039747313
2539,108860,0.82162476
2540,59720,0.5444716
2541,98082,0.0037008564
2542,23928,0.06855151
2543,23332,0.005011844
2544,78834,0.016528634
2545,87946,0.31973323
2546,67664,0.015945723
2547,88274,0.6063789
2548,1774,0.61799353
2549,105319,0.7616338
2550,88417,0.3619964
2551,23222,0.504411
2552,49392,0.007029523
2553,36241,0.15459865
2554,108854,0.5980179
2555,71900,0.033027504
2556,64820,0.27470013
2557,78241,0.5072981
2558,1531,0.0028135278
2559,53654,0.033027504
2560,41175,0.023361359
2561,94552,0.0010093763
2562,10309,0.0020042972
2563,55223,0.88184494
2564,26748,0.31973323
2565,46244,0.0073202727
2566,45200,0.0008717248
2567,29916,0.50492847
2568,78703,0.7051278
2569,98520,0.5999409
2570,65044,0.032022864
2571,113206,0.00012492097
2572,51540,0.0148394825
2573,18906,0.0088156825
2574,45956,0.016653307
2575,70072,0.3619964
2576,6783,0.78215474
2577,84452,0.52248293
2578,60050,0.0042766426
2579,71615,0.012808806
2580,71498,0.007029523
2581,95117,0.032022864
2582,72948,0.004625126
2583,46084,0.03906514
2584,11682,0.8576125
2585,77762,0.5427143
2586,102294,0.82215583
2587,51097,0.008598585
2588,9136,0.008072244
2589,25029,0.019013701
2590,2080,0.029926157
2591,62749,0.7616917
2592,8845,0.008072244
2593,107578,0.20558783
2594,86152,0.3619964
2595,26609,0.5375059
2596,99339,0.61799353
2597,59542,0.023799386
2598,85827,0.000585215
2599,103743,0.7106482
2600,106328,0.7616338
2601,85755,0.10240164
2602,33623,0.020547971
2603,33999,0.59409255
2604,88363,0.006578858
2605,77724,0.00054187165
2606,70180,0.13730942
2607,87870,0.5427143
2608,105218,0.0006525733
2609,111373,0.26011735
2610,29261,0.00018289163
2611,97371,0.007099019
2612,100044,0.034388546
2613,43899,0.00019836135
2614,57626,0.0025762145
2615,35970,0.17013359
2616,86590,0.6982025
2617,37296,0.5427143
2618,33183,0.884334
2619,68070,0.61799353
2620,72838,0.12634419
2621,76357,0.16627684
2622,37817,0.13730942
2623,112488,0.0006285896
2624,65053,5.207801e-05
2625,61599,0.013143747
2626,101496,0.6077621
2627,106255,0.566198
2628,31087,0.5427143
2629,13338,0.0028409397
2630,33272,0.16627684
2631,10543,0.009992184
2632,101093,0.034388546
2633,5308,0.00018389132
2634,27886,0.5427143
2635,71297,0.13730942
2636,11569,0.31973323
2637,96111,0.3619964
2638,46255,0.0040797824
2639,111218,0.036180433
2640,38245,0.001353865
2641,4258,0.8576125
2642,6858,0.00027001975
2643,72240,0.3619964
2644,91568,0.3619964
2645,19576,0.014502476
2646,79951,0.00010820505
2647,54711,0.3619964
2648,68629,0.005185175
2649,7946,0.8966814
2650,44979,0.13730942
2651,42705,0.03087039
2652,39528,0.10404422
2653,86094,0.108328365
2654,94623,0.004376268
2655,105498,0.547256
2656,22592,0.009992184
2657,71006,0.3619964
2658,14490,0.014685296
2659,46342,0.043095794
2660,108553,0.5999409
2661,5399,0.7200866
2662,100551,0.016672801
2663,101396,0.048678692
2664,64817,0.12634419
2665,39658,0.12634419
2666,48452,0.003857994
2667,88059,0.034388546
2668,534,0.35932583
2669,59428,0.7616917
2670,17734,0.00038890383
2671,103762,0.52364886
2672,74941,0.27032498
2673,103726,0.0036631622
2674,2086,0.0033046973
2675,22240,7.7751494e-05
2676,81442,0.14401716
2677,12009,0.27636027
2678,77883,0.007029523
2679,44500,0.7920622
2680,111938,0.025438204
2681,49414,0.5787994
2682,97215,0.3619964
2683,96887,0.3619964
2684,74903,0.00010632317
2685,21236,0.0027491043
2686,28830,0.21979274
2687,75445,0.007029523
2688,3905,0.019294314
2689,102588,0.0034975903
2690,33589,0.5787994
2691,58722,0.7481223
2692,98883,0.20558783
2693,44925,0.00038224438
2694,110178,0.49550277
2695,85243,0.35487762
2696,36023,0.5427143
2697,16690,0.00059361395
2698,83985,0.6982126
2699,46958,0.013143747
2700,115434,0.533381
2701,32949,0.008132936
2702,54082,0.01234972
2703,84467,0.23185891
2704,68150,0.025984883
2705,62073,0.00726674
2706,93464,0.8065387
2707,53685,0.0131263975
2708,33923,0.005530555
2709,65981,0.016521992
2710,99768,0.12634419
2711,110454,6.196009e-05
2712,34936,0.5427143
2713,7203,0.063621655
2714,12652,0.0092549315
2715,107163,0.01172875
2716,26585,0.027104618
2717,104578,0.003140793
2718,46693,0.95785964
2719,64512,0.032022864
2720,12032,0.49507686
2721,22127,0.14401716
2722,45441,0.08334664
2723,114562,0.0030137459
2724,10129,0.72834224
2725,102744,0.005625694
2726,49499,0.5427143
2727,95059,0.12634419
2728,11544,0.025320342
2729,75771,0.01017783
2730,26933,0.21979274
2731,73047,0.6063789
2732,96374,0.31932625
2733,82986,0.0004168345
2734,65620,0.016521992
2735,72620,0.7481223
2736,92951,0.0005752504
2737,6447,0.006868593
2738,60330,0.6185612
2739,19894,0.0019167581
2740,75297,0.03002372
2741,55845,0.004150812
2742,90551,0.31973323
2743,95263,0.5855232
2744,78126,0.14401716
2745,98738,0.48301587
2746,8162,0.072836444
2747,22441,0.0006916552
2748,68818,0.006932296
2749,937,0.007754565
2750,81094,0.033027504
2751,14061,0.6133949
2752,13296,0.6771808
2753,3348,0.006868593
2754,48543,0.001353865
2755,37621,0.037220772
2756,25973,0.0040797824
2757,98955,0.020547971
2758,66638,0.03677497
2759,32507,0.0015779397
2760,96284,0.17457265
2761,72194,0.3619964
2762,88576,0.026354302
2763,52785,0.0092549315
2764,76421,0.11250516
2765,27077,0.008132936
2766,56318,0.0018018442
2767,49316,0.0030137459
2768,78162,0.00011431233
2769,47752,0.007099019
2770,40347,0.7739774
2771,66463,0.10240164
2772,87910,0.0006000981
2773,18852,0.31973323
2774,55925,0.0004946242
2775,85500,0.5072981
2776,110639,0.7587832
2777,2955,0.003324061
2778,42003,0.0047871866
2779,76705,0.033027504
2780,46452,0.6982025
2781,105613,0.000925194
2782,10538,0.00017367625
2783,94941,0.88752764
2784,113486,0.72834224
2785,82209,0.0028902118
2786,58561,0.017054755
2787,89858,0.13692775
2788,31224,0.0060933447
2789,98598,0.67805946
2790,49086,0.12049831
2791,36237,0.5427143
2792,30256,0.0092549315
2793,80338,0.0038789748
2794,96364,0.12634419
2795,67633,0.3619964
2796,100496,0.8305476
2797,102256,0.00054187165
2798,73339,0.032762922
2799,81048,0.00024348323
2800,27347,0.007099019
2801,105049,0.0068493444
2802,103322,0.7220712
2803,60688,0.5672082
2804,74302,0.14401716
2805,101411,0.12634419
2806,4042,0.19831872
2807,98289,0.17457265
2808,33448,0.59409255
2809,70763,0.040471364
2810,46770,0.6185612
2811,100794,0.00019694302
2812,90082,0.3619964
2813,63511,0.12634419
2814,115683,0.03245519
2815,89304,0.12634419
2816,98907,0.12634419
2817,78538,0.007029523
2818,31773,0.004095755
2819,85220,0.06277273
2820,30465,0.007099019
2821,108515,0.822954
2822,845,0.010565702
2823,51494,0.011096444
2824,34584,0.008132936
2825,109698,0.10496287
2826,109339,0.033027504
2827,25540,0.0019446423
2828,77718,0.00080393266
2829,110464,0.72834224
2830,86740,0.3619964
2831,85573,0.0005417838
2832,1962,0.8688992
2833,14179,0.5134833
2834,47480,0.013143747
2835,92388,0.16023703
2836,4857,0.027050344
2837,17678,7.213861e-05
2838,64751,0.00042968107
2839,95160,0.3573257
2840,44421,0.0015322297
2841,48145,0.00033671196
2842,113794,0.011784044
2843,86802,0.033027504
2844,16244,0.002387224
2845,93114,0.0104701575
2846,96392,0.034388546
2847,110406,0.0067506013
2848,26925,0.7057373
2849,34346,0.0054169586
2850,59209,0.7481223
2851,64730,0.007029523
2852,99151,0.005566503
2853,104437,0.02642179
2854,99110,0.0057307
2855,44672,0.00014947153
2856,115986,0.0020015314
2857,55577,0.5427143
2858,44271,0.03677497
2859,89111,0.3619964
2860,4530,0.0054169586
2861,32044,0.021035152
2862,72156,0.040921275
2863,86976,0.00052160275
2864,36665,0.6185612
2865,40303,0.001353865
2866,45194,0.002387224
2867,10236,0.82215583
2868,34739,0.039320398
2869,102728,0.004201382
2870,45043,0.021004777
2871,70991,0.3619964
2872,82159,0.31973323
2873,39846,0.00077476725
2874,25980,0.0092549315
2875,61453,0.14401716
2876,9402,0.0028135278
2877,8520,0.0011131226
2878,13297,0.88184494
2879,112813,0.7616338
2880,114851,0.0013300165
2881,62258,0.88184494
2882,104471,0.00031765806
2883,46173,0.036093347
2884,81871,0.016528634
2885,7776,0.0054169586
2886,26162,0.00083558174
2887,100950,0.5999409
2888,93238,0.0029595725
2889,964,0.002146847
2890,108972,0.033027504
2891,72985,0.033027504
2892,61424,0.013143747
2893,70108,0.3619964
2894,19778,0.014937877
2895,17250,0.044770245
2896,16763,0.014937877
2897,72257,0.7051278
2898,64600,0.0049447636
2899,53206,0.8065387
2900,38042,0.8065387
2901,69262,0.3619964
2902,81981,0.0011846698
2903,71525,0.005185175
2904,62257,0.0055523096
2905,9705,0.0011571953
2906,35111,0.52248293
2907,4720,0.0004271248
2908,2424,0.7749112
2909,6469,0.0059667677
2910,17870,0.0088156825
2911,92111,0.016672801
2912,56839,0.01583257
2913,21624,0.005286595
2914,78042,0.025192335
2915,18622,0.001249413
2916,48830,0.00016654603
2917,114806,0.015195106
2918,5095,0.8050794
2919,86481,0.033027504
2920,103297,0.26011735
2921,86136,0.3619964
2922,114650,0.004198927
2923,77761,0.007029523
2924,55256,0.0131263975
2925,107734,0.7616338
2926,91501,0.0014859763
2927,91394,0.016599232
2928,2967,0.07494582
2929,84544,0.7843891
2930,28658,0.03087039
2931,33917,0.00015110921
2932,49112,0.44410628
2933,20842,0.008692204
2934,64112,0.00026007756
2935,76300,0.0123029305
2936,58584,0.108328365
2937,46966,0.011324875
2938,38469,0.8072219
2939,9255,0.0002931134
2940,44884,0.39557743
2941,59642,0.00010820505
2942,108189,0.5999409
2943,47793,0.6982025
2944,38811,0.0031618597
2945,3336,0.0139263645
2946,111116,0.35487762
2947,17439,0.012808806
2948,48439,0.36848506
2949,84779,0.5787994
2950,114963,0.03208058
2951,42793,0.003761745
2952,24945,0.0025432997
2953,83722,0.016457466
2954,74762,0.061520338
2955,100321,0.09018496
2956,114447,0.43834177
2957,111610,0.0059125572
2958,6561,0.8868337
2959,107231,0.001539836
2960,78118,0.10240164
2961,86394,0.31932625
2962,94467,0.00020601114
2963,36406,0.0068646325
2964,81567,0.0020164743
2965,75408,0.007933557
2966,103919,0.6077621
2967,61050,0.7616917
2968,30277,0.026015587
2969,95023,0.12634419
2970,70871,0.27470013
2971,56779,0.14401716
2972,90999,0.0053904853
2973,89121,0.040327895
2974,61563,0.032022864
2975,104492,0.74545777
2976,3081,0.10499385
2977,104892,0.39688128
2978,102199,0.03849383
2979,16677,3.7303525e-05
2980,1393,0.015673688
2981,28160,0.5787994
2982,94483,0.0001321595
2983,57046,0.5072981
2984,77085,4.3580745e-05
2985,56440,0.0059368378
2986,5883,0.0017537593
2987,60234,0.033027504
2988,46556,0.001353865
2989,111857,0.3619964
2990,40446,0.004326877
2991,59659,0.6480605
2992,53952,0.033027504
2993,11545,0.7749112
2994,20725,0.8848291
2995,64911,0.0096385535
2996,8884,0.006333401
2997,98805,0.00038664058
2998,69261,0.5497329
2999,320,0.022601707
3000,55817,0.017054755
3001,7067,0.008072244
3002,79035,0.005364075
3003,43186,0.013265102
3004,56649,0.023799386
3005,40819,0.0005647345
3006,105276,0.70420945
3007,24159,0.6982025
3008,925,0.27032498
3009,5347,0.0064453813
3010,6595,0.05184201
3011,27146,0.012092517
3012,3251,0.45980817
3013,111032,0.00021625911
3014,5510,0.0028135278
3015,65152,0.0017576037
3016,106849,0.01255525
3017,33106,0.5168421
3018,49436,0.009222873
3019,83740,0.0001393198
3020,111921,0.0021357485
3021,104880,8.531257e-05
3022,82228,0.14401716
3023,110469,0.0043055816
3024,100587,0.3619964
3025,70568,0.3619964
3026,48609,0.59409255
3027,12105,0.00014482121
3028,46929,0.7439202
3029,108266,0.31932625
3030,62211,0.8590712
3031,89648,0.14401716
3032,101285,0.034103055
3033,73373,0.22588314
3034,80446,0.7243738
3035,99041,0.12021938
3036,87279,0.8072219
3037,35518,0.5427143
3038,63606,0.13730942
3039,17733,5.9028196e-05
3040,18144,0.56752956
3041,37235,0.31973323
3042,105146,0.05776599
3043,75821,0.14401716
3044,10406,0.0028135278
3045,33352,0.001353865
3046,31097,0.3387435
3047,8102,0.002718678
3048,70847,0.0030137459
3049,35771,0.27032498
3050,40620,0.016969895
3051,3243,0.1542293
3052,93296,0.6063789
3053,20035,0.0005417505
3054,26058,0.65522355
3055,22117,0.46285427
3056,71257,0.06473958
3057,96049,0.065039895
3058,14888,0.015967939
3059,94268,0.5691658
3060,63556,5.724423e-05
3061,110478,0.65751773
3062,115917,0.65751773
3063,10186,0.0053348537
3064,42912,0.001353865
3065,24822,0.0046774005
3066,3645,0.09335998
3067,76878,0.042940665
3068,93049,0.033027504
3069,7686,0.0054169586
3070,50693,0.0005534933
3071,16372,0.004334847
3072,77167,0.005329171
3073,46569,0.011324875
3074,114394,0.037220772
3075,70831,0.7057373
3076,62839,0.7616917
3077,102240,0.7616917
3078,25303,0.0092549315
3079,10632,0.008072244
3080,87631,0.7220712
3081,104252,0.3588082
3082,23699,8.080227e-05
3083,112570,0.0006733413
3084,56051,0.6063789
3085,6861,0.05496749
3086,84028,0.88546485
3087,108015,0.85704654
3088,90629,0.3619964
3089,80595,0.01017783
3090,42290,0.21979274
3091,57555,0.5427143
3092,75604,0.001345321
3093,77873,0.37642527
3094,75423,0.00021961494
3095,75490,0.0020164743
3096,29355,0.009373532
3097,49793,0.49550277
3098,33430,0.08805262
3099,53547,0.25119156
3100,19704,0.004306097
3101,94466,0.5427143
3102,71665,0.23152484
3103,15087,0.0123029305
3104,14739,0.001353865
3105,54419,0.013003092
3106,101358,0.5999409
3107,11229,0.0046426766
3108,46422,0.5787994
3109,43120,0.005877323
3110,37745,0.8065387
3111,4907,0.027050344
3112,25728,0.001353865
3113,36354,0.31973323
3114,27172,0.0092549315
3115,97124,0.0022096753
3116,94491,0.7616917
3117,45253,0.0148394825
3118,30952,0.01371935
3119,21137,0.7749112
3120,111339,0.029743299
3121,93989,0.0035153013
3122,73934,0.00038814585
3123,61738,0.6185612
3124,108296,0.035068862
3125,85731,0.17457265
3126,113076,5.5270237e-05
3127,63015,0.009849647
3128,33120,0.00034487687
3129,18459,0.00055146194
3130,11778,0.0031543768
3131,46936,0.13040477
3132,39513,0.36704037
3133,2332,0.5037168
3134,2526,0.004895521
3135,9994,0.02482173
3136,109484,0.19465666
3137,13091,0.00035894787
3138,78334,0.2521181
3139,45853,0.001353865
3140,83080,0.00050870463
3141,100306,0.13730942
3142,1372,0.05936022
3143,57862,0.7616917
3144,111810,0.65751773
3145,32866,0.0031333475
3146,44020,0.13040477
3147,62605,0.17013359
3148,75736,0.11250516
3149,38204,0.73228264
3150,2369,0.8576125
3151,69028,0.7920622
3152,49191,0.6185612
3153,113035,0.26011735
3154,63987,0.00033226295
3155,73894,0.14401716
3156,1083,0.00021013299
3157,109939,0.5999409
3158,114754,0.016969895
3159,58434,0.8072219
3160,96740,0.70420945
3161,99013,0.033027504
3162,26617,0.006420749
3163,89964,0.504411
3164,87018,0.34098592
3165,22859,0.09762265
3166,54563,0.00080393266
3167,3582,0.5042971
3168,33866,0.0012919275
3169,80465,0.5072981
3170,83300,0.0068015214
3171,75713,0.0031033724
3172,95154,0.00010820505
3173,70438,0.49550277
3174,19731,0.008458243
3175,76277,0.0020164743
3176,2377,0.013016912
3177,115263,0.009361611
3178,50690,0.5072981
3179,62217,0.00601563
3180,76671,0.8210756
3181,115459,0.0009634473
3182,12661,0.000503945
3183,106147,0.26011735
3184,75274,0.016528634
3185,34442,0.00026332441
3186,88906,0.13567427
3187,115495,0.7580624
3188,111630,0.0003565953
3189,27073,0.31973323
3190,113178,0.0001642152
3191,67258,0.0123029305
3192,107539,0.20558783
3193,30545,0.17013359
3194,10677,0.0027796994
3195,14846,0.01376545
3196,87043,0.01632905
3197,93417,0.007029523
3198,6887,0.056950733
3199,63373,0.12634419
3200,73889,0.08290729
3201,4439,0.0019870943
3202,102230,0.5072981
3203,83754,0.50492847
3204,45667,0.0025836763
3205,104151,0.001102597
3206,32693,0.8072219
3207,107808,0.025511008
3208,101395,0.05534627
3209,9858,0.09673064
3210,88064,0.0012260275
3211,110356,0.0010212254
3212,32275,0.36848506
3213,34607,0.001353865
3214,114776,0.7159881
3215,41848,0.019013701
3216,106997,0.022894202
3217,106939,0.65751773
3218,114580,0.15858305
3219,4126,0.055835783
3220,40149,0.043095794
3221,14088,0.38599667
3222,21939,0.0054972903
3223,79196,0.5980179
3224,21172,0.13730942
3225,103691,0.6077621
3226,57655,0.5072981
3227,13812,0.5787994
3228,67812,0.3619964
3229,1197,0.0096385535
3230,7413,0.05785655
3231,26574,0.0009865316
3232,88206,0.007156006
3233,79459,0.59278125
3234,21595,0.003006968
3235,102006,0.039372873
3236,55245,0.008132936
3237,27596,0.21979274
3238,7631,0.14743158
3239,19312,0.6982025
3240,48684,0.012808806
3241,4339,0.9264241
3242,93902,0.0148394825
3243,45178,0.13040477
3244,16930,0.8233484
3245,33770,0.5427143
3246,66940,0.002387224
3247,113680,0.74324876
3248,83826,0.10340345
3249,31976,0.10029336
3250,32338,0.001353865
3251,31065,0.00044140205
3252,57576,0.7323618
3253,22538,0.31973323
3254,83602,0.0037044713
3255,61504,0.07400991
3256,82552,0.7616917
3257,106467,0.98283494
3258,6924,0.008072244
3259,59140,0.8072219
3260,41249,0.021795724
3261,64544,0.27470013
3262,93438,0.033027504
3263,27160,0.013143747
3264,29860,0.59409255
3265,1002,0.0088156825
3266,104921,0.01144305
3267,36788,0.5427143
3268,63000,0.002838057
3269,26504,0.0010818559
3270,105701,0.822954
3271,75299,9.022462e-05
3272,11683,0.006868593
3273,77495,0.14401716
3274,101632,0.0034166279
3275,62673,0.005329171
3276,1691,0.0005873731
3277,98361,0.002151679
3278,76545,0.010008538
3279,3773,0.73766655
3280,92514,0.0008775146
3281,92258,0.029078767
3282,112962,5.7533623e-05
3283,8486,0.16808857
3284,104687,0.0015625793
3285,36871,0.6185612
3286,23168,0.13040477
3287,14092,0.046658676
3288,112451,0.1746938
3289,99380,0.004376268
3290,15807,0.00028613216
3291,31777,0.61799353
3292,46223,0.0092549315
3293,43736,0.016672801
3294,80253,0.3619964
3295,96865,0.033027504
3296,16943,0.008458243
3297,105274,0.8282514
3298,94811,0.0010838634
3299,3600,0.040206905
3300,109863,0.5999409
3301,55493,0.22588314
3302,26834,0.4377116
3303,73153,0.3619964
3304,86336,0.14401716
3305,105604,0.6077621
3306,76251,0.016528634
3307,31775,0.0035041845
3308,44319,0.0005134705
3309,49262,0.033661835
3310,69137,0.7380137
3311,73635,0.37642527
3312,26616,0.5427143
3313,80071,0.12634419
3314,113832,0.008825613
3315,110118,0.033027504
3316,46215,0.016565625
3317,111070,0.26011735
3318,102930,0.00057249586
3319,19028,0.56752956
3320,39130,0.36704037
3321,111445,0.122441195
3322,16033,0.31973323
3323,13691,0.5072981
3324,111607,0.10187763
3325,65610,0.27470013
3326,89067,0.36848506
3327,28205,0.01371935
3328,36476,0.6982025
3329,30945,0.0011743099
3330,48363,0.0010646969
3331,76221,0.14401716
3332,83083,0.0066013755
3333,94940,0.00033638664
3334,109455,0.01553973
3335,16588,0.3857383
3336,67878,0.37642527
3337,8775,0.0035316062
3338,60914,0.0031033724
3339,5806,0.0011209351
3340,38376,0.0041617323
3341,26654,0.046199236
3342,90160,0.7057373
3343,9747,0.007844388
3344,32804,0.001353865
3345,82518,0.7616917
3346,44515,0.13730942
3347,27323,0.20558783
3348,77663,0.504411
3349,105199,0.5208225
3350,79654,0.033027504
3351,24057,0.31973323
3352,31942,0.0059667677
3353,69387,0.000142852
3354,51893,0.6982025
3355,63296,0.15241948
3356,32333,0.1300984
3357,47447,0.013143747
3358,28615,0.21979274
3359,76145,0.5072981
3360,12713,0.001353865
3361,74556,0.93920165
3362,29235,0.0673286
3363,3907,0.08992581
3364,111636,0.0026340506
3365,105380,0.69631094
3366,83345,0.039747313
3367,33340,0.3387435
3368,9406,0.10339998
3369,95093,0.63507825
3370,109913,0.3619964
3371,55012,0.5427143
3372,108089,0.0020742263
3373,3858,0.018062472
3374,41025,6.563354e-05
3375,47139,0.7749112
3376,78189,0.007029523
3377,96,0.61799353
3378,69487,0.13567427
3379,11827,0.027104618
3380,33076,0.9282315
3381,9862,0.0005992222
3382,60423,0.0123029305
3383,5395,0.020190336
3384,78365,0.001353865
3385,40375,0.0042660423
3386,56846,0.033121984
3387,60360,0.0061133583
3388,98009,0.004428643
3389,47697,0.031275123
3390,75882,0.7243738
3391,52627,0.12634419
3392,55034,0.22588314
3393,25186,0.31973323
3394,77004,0.5427143
3395,111089,0.033027504
3396,34299,0.002211339
3397,6377,0.0016661531
3398,53457,0.035460703
3399,17259,0.3857383
3400,5877,0.034433797
3401,23687,0.93920165
3402,51978,0.10404422
3403,42618,0.0033384964
3404,1646,0.0054169586
3405,50427,0.0084443055
3406,105869,0.033027504
3407,53668,0.033027504
3408,27913,0.62831575
3409,68884,0.3619964
3410,48474,0.008732731
3411,36840,0.0013575203
3412,90710,0.3619964
3413,78601,0.5444716
3414,19198,0.06875968
3415,56858,0.0020057182
3416,7754,0.022601707
3417,101964,0.6982126
3418,33022,3.0669125e-05
3419,4400,0.05936022
3420,14710,0.91477466
3421,42157,3.9175047e-05
3422,112663,0.08759125
3423,57466,0.36848506
3424,66545,0.032022864
3425,115004,0.003910148
3426,36580,0.52248293
3427,29729,0.013143747
3428,42058,0.6185612
3429,102215,0.3619964
3430,58189,0.8072219
3431,32284,0.022955928
3432,41945,0.005331899
3433,12799,0.00023370539
3434,38818,8.881307e-05
3435,82322,0.09590011
3436,115685,0.0028219095
3437,61630,0.01583257
3438,47618,0.21979274
3439,77333,0.0018455883
3440,90982,0.43834177
3441,48526,0.033027504
3442,7286,0.055835783
3443,56591,0.5427143
3444,24029,0.0013575203
3445,24607,0.8065387
3446,87893,0.0614554
3447,86441,0.5072981
3448,17618,0.046658676
3449,113481,0.0073276605
3450,43566,0.13730942
3451,69055,0.009636119
3452,6838,0.32853734
3453,55835,0.033661835
3454,14961,0.0088156825
3455,8598,0.0067536333
3456,29512,0.0673286
3457,84983,0.27470013
3458,1821,0.7064379
3459,33093,0.0031505497
3460,20743,0.52248293
3461,102691,0.533381
3462,63644,0.0014922644
3463,96496,0.42487767
3464,81383,0.82552403
3465,95672,0.5999409
3466,84767,0.14401716
3467,103878,0.3588082
3468,80413,0.3619964
3469,21221,0.007029523
3470,82994,0.7616917
3471,83745,0.43834177
3472,82904,0.0038191574
3473,36638,0.48317924
3474,68537,0.003224522
3475,23855,0.00077476725
3476,98228,0.0006432278
3477,105007,0.5980179
3478,95291,0.6186621
3479,51376,0.46285427
3480,98345,0.0011667713
3481,27553,0.46285427
3482,4782,0.020197285
3483,59120,0.17013359
3484,16587,0.3857383
3485,42279,0.13040477
3486,50943,0.52248293
3487,59746,0.0002461019
3488,115859,0.00026813956
3489,55231,0.14401716
3490,5403,0.0016197083
3491,1147,0.9542002
3492,57367,0.022053696
3493,79784,0.016528634
3494,115257,0.00013065164
3495,115183,0.7920622
3496,105169,0.6077621
3497,64356,0.00045473687
3498,35417,0.007029523
3499,115770,0.0633947
3500,40212,0.026718179
3501,86343,0.36704037
3502,77397,0.011600402
3503,18980,0.61799353
3504,4473,0.7749112
3505,44134,0.65522355
3506,25811,0.5981789
3507,115298,0.15858305
3508,32196,0.0001982392
3509,28434,0.01371935
3510,14407,0.0006757198
3511,33712,0.59409255
3512,39672,0.8590712
3513,109465,0.004707072
3514,64903,0.038752552
3515,60676,0.14401716
3516,104389,0.10240164
3517,88166,0.12634419
3518,35413,0.001353865
3519,98644,0.10187763
3520,59731,0.01583257
3521,75206,0.0015946166
3522,75478,0.12634419
3523,75504,0.00010820505
3524,29311,0.003006968
3525,46534,0.13040477
3526,36600,9.539244e-05
3527,58401,0.00030479342
3528,115779,0.0633947
3529,102190,0.5134833
3530,68355,0.016565625
3531,69287,0.3619964
3532,26753,0.20558783
3533,1167,0.14593886
3534,4124,0.020197285
3535,108797,0.008580568
3536,27071,0.0015107882
3537,97425,0.71354675
3538,45681,0.5042971
3539,54765,0.5787994
3540,5752,0.0017537593
3541,110130,0.106762424
3542,14618,0.0088156825
3543,54350,0.4107991
3544,87597,0.79158384
3545,66618,0.6355375
3546,87082,0.01017783
3547,15861,0.001353865
3548,106501,0.9343248
3549,96242,0.31932625
3550,33627,0.6185612
3551,50298,0.5427143
3552,3729,0.001193663
3553,106742,0.036027845
3554,66968,0.17457265
3555,30575,3.8159324e-05
3556,64348,0.0029731237
3557,76282,0.7243738
3558,22406,0.004306097
3559,40821,0.0104701575
3560,34742,0.0023066094
3561,2611,0.006868593
3562,69521,0.39557743
3563,99863,0.039366227
3564,110746,0.033027504
3565,52996,0.0004621573
3566,37766,0.81498784
3567,12155,0.41060686
3568,94688,0.022053696
3569,41144,0.055157237
3570,78692,0.52248293
3571,100090,0.59278125
3572,113160,0.04190782
3573,25293,0.95785964
3574,50988,0.3922606
3575,30764,0.003006968
3576,29960,0.5168421
3577,17333,0.0047216215
3578,14313,0.05305471
3579,95829,0.13730942
3580,8013,0.0027796994
3581,35786,0.000113155584
3582,30568,0.48317924
3583,48362,0.032232128
3584,49720,0.052630268
3585,96789,0.5787994
3586,64218,0.0029731237
3587,35665,0.030338515
3588,34031,0.01371935
3589,37517,0.019013701
3590,23422,0.5787994
3591,33113,0.021035152
3592,6190,0.73766655
3593,69379,0.12736247
3594,107254,0.0020770214
3595,69752,0.010214761
3596,111165,0.26011735
3597,53061,0.020547971
3598,79394,0.0014922644
3599,40904,7.2077964e-05
3600,79376,0.0071353973
3601,60205,0.17013359
3602,115596,0.0314218
3603,25979,0.13040477
3604,14524,0.008820455
3605,17803,0.8065387
3606,11290,0.0054169586
3607,57883,0.8072219
3608,410,0.1087735
3609,33723,0.006363857
3610,61374,0.108328365
3611,46735,0.13040477
3612,79201,0.003411673
3613,58775,0.5960657
3614,14849,0.010565702
3615,115352,0.027638081
3616,114095,2.984603e-05
3617,102802,0.122441195
3618,57396,0.0021007934
3619,64645,0.0013713595
3620,64167,0.00026007756
3621,71893,0.5072981
3622,17468,0.00012306661
3623,70388,0.006932296
3624,13689,0.001353865
3625,12726,0.02604607
3626,81509,0.0007946581
3627,92581,0.5960657
3628,97601,0.6077621
3629,20059,0.3387435
3630,81800,0.31973323
3631,67919,0.023799386
3632,60121,5.6795525e-05
3633,14857,0.0036711625
3634,90323,0.0023066094
3635,59681,0.82215583
3636,87169,0.007029523
3637,111336,0.00049070624
3638,106234,0.19465666
3639,3977,0.018432667
3640,19861,0.9542002
3641,7572,0.033438776
3642,63126,0.9796154
3643,89257,0.39557743
3644,33642,0.005541767
3645,105170,0.9688393
3646,78287,0.032022864
3647,61428,0.7920622
3648,3043,0.0031822794
3649,16056,0.012488559
3650,93287,0.0019954673
3651,102354,0.3619964
3652,95021,0.000623004
3653,34130,0.5427143
3654,37181,0.0092549315
3655,10333,0.30107048
3656,76337,0.14401716
3657,51192,0.0060585644
3658,58101,0.00047586721
3659,74407,0.005185175
3660,19250,0.001332447
3661,14894,0.5072981
3662,106878,0.007029523
3663,77709,0.00961188
3664,567,0.0025588498
3665,29341,0.27032498
3666,79549,0.5999409
3667,92253,0.007029523
3668,52233,0.31973323
3669,105109,0.6077621
3670,82922,0.004831494
3671,82787,0.31973323
3672,38947,0.36704037
3673,75819,0.8233484
3674,104301,0.0065236306
3675,85363,0.0001406553
3676,19150,0.0046426766
3677,45397,0.0048150397
3678,5048,0.0028135278
3679,66740,0.0016357844
3680,55909,0.65744025
3681,85707,0.00017774107
3682,44790,0.019013701
3683,62821,0.00726674
3684,17315,0.6185612
3685,80613,0.025224857
3686,105338,0.036027845
3687,72625,0.52248293
3688,43280,0.0003853857
3689,93829,0.037220772
3690,21550,0.001353865
3691,77090,0.0016585024
3692,34385,0.31973323
3693,9349,0.014690886
3694,56088,0.82215583
3695,39500,0.016653307
3696,5477,0.00028649715
3697,38504,0.6185612
3698,108078,0.036027845
3699,95438,0.044677686
3700,81377,0.0104701575
3701,29593,0.13730942
3702,85286,5.8067286e-05
3703,98834,0.689935
3704,37963,0.8865087
3705,24079,0.013265102
3706,48275,0.002387224
3707,108663,0.033027504
3708,19177,0.523312
3709,104806,0.5650655
3710,91003,0.00080393266
3711,50084,0.5427143
3712,12348,0.49507686
3713,39379,0.02275957
3714,47971,0.00074675947
3715,13643,0.046658676
3716,115497,0.5427143
3717,190,0.008021838
3718,24416,0.13040477
3719,77006,0.0011888258
3720,109054,0.52248293
3721,98111,0.42487767
3722,74394,0.10240164
3723,12526,0.8072219
3724,4216,0.3780569
3725,18997,0.006145934
3726,18316,0.016521992
3727,72566,0.004831645
3728,69323,0.8282514
3729,20576,0.0092549315
3730,87275,0.025606757
3731,47890,0.0022117852
3732,34750,0.0006425489
3733,104101,0.07400991
3734,85186,0.6982025
3735,86309,0.21865545
3736,111694,0.7220712
3737,63138,0.033027504
3738,105883,5.3944532e-05
3739,97731,0.0002864753
3740,18467,0.8590712
3741,30939,0.5427143
3742,103046,0.10240164
3743,90433,0.7616917
3744,63761,0.00097179366
3745,110976,0.5427143
3746,56587,0.6982025
3747,50821,0.004326877
3748,66763,0.00056364364
3749,35777,0.5427143
3750,95649,0.88752764
3751,42571,0.5072981
3752,96903,0.0053904853
3753,87013,0.0050121197
3754,53635,0.001985289
3755,98313,0.00018006096
3756,88292,0.0053904853
3757,107410,0.07076208
3758,954,0.09673064
3759,85990,0.14401716
3760,50195,0.6982025
3761,38844,0.61799353
3762,36744,0.0020164743
3763,34823,0.8072219
3764,102149,0.0016774876
3765,105849,0.043720666
3766,64496,0.00060921116
3767,12734,0.5072981
3768,99186,0.26011735
3769,53084,0.033027504
3770,101596,0.547256
3771,110051,0.13730942
3772,26146,0.0024094253
3773,66057,0.0017576037
3774,33089,0.59409255
3775,23929,0.13040477
3776,79782,0.6982126
3777,51219,0.03087039
3778,8957,0.0054169586
3779,115387,0.004707072
3780,41801,0.088638924
3781,112490,0.5980179
3782,114464,0.008681093
3783,14414,0.001353865
3784,95289,0.004542717
3785,99558,0.7220712
3786,55336,0.007029523
3787,93929,0.49364203
3788,111676,0.7616338
3789,33018,0.31973323
3790,31981,0.5375059
3791,17555,0.61799353
3792,56383,0.12481899
3793,101495,0.0065236306
3794,43131,0.0008756028
3795,45587,0.13040477
3796,61480,0.0131263975
3797,11660,0.008876673
3798,104905,0.00047394758
3799,26184,0.035248827
3800,1477,0.51642954
3801,66015,0.008014572
3802,12274,0.007099019
3803,56378,0.44410628
3804,108529,0.37642527
3805,86768,0.00038479266
3806,49085,0.5427143
3807,109264,0.0038966767
3808,95693,0.0018901108
3809,54002,0.005185175
3810,68388,0.008206041
3811,52011,0.6185612
3812,91688,0.23185891
3813,108786,0.01376545
3814,60764,0.5787994
3815,57722,0.59409255
3816,75320,0.01017783
3817,91492,0.006932296
3818,56861,0.31932625
3819,100923,0.007029523
3820,25778,0.5427143
3821,5771,0.8576125
3822,82711,0.3619964
3823,33045,0.0005178356
3824,92727,0.42193875
3825,345,0.18099944
3826,52000,0.5427143
3827,69929,0.61799353
3828,107997,0.0011341145
3829,27975,0.802448
3830,3518,0.0881926
3831,73884,0.00080393266
3832,80599,0.019844448
3833,83749,9.89673e-05
3834,90104,0.14401716
3835,13004,0.012949104
3836,18282,0.43447396
3837,108583,0.42487767
3838,110877,0.020169618
3839,108462,0.5114135
3840,89759,0.3619964
3841,3003,0.19831872
3842,46050,0.50492847
3843,60016,0.5072981
3844,13201,0.13730942
3845,72036,0.7920622
3846,94967,0.007029523
3847,83226,0.00020115737
3848,25002,0.015668392
3849,54951,0.14401716
3850,112144,0.5980179
3851,80425,0.006791405
3852,15761,0.523312
3853,78890,0.22588314
3854,85031,0.033027504
3855,2846,0.06289488
3856,77514,7.324841e-05
3857,73812,0.012808806
3858,83728,0.5072981
3859,49694,0.010061859
3860,10739,0.0025049986
3861,22296,0.1013679
3862,60230,0.5072981
3863,87948,0.59278125
3864,85431,0.016528634
3865,63227,0.7920622
3866,51844,0.17013359
3867,4677,0.022229144
3868,55630,0.033027504
3869,103020,0.7920622
3870,111440,0.7920622
3871,12985,0.015228716
3872,32399,0.59409255
3873,84836,0.00080393266
3874,35531,0.0025204062
3875,31059,0.007029523
3876,110764,0.13567427
3877,87408,0.5072981
3878,59427,0.5072981
3879,48993,0.023829836
3880,105188,0.024647798
3881,106835,0.0314218
3882,90471,7.306445e-05
3883,30338,0.5427143
3884,88977,0.7616917
3885,23383,0.019013701
3886,68318,0.00031681938
3887,105105,0.00012297547
3888,1006,0.09673064
3889,45579,0.0010284387
3890,60695,0.4377116
3891,100673,0.88752764
3892,103852,0.00013214086
3893,102781,0.3588082
3894,110802,0.49364203
3895,43304,0.8590712
3896,15009,0.00089353154
3897,98858,0.00017693854
3898,8320,0.0028135278
3899,107593,0.0049902285
3900,55438,0.5427143
3901,7642,0.09167843
3902,74763,6.470657e-05
3903,25335,0.44410628
3904,36375,0.001353865
3905,82310,0.14401716
3906,100364,0.045722723
3907,12935,0.029539535
3908,13136,0.01583257
3909,54515,0.020547971
3910,5592,0.7895489
3911,47112,0.7624394
3912,86306,0.00010820505
3913,23729,0.01371935
3914,52392,0.9433451
3915,79775,0.11250516
3916,68141,0.17457265
3917,106533,0.0059125572
3918,71977,0.7481223
3919,75782,0.14401716
3920,110784,0.0017730868
3921,41049,0.0092549315
3922,50739,0.001353865
3923,92008,0.39557743
3924,67681,0.7920622
3925,23297,0.4700601
3926,8628,0.015673688
3927,74703,0.001055999
3928,92906,0.59278125
3929,104189,0.26011735
3930,101132,0.00038878171
3931,72312,0.17457265
3932,93396,0.5980179
3933,3741,0.09167843
3934,94451,0.59278125
3935,97421,0.07027599
3936,72391,0.033027504
3937,85910,0.012631168
3938,55159,0.005513244
3939,12592,0.0005356996
3940,31183,0.00012671565
3941,14539,0.016521992
3942,100124,0.5691658
3943,99027,0.14401716
3944,42043,0.31973323
3945,86756,0.14401716
3946,67727,0.0020164743
3947,16241,0.0088156825
3948,2060,0.029926157
3949,46099,0.0015322297
3950,83526,0.24905367
3951,39623,0.13040477
3952,33104,0.5787994
3953,50649,0.59409255
3954,20493,0.008458243
3955,50835,0.13730942
3956,92433,0.033027504
3957,110237,0.0049902285
3958,70993,0.4131256
3959,34721,0.59409255
3960,96907,0.00015735568
3961,52309,0.00042476514
3962,7017,0.0028135278
3963,49425,0.00022333117
3964,103910,0.49550277
3965,8428,0.6482437
3966,50026,0.00511322
3967,71771,0.31932625
3968,69117,0.7920622
3969,60117,0.99320954
3970,66428,0.00726674
3971,58486,0.5787994
3972,94630,0.42487767
3973,87022,6.879567e-05
3974,115093,0.00014208486
3975,101381,0.27470013
3976,91734,0.845317
3977,105342,0.007099019
3978,32651,0.5787994
3979,64199,0.032022864
3980,112607,0.5427143
3981,96564,0.3619964
3982,83379,0.052030146
3983,51203,0.5072981
3984,58954,0.0015291877
3985,80864,0.011992719
3986,69398,0.10240164
3987,24384,0.27470013
3988,48252,0.0053904853
3989,27101,0.0005069784
3990,58060,0.14401716
3991,52760,0.04976746
3992,36852,0.13040477
3993,55657,0.0003814479
3994,8448,0.73766655
3995,12771,0.17457265
3996,37435,0.013143747
3997,68554,0.0009340859
3998,22727,0.504411
3999,89144,0.27470013
4000,48773,0.0021565126
4001,42930,0.007276774
4002,35372,0.022092532
4003,87080,0.14401716
4004,86257,0.033027504
4005,26251,0.013143747
4006,106864,0.26011735
4007,88722,0.16023703
4008,106640,0.7375964
4009,106509,0.5999409
4010,61317,0.7616917
4011,52943,0.6185612
4012,68573,0.020547971
4013,8129,0.05247475
4014,70913,0.11155692
4015,27184,0.00884271
4016,9314,0.08930279
4017,100346,0.4107991
4018,84089,0.6982025
4019,57541,0.9857751
4020,110370,0.001539836
4021,49734,0.8072219
4022,108477,0.019608071
4023,7910,0.0028162864
4024,17266,0.49550277
4025,38222,0.13684654
4026,28765,0.0061046057
4027,34963,0.0062839175
4028,48,0.0030137459
4029,47621,0.0014513604
4030,46982,0.65522355
4031,31464,0.00090385147
4032,25731,8.712989e-05
4033,36735,0.0049479622
4034,84571,0.3619964
4035,51446,0.25119156
4036,38101,7.728623e-05
4037,96773,0.13684654
4038,68148,0.0018597479
4039,81131,0.14401716
4040,25277,0.049800474
4041,63154,0.25119156
4042,109211,0.19465666
4043,31759,0.6982025
4044,69644,0.12634419
4045,93625,0.5999409
4046,60677,0.039320398
4047,37352,0.01583257
4048,94819,0.0025762145
4049,48482,0.020459995
4050,32060,0.5168421
4051,84027,0.6982025
4052,60551,0.14401716
4053,89125,0.35487762
4054,37521,0.7749112
4055,106498,0.7616338
4056,90839,0.3619964
4057,94678,0.00058153074
4058,112573,0.004933992
4059,45594,0.013143747
4060,50868,0.001353865
4061,22952,0.21865545
4062,74420,0.533381
4063,34612,0.0015946166
4064,16110,0.00026007756
4065,57793,0.14401716
4066,4197,0.0054169586
4067,93652,0.0020588601
4068,4467,0.0010483694
4069,113975,0.07400991
4070,35443,0.8072219
4071,57432,0.007029523
4072,94014,0.11677547
4073,65606,0.0013462169
4074,113256,0.01190348
4075,64257,0.12634419
4076,55655,0.5427143
4077,76932,0.1300984
4078,70437,0.0005026876
4079,5150,0.0018705095
4080,9246,0.0008915042
4081,59222,0.017783005
4082,43983,0.88184494
4083,34185,0.017745955
4084,68154,0.4377116
4085,55183,0.008132936
4086,72790,0.61799353
4087,85241,0.65744025
4088,95972,0.00017056674
4089,44352,0.42057085
4090,74195,0.7920622
4091,83600,0.028048089
4092,62377,0.6982025
4093,82161,0.7064379
4094,62550,0.0088156825
4095,11224,0.05286063
4096,49366,0.6185612
4097,52044,0.02841805
4098,102659,0.5072981
4099,52964,0.00022333117
4100,112908,0.008132936
4101,34509,0.01017783
4102,27914,0.01371935
4103,80198,0.0030654797
4104,34041,0.5427143
4105,77160,0.004376268
4106,115741,0.033027504
4107,82329,0.005185175
4108,6770,0.047322333
4109,45134,0.20706925
4110,44943,0.001353865
4111,7604,0.9264241
4112,65902,0.22588314
4113,105192,0.032022864
4114,69215,0.016742066
4115,4540,0.05184201
4116,13539,0.27636027
4117,90979,0.3619964
4118,49874,0.004499971
4119,83824,0.22588314
4120,99592,0.3588082
4121,74953,0.6982025
4122,95222,0.5427143
4123,46853,0.5375059
4124,74154,0.31729448
4125,78674,0.0017992142
4126,81591,0.7481223
4127,17721,0.0010526127
4128,45270,0.0022567036
4129,93504,0.016521992
4130,84769,0.00080393266
4131,81201,0.42193875
4132,30938,0.01583257
4133,101427,0.65751773
4134,112879,0.036778376
4135,14669,0.523312
4136,62706,0.5072981
4137,50537,0.5427143
4138,108373,0.7220712
4139,79168,0.00011201758
4140,16736,0.10998746
4141,91700,0.54492104
4142,42964,0.006333401
4143,89645,0.011101982
4144,28191,0.7920622
4145,6679,0.006578858
4146,12414,0.033004504
4147,87525,0.6063789
4148,63224,0.17013359
4149,109386,0.033027504
4150,4407,0.88008237
4151,28950,0.00089470606
4152,29680,0.7888377
4153,48351,0.001353865
4154,101694,0.00048274876
4155,6671,0.008043552
4156,30123,0.008132936
4157,92740,0.0003685863
4158,69437,0.08031035
4159,59523,0.25119156
4160,92165,0.102604255
4161,97047,0.01017783
4162,16150,0.5072981
4163,82266,0.033027504
4164,44858,0.000151333
4165,45420,0.039320398
4166,72504,0.7920622
4167,31437,0.5427143
4168,42771,0.00019865738
4169,104623,0.10187763
4170,25766,0.019013701
4171,75539,0.00042697584
4172,61071,0.31973323
4173,74480,0.3619964
4174,20587,0.0092549315
4175,41803,0.0004633671
4176,1808,0.004389987
4177,9741,0.0033046973
4178,104157,0.0033343262
4179,48515,0.12634419
4180,76699,0.01376545
4181,6224,0.3851501
4182,95225,0.009222873
4183,76676,0.17593685
4184,63262,0.7481223
4185,51334,0.023559162
4186,26498,0.20558783
4187,58247,0.0007825852
4188,17819,0.5960657
4189,112965,0.26011735
4190,8996,0.0028135278
4191,113106,0.0102000525
4192,14815,0.27470013
4193,25936,0.81563526
4194,28510,0.20558783
4195,3019,0.094868705
4196,36534,0.001353865
4197,69967,0.032022864
4198,100512,0.36848506
4199,110289,0.066662066
4200,82289,0.17457265
4201,44170,0.4377116
4202,115063,0.00097606203
4203,93577,0.09227307
4204,12499,0.49507686
4205,45495,0.0023323714
4206,101208,0.02967053
4207,29728,0.013143747
4208,26724,0.13730942
4209,63979,0.0031033724
4210,46370,0.0026656725
4211,108290,0.03208058
4212,15193,0.00029882928
4213,85954,0.005322833
4214,41721,0.019013701
4215,45499,0.12634419
4216,47088,0.002387224
4217,72560,0.033027504
4218,46866,0.13040477
4219,103280,0.0059125572
4220,14558,0.8848291
4221,104745,0.000489036
4222,86059,0.82215583
4223,92079,0.7038658
4224,67807,0.3619964
4225,42556,0.866006
4226,103579,0.3619964
4227,72143,0.0796306
4228,92892,0.013107756
4229,83053,0.0019859807
4230,4834,0.020197285
4231,23082,0.44410628
4232,62669,0.14401716
4233,25787,0.0005711812
4234,109961,0.6077621
4235,86543,0.3619964
4236,31846,0.006333401
4237,13149,0.5072981
4238,21022,0.52248293
4239,87614,0.7616917
4240,2252,0.027050344
4241,67827,0.5375059
4242,57166,0.0017728632
4243,22873,0.12634419
4244,92197,0.2507172
4245,25180,0.0005357913
4246,41411,0.13040477
4247,51193,0.13730942
4248,109925,0.6312102
4249,38809,0.0018256658
4250,45003,0.13040477
4251,33713,0.5427143
4252,77563,0.61799353
4253,40431,0.5072981
4254,47439,0.8233484
4255,24624,0.12634419
4256,16406,0.56752956
4257,68465,0.3619964
4258,64509,0.00020782958
4259,97969,0.88752764
4260,98414,0.076594226
4261,98681,0.8233484
4262,70524,0.006308925
4263,41736,0.039320398
4264,6810,0.08992581
4265,105294,0.16189902
4266,98015,0.88752764
4267,24313,0.006735575
4268,42001,0.13040477
4269,48031,0.015463968
4270,91907,0.07400991
4271,89945,0.018802593
4272,19272,0.08290729
4273,49051,0.59409255
4274,25212,0.61799353
4275,23682,0.008072244
4276,63704,0.00033226295
4277,67061,0.002387224
4278,78520,0.5072981
4279,35370,0.5072981
4280,42832,0.10163855
4281,45004,0.00063517125
4282,62451,0.19465666
4283,87375,0.0614554
4284,88207,0.06290693
4285,64741,0.22588314
4286,10025,0.09167843
4287,69948,0.24387737
4288,109919,0.004707072
4289,6713,0.022601707
4290,40332,0.5072981
4291,103045,0.31932625
4292,88704,0.056329917
4293,39230,0.22588314
4294,47798,0.3619964
4295,77035,0.012201298
4296,16219,0.002387224
4297,42412,0.13040477
4298,6490,0.5037168
4299,19538,0.00094694126
4300,69508,0.3619964
4301,69528,0.5787994
4302,93905,0.7220712
4303,40948,0.019013701
4304,59076,0.12634419
4305,39017,0.023674505
4306,60753,0.12634419
4307,69054,0.006590371
4308,103877,0.7616338
4309,79729,0.063201606
4310,32409,0.008132936
4311,99473,0.8305476
4312,72488,0.033027504
4313,58873,0.7920622
4314,91526,0.13730942
4315,6762,0.020197285
4316,97858,0.033027504
4317,28823,0.0061046057
4318,35586,0.00025086082
4319,55363,0.008132936
4320,77072,0.032022864
4321,40978,0.0006843132
4322,438,0.00031681938
4323,30972,0.008132936
4324,49326,0.5072981
4325,508,0.14743158
4326,110180,0.0025762145
4327,60661,0.5072981
4328,15868,0.008724595
4329,10308,0.006365703
4330,50032,0.31973323
4331,55381,0.6982025
4332,26154,0.00020468385
4333,103935,0.00061695307
4334,64902,0.22588314
4335,108344,0.0041617323
4336,63073,0.49550277
4337,59759,0.0017727629
4338,100206,0.33286145
4339,101822,0.88752764
4340,77259,0.003874918
4341,70996,0.7616917
4342,41735,7.535815e-05
4343,9608,0.7231015
4344,106362,0.14401716
4345,54023,0.008132936
4346,55649,0.5427143
4347,7076,0.21336825
4348,114985,0.015195106
4349,47151,0.13040477
4350,12633,0.020077558
4351,61338,0.017661449
4352,66591,0.16627684
4353,10567,0.9542002
4354,49859,0.5072981
4355,94746,0.5427143
4356,82346,0.31932625
4357,51425,0.49550277
4358,17483,0.0038351368
4359,100101,0.49364203
4360,15612,0.0011954193
4361,14834,0.010565702
4362,34193,0.04361101
4363,92991,0.0030137459
4364,14737,0.060134176
4365,94426,0.7869383
4366,102051,0.0023745697
4367,62507,0.0088156825
4368,99264,0.3588082
4369,39778,0.038769457
4370,12385,0.7439202
4371,72254,0.31932625
4372,51885,0.022092532
4373,88898,0.0070438194
4374,40532,0.016528634
4375,55761,0.13730942
4376,43658,0.01017783
4377,84789,0.12634419
4378,16781,0.5072981
4379,36166,0.001773659
4380,44938,0.25119156
4381,83318,0.88184494
4382,22872,0.00014409146
4383,25051,0.007574269
4384,24910,0.22588314
4385,86911,0.00080393266
4386,55763,0.007029523
4387,82245,0.3619964
4388,14400,0.25119156
4389,108519,0.009636036
4390,32996,0.27470013
4391,41334,0.039320398
4392,97939,0.0024173246
4393,67193,0.4700601
4394,89246,0.6186621
4395,12277,0.04541236
4396,52184,0.9801732
4397,41974,0.13040477
4398,58802,0.00025406602
4399,54939,3.1120104e-05
4400,73624,0.3619964
4401,9866,0.0890648
4402,69238,0.033027504
4403,31351,8.3026e-05
4404,86156,0.12634419
4405,44379,0.6185612
4406,9329,0.000913133
4407,54181,0.0060585644
4408,92246,0.0020550897
4409,81550,0.016725212
4410,2857,0.040206905
4411,94217,0.7602656
4412,63427,0.0021588574
4413,96095,1.5439064e-05
4414,102738,0.5980179
4415,52643,0.14401716
4416,12376,0.10631808
4417,106046,0.31932625
4418,76823,0.27636027
4419,61842,0.008481337
4420,93037,0.7616917
4421,96790,0.0006842082
4422,91605,0.005185175
4423,111105,0.43834177
4424,108964,0.7220712
4425,74268,0.0001630169
4426,111970,0.3619964
4427,74938,0.16627684
4428,30069,0.00034938264
4429,52590,0.005185175
4430,105222,0.7616338
4431,22142,0.012820641
4432,79132,0.36848506
4433,67301,0.030909536
4434,91720,0.41681895
4435,112703,0.9318122
4436,32048,0.5427143
4437,41359,0.003411673
4438,53902,0.13730942
4439,74299,0.033027504
4440,1194,0.028931994
4441,62921,0.7920622
4442,25362,0.0028219095
4443,51239,0.0030654797
4444,77059,0.008132936
4445,3609,0.88008237
4446,33703,0.0059368378
4447,103625,0.3582536
4448,73848,0.0022117852
4449,90182,0.018802593
4450,49131,0.50492847
4451,45849,4.781757e-05
4452,90922,0.14401716
4453,107501,0.20558783
4454,6033,0.020744335
4455,88243,0.14401716
4456,6012,0.016583057
4457,75767,0.0018455883
4458,110587,0.7220712
4459,107527,0.0005140351
4460,20745,0.0088156825
4461,101749,0.7602656
4462,60536,0.09942704
4463,23373,0.016653307
4464,59757,0.27470013
4465,53527,0.003711759
4466,30131,0.16627684
4467,113660,0.00020795743
4468,12141,0.86895704
4469,34276,0.012395069
4470,29529,0.0767248
4471,45986,0.0038281023
4472,80975,0.005339724
4473,1122,0.23185891
4474,90892,0.88546485
4475,90226,0.6063789
4476,95197,0.003467491
4477,115072,0.03245519
4478,32198,0.0026351933
4479,108918,0.17457265
4480,112345,0.001307731
4481,77993,0.75938743
4482,57674,0.0018256658
4483,25073,0.0028984642
4484,35852,0.00035894787
4485,39350,0.50492847
4486,11745,0.0016221753
4487,110550,0.0062839175
4488,100298,0.5999409
4489,67330,0.31932625
4490,9400,0.6355375
4491,68843,0.17457265
4492,21601,0.004500633
4493,7384,0.0001234798
4494,94624,0.0155566195
4495,46831,0.01017783
4496,76708,0.11250516
4497,62,0.0102000525
4498,32474,0.019602552
4499,3649,0.023362257
4500,51703,0.5427143
4501,41837,0.0025762145
4502,33676,0.016528634
4503,79353,0.88752764
4504,89078,0.002151679
4505,96009,0.7481223
4506,675,0.007029523
4507,108465,0.033027504
4508,86169,0.0053904853
4509,7909,0.0054169586
4510,114579,0.018601326
4511,46044,0.13040477
4512,66563,0.003411673
4513,44571,0.033661835
4514,21347,0.008292845
4515,953,0.0054169586
4516,66702,0.008329132
4517,15098,0.002387224
4518,96061,0.00012776467
4519,53119,0.0041886475
4520,101507,0.009652961
4521,17928,0.002387224
4522,29608,0.1464734
4523,71558,0.5672082
4524,95497,0.88752764
4525,84033,0.3619964
4526,57909,0.0131263975
4527,101844,0.002785904
4528,47693,0.04065975
4529,69086,0.0014670793
4530,66470,0.22588314
4531,103335,0.6112151
4532,40728,0.504411
4533,62252,0.004893921
4534,59919,0.10240164
4535,25944,0.019013701
4536,85736,0.016528634
4537,101098,0.007099019
4538,33380,0.026718179
4539,93899,0.043557074
4540,39429,0.8865087
4541,22262,0.0006916552
4542,59826,0.015545429
4543,65787,0.03625173
4544,63266,0.00020083194
4545,84142,0.00038403206
4546,68069,0.7920622
4547,41092,0.31973323
4548,10987,0.30178255
4549,114451,0.0022117852
4550,45839,0.65522355
4551,80330,0.3619964
4552,96316,0.5787994
4553,13389,0.81498784
4554,32422,0.5427143
4555,70096,0.50076735
4556,29090,0.022053696
4557,81641,0.02263053
4558,63947,0.08460447
4559,24260,0.01017783
4560,58726,0.13730942
4561,53777,0.81498784
4562,54049,0.5787994
4563,106194,0.007029523
4564,107616,0.7616338
4565,65876,0.007029523
4566,37966,0.04213309
4567,94645,0.00010820505
4568,7322,0.03645215
4569,102277,0.033027504
4570,110688,0.5980179
4571,49346,0.0443266
4572,68988,0.3619964
4573,12069,0.045445696
4574,1220,0.8868337
4575,18466,0.007588674
4576,84765,0.5072981
4577,51887,0.820729
4578,10564,0.020197285
4579,81751,0.013464442
4580,84216,0.34098592
4581,85342,0.012588315
4582,110958,0.033027504
4583,90080,0.015366337
4584,88461,0.0014016645
4585,115441,0.27032498
4586,64709,0.36848506
4587,35221,0.5427143
4588,35735,0.31973323
4589,65436,0.10240164
4590,80435,0.033027504
4591,33136,0.008132936
4592,62410,0.5787994
4593,33265,0.021025639
4594,17314,0.008458243
4595,61530,0.14401716
4596,87505,0.14401716
4597,17892,0.008952463
4598,21406,0.00080824184
4599,84787,0.3619964
4600,102341,0.003006968
4601,6732,0.523312
4602,10046,0.05184201
4603,76838,0.033027504
4604,73797,0.14401716
4605,59978,0.73228264
4606,2973,0.00068218785
4607,4888,0.78215474
4608,114881,0.0064453813
4609,64442,0.12634419
4610,102706,0.033027504
4611,105865,0.07669513
4612,3693,0.8547576
4613,13448,0.00047067832
4614,9429,0.00030067025
4615,39241,0.31973323
4616,103242,0.8139816
4617,99187,0.00057249586
4618,40538,0.0024094253
4619,43198,0.01583257
4620,93330,0.14401716
4621,105997,0.019368267
4622,37533,0.0038557483
4623,28332,0.13730942
4624,90667,0.7616917
4625,24284,0.31973323
4626,82886,0.039320398
4627,84122,0.0021357485
4628,44175,0.6982025
4629,103750,0.7602656
4630,10093,0.020197285
4631,19526,0.523312
4632,84223,0.4107991
4633,58477,0.5427143
4634,60313,0.59409255
4635,49417,0.0059368378
4636,4846,0.7895489
4637,28069,0.19737954
4638,62864,0.7616917
4639,45896,0.0012327771
4640,83320,0.00015301749
4641,55102,0.00021624281
4642,34359,0.59409255
4643,102133,0.7553353
4644,47884,0.00726674
4645,84486,0.0062244562
4646,46314,0.00084809004
4647,88946,0.00088787434
4648,25479,0.001353865
4649,111250,0.42487767
4650,30965,0.85749614
4651,108989,0.0020164743
4652,105124,0.00074949604
4653,97647,0.54492104
4654,67238,0.002387224
4655,78110,0.001353865
4656,61931,0.23185891
4657,71670,0.59409255
4658,31355,0.013143747
4659,103044,0.26011735
4660,76812,0.0020876415
4661,96503,0.3619964
4662,10294,0.0028135278
4663,35398,0.010846054
4664,58829,0.5072981
4665,64625,0.005877323
4666,39595,0.27470013
4667,4356,0.020077558
4668,113027,0.0059125572
4669,66394,0.10240164
4670,45146,0.00037324795
4671,17548,0.0009641465
4672,9891,0.037517305
4673,81175,0.3619964
4674,13565,0.44410628
4675,22037,0.0015625793
4676,22972,0.004306097
4677,52846,0.5427143
4678,61752,0.65744025
4679,82802,0.7243738
4680,86501,0.013632077
4681,22955,0.81498784
4682,54226,0.02961867
4683,34683,0.8072219
4684,95146,0.00071155303
4685,20526,0.0072000604
4686,83343,0.01017783
4687,112372,5.6534045e-05
4688,102696,0.88546485
4689,31093,0.00027735266
4690,96459,0.822954
4691,27956,0.21979274
4692,51087,0.17013359
4693,79693,0.24563625
4694,20780,0.007029523
4695,21589,0.046658676
4696,70942,0.5787994
4697,1155,0.29900596
4698,62723,0.7616917
4699,77824,0.033027504
4700,11817,0.27636027
4701,108272,0.002090025
4702,59611,0.002835869
4703,108034,0.049576584
4704,91430,0.13730942
4705,68499,0.0053904853
4706,37876,0.00038784218
4707,87323,0.0010451479
4708,113052,0.26011735
4709,14350,0.0088156825
4710,88503,0.008292845
4711,15609,0.9972339
4712,23293,0.03087039
4713,39586,0.504411
4714,85470,0.007856543
4715,25496,0.13040477
4716,112268,0.49550277
4717,19963,0.061520338
4718,3468,0.063621655
4719,42248,0.21979274
4720,8018,0.042923756
4721,32302,0.16627684
4722,83806,0.24563625
4723,10657,0.7323618
4724,19714,0.00069304515
4725,114995,0.10240164
4726,115296,0.0076371087
4727,44704,0.005402924
4728,70631,0.9525565
4729,47995,0.31932625
4730,18507,0.0007814893
4731,84906,0.0024722116
4732,78952,0.02275957
4733,27026,0.13730942
4734,100484,0.00084809004
4735,59147,0.5672082
4736,12881,0.0092549315
4737,18953,0.0012810089
4738,90856,0.3922606
4739,113819,0.6355375
4740,2785,0.029926157
4741,60652,0.001921301
4742,11677,0.020197285
4743,38992,0.00065855775
4744,44769,0.00077433884
4745,48607,0.00019058444
4746,5467,0.7231015
4747,49418,0.0034141187
4748,104132,0.547256
4749,115171,0.00017269963
4750,40751,0.016528634
4751,81364,0.033027504
4752,44944,0.6185612
4753,73548,0.8296031
4754,27349,0.0015946166
4755,97656,0.6185612
4756,3746,0.0005317643
4757,24922,0.5375059
4758,11945,0.044770245
4759,15482,0.00035894787
4760,106477,0.22588314
4761,92712,0.34098592
4762,94895,0.033027504
4763,26391,0.0008950005
4764,69143,0.108328365
4765,40401,0.0131263975
4766,71228,0.17457265
4767,48708,0.8590712
4768,37199,0.023255732
4769,73489,0.00025424414
4770,11216,0.32787684
4771,13430,0.8848291
4772,35687,0.5427143
4773,23567,0.13040477
4774,87088,0.015545429
4775,8906,0.020197285
4776,51556,0.19737954
4777,74011,0.4107991
4778,17241,0.7224025
4779,35246,0.8072219
4780,101222,4.7478785e-05
4781,73438,0.43834177
4782,90246,0.033027504
4783,115411,0.27470013
4784,64170,0.0027599484
4785,21341,0.007029523
4786,44847,0.04041679
4787,86556,0.011992719
4788,113739,0.8233484
4789,90429,0.5787994
4790,81571,0.033027504
4791,86552,0.52248293
4792,56896,0.8072219
4793,39181,9.6417636e-05
4794,103728,0.001539836
4795,24584,0.36704037
4796,4106,0.008072244
4797,109413,0.00013339546
4798,87075,0.7829698
4799,98176,0.5691658
4800,8627,0.73766655
4801,17469,0.10548218
4802,59828,0.00024108081
4803,108522,0.030338515
4804,21919,0.8848291
4805,32317,0.5787994
4806,35623,0.0014922644
4807,41313,0.5787994
4808,57009,0.004287459
4809,60081,0.3857383
4810,43643,0.0004534361
4811,98576,0.88752764
4812,29189,0.0013774242
4813,80309,0.0015259695
4814,31105,0.007099019
4815,61596,0.0012045783
4816,57150,0.0021588574
4817,98141,0.2355833
4818,66762,0.12634419
4819,57063,0.017054755
4820,82294,0.0031033724
4821,49336,0.8072219
4822,13422,0.8072219
4823,86809,0.0021282367
4824,20580,0.05286063
4825,43033,0.0131263975
4826,96570,0.70420945
4827,45351,0.7834908
4828,50910,0.00096633617
4829,72125,0.00054187165
4830,47661,0.13040477
4831,3634,0.8214854
4832,111978,0.7616917
4833,3340,0.0028135278
4834,62155,0.7481223
4835,35775,0.00020980646
4836,75190,0.00039589452
4837,26454,0.013143747
4838,105242,0.0013089578
4839,79533,0.10240164
4840,108531,0.8534492
4841,9074,0.018432667
4842,41639,0.09762265
4843,30856,0.026718179
4844,36226,0.5072981
4845,52225,0.5427143
4846,16862,0.31973323
4847,37476,0.21979274
4848,100378,0.43834177
4849,11748,1.640614e-05
4850,100719,0.014237268
4851,19600,0.8065387
4852,91837,0.034861017
4853,33439,0.014433683
4854,37944,0.00034487687
4855,14903,0.008952463
4856,41436,0.81498784
4857,114595,0.0011595716
4858,42781,0.31973323
4859,42288,0.62831575
4860,13416,0.046658676
4861,65383,0.0123029305
4862,98984,0.52364886
4863,84993,0.689935
4864,72537,0.005185175
4865,32761,0.6185612
4866,102598,0.0015185609
4867,114782,0.025606757
4868,94859,0.007933557
4869,66269,0.19465666
4870,37610,0.026343359
4871,65786,0.5497329
4872,11429,0.020197285
4873,68712,0.033027504
4874,2648,0.36704037
4875,109379,0.011992719
4876,83078,0.6185612
4877,102426,0.6480605
4878,32732,0.36848506
4879,94692,0.032022864
4880,3564,0.040206905
4881,57884,0.8072219
4882,21534,0.007099019
4883,40705,0.2560723
4884,44205,0.7624394
4885,9759,0.05785655
4886,14726,0.002387224
4887,27602,0.8590712
4888,104376,0.6485016
4889,51607,0.00014778702
4890,83975,0.3619964
4891,83792,0.7920622
4892,94587,0.008481337
4893,55935,0.7481223
4894,66580,0.007627192
4895,33445,0.0020164743
4896,35365,0.000120180826
4897,38402,9.789924e-05
4898,88398,0.043095794
4899,111360,0.05981554
4900,111791,0.27636027
4901,9333,0.10115119
4902,47786,0.44410628
4903,40137,0.5787994
4904,57407,0.003006968
4905,62540,0.0005530345
4906,107855,0.42193875
4907,32291,0.011863592
4908,108393,0.70420945
4909,37069,0.0031333475
4910,43695,0.003411673
4911,69139,0.027030254
4912,20053,0.0088156825
4913,78405,0.8029404
4914,62347,0.6063789
4915,92016,0.0011855231
4916,73813,0.14401716
4917,66719,0.032022864
4918,108639,0.005893183
4919,113890,0.89779866
4920,19015,0.0068509015
4921,19118,0.0092549315
4922,43779,0.019013701
4923,63759,0.00051462295
4924,57349,0.0004136665
4925,8209,0.00046156626
4926,103463,0.052030146
4927,74731,0.041646097
4928,90119,0.7616917
4929,95327,0.0024127238
4930,96779,0.021033138
4931,66592,0.47034386
4932,66680,0.061520338
4933,49064,0.108328365
4934,115696,0.012808806
4935,23546,0.0092549315
4936,20597,0.0088156825
4937,7857,0.0005992222
4938,7938,0.0028135278
4939,77877,0.8590712
4940,61042,0.7920622
4941,27250,0.00066766975
4942,23521,0.004831645
4943,31053,0.0042766426
4944,15568,0.007588674
4945,100787,0.49364203
4946,111586,0.006695762
4947,26976,0.03458862
4948,95618,0.0024971375
4949,23897,0.001353865
4950,97740,0.6077621
4951,92214,0.7616917
4952,29211,0.21979274
4953,59093,0.44410628
4954,33225,0.001353865
4955,103999,0.7481223
4956,81640,6.1037426e-05
4957,74064,0.00055099645
4958,84968,0.033027504
4959,58338,0.0515459
4960,42045,0.0010284387
4961,15024,0.01371935
4962,62881,0.027030254
4963,44627,0.81563526
4964,103993,0.024558479
4965,107612,0.010582275
4966,114615,0.0013973875
4967,49957,0.8688992
4968,108739,9.344111e-05
4969,80478,0.21865545
4970,41769,0.0013259805
4971,103926,0.00017505218
4972,44954,0.001353865
4973,63600,0.13730942
4974,1683,0.02482173
4975,50255,0.59409255
4976,35457,0.5427143
4977,13965,0.002838057
4978,94438,0.5427143
4979,99802,0.74324876
4980,29668,0.6982025
4981,88146,0.7616917
4982,93541,0.14401716
4983,115908,0.03494168
4984,107387,0.033027504
4985,86804,0.033027504
4986,41246,0.001353865
4987,72345,0.032232128
4988,97692,0.00024523336
4989,29265,0.21979274
4990,112350,0.025438204
4991,55074,0.0092549315
4992,103694,0.0013691899
4993,85702,0.006932296
4994,85856,0.002173945
4995,80504,0.43834177
4996,56304,0.00011784816
4997,104240,0.31932625
4998,50338,0.0062839175
4999,41505,0.013143747
5000,8682,0.086525634
5001,11712,0.0028135278
5002,74894,0.7920622
5003,38249,0.13040477
5004,30264,0.5427143
5005,50703,0.802448
5006,81247,0.65744025
5007,37317,0.038769457
5008,47564,0.0030137459
5009,52229,0.01583257
5010,92976,0.12634419
5011,11496,0.0065688156
5012,13029,0.7231015
5013,46155,0.0035153013
5014,114874,0.3588082
5015,89192,0.029243568
5016,77242,0.7616917
5017,42066,0.88184494
5018,20988,0.007029523
5019,80774,4.7794776e-05
5020,12666,0.49507686
5021,41670,0.61799353
5022,6236,0.05184201
5023,40013,0.007276774
5024,55632,0.023799386
5025,6459,0.01027519
5026,77347,0.7481223
5027,28212,0.024446432
5028,38132,0.8865087
5029,95925,0.57065606
5030,99401,0.08290729
5031,8074,0.0028135278
5032,70877,0.7920622
5033,8329,0.0054169586
5034,69009,0.6185612
5035,14331,0.013530958
5036,18485,5.4671636e-05
5037,45235,0.13040477
5038,52783,0.0010565188
5039,49491,0.5072981
5040,36160,0.5427143
5041,34159,0.8590712
5042,61011,0.14401716
5043,33463,0.31973323
5044,103081,0.3619964
5045,63119,0.54492104
5046,8493,0.033438776
5047,66491,0.0008741673
5048,64025,0.12634419
5049,112444,0.016465155
5050,70967,0.0019228029
5051,92705,0.011333261
5052,54531,0.033661835
5053,59940,0.7616917
5054,110441,0.00065916026
5055,30678,0.0058439407
5056,112000,0.7481223
5057,105427,0.7616338
5058,35912,0.5427143
5059,10851,0.87007356
5060,47233,0.0006916552
5061,114933,0.0027822356
5062,57258,0.032232128
5063,94972,0.12634419
5064,57102,0.14401716
5065,18352,0.012808806
5066,114842,0.0022841142
5067,72209,2.1466618e-05
5068,20507,0.0150690535
5069,96257,0.0020164743
5070,74463,0.006932296
5071,97156,0.689935
5072,19364,0.002151679
5073,11970,0.046658676
5074,17516,0.61799353
5075,91897,0.007574269
5076,56498,0.7481223
5077,110574,0.00037718963
5078,63310,0.10240164
5079,114124,0.0076710745
5080,17791,0.5072981
5081,15492,0.0023082397
5082,55783,0.13730942
5083,29269,0.007099019
5084,75272,0.50492847
5085,101973,0.122441195
5086,15496,0.0088156825
5087,6378,0.8576125
5088,82055,0.13730942
5089,61878,0.14401716
5090,83170,0.7616917
5091,31533,0.5427143
5092,115723,0.26011735
5093,60309,0.7920622
5094,20410,0.0018680639
5095,31964,0.0092549315
5096,42700,0.0015559508
5097,78210,0.008132936
5098,111783,0.012808806
5099,13132,0.5168421
5100,23503,0.4107991
5101,13150,0.0073202727
5102,57312,0.00021323147
5103,69638,0.7616917
5104,99606,0.0012172955
5105,62134,0.011490799
5106,16990,0.02275957
5107,87318,0.01017783
5108,61602,0.12634419
5109,55736,0.0068646325
5110,64117,0.12634419
5111,20163,0.0088156825
5112,5415,0.0032003426
5113,27206,0.504411
5114,110120,0.00091144495
5115,35566,0.0014696156
5116,56096,0.027030254
5117,39902,0.016528634
5118,76622,0.52248293
5119,69047,0.17457265
5120,70767,0.5427143
5121,59341,0.09198973
5122,89285,0.050986372
5123,115527,0.0059125572
5124,54093,0.13730942
5125,102794,0.016528634
5126,69962,0.14401716
5127,104421,0.009088283
5128,59819,0.7616917
5129,37427,0.17280069
5130,9602,0.0027796994
5131,36300,5.9091333e-05
5132,78137,0.52248293
5133,64653,0.002519342
5134,15677,0.027104618
5135,113009,0.0013801161
5136,15451,0.523312
5137,95076,0.0006187355
5138,81530,0.7057373
5139,44957,0.0031470875
5140,27588,0.031275123
5141,58579,0.6982126
5142,6230,0.0001055973
5143,35915,0.028225413
5144,103467,0.034388546
5145,103720,0.7220712
5146,53823,0.01017783
5147,113019,0.009708192
5148,51183,0.03458862
5149,58214,0.5672082
5150,71816,0.033027504
5151,69570,0.016939042
5152,14360,0.03087039
5153,14052,0.00066716626
5154,78953,0.033027504
5155,111641,0.3619964
5156,22062,0.31973323
5157,50846,0.0006916552
5158,4021,0.7231015
5159,4117,0.0020726258
5160,108135,0.67805946
5161,104715,0.07669513
5162,44935,0.010364625
5163,53732,0.31973323
5164,16766,0.6133949
5165,918,0.003448961
5166,85460,0.05438297
5167,35714,0.61799353
5168,28313,0.038769457
5169,90758,0.31973323
5170,80829,0.06290693
5171,96020,0.00037691052
5172,92053,0.16627684
5173,54118,0.2409326
5174,72266,0.013815899
5175,111001,0.0059125572
5176,84241,0.03767169
5177,109724,0.0013259805
5178,95108,0.504411
5179,54558,0.5427143
5180,6119,0.19831872
5181,38688,0.019013701
5182,31849,0.00026263917
5183,104065,0.09125663
5184,83265,0.0009483714
5185,26194,0.13730942
5186,106636,0.11001589
5187,52461,0.0012327061
5188,43215,0.011324875
5189,112441,0.3153181
5190,26328,0.011376962
5191,83315,0.27470013
5192,47433,0.00034938264
5193,27019,0.5427143
5194,58685,0.0007466445
5195,81737,0.7481223
5196,77339,0.0006124656
5197,13932,0.9202913
5198,92790,0.0009897641
5199,106994,0.0026340506
5200,24532,0.13730942
5201,113615,0.8417476
5202,30474,0.0864998
5203,82917,0.0026346094
5204,29716,0.1293857
5205,7890,0.05077686
5206,18568,0.0092549315
5207,17986,0.49550277
5208,77412,0.12634419
5209,78528,0.12573561
5210,18135,0.008458243
5211,67836,0.46358603
5212,61720,0.0031033724
5213,40041,0.05476863
5214,27412,0.0042011044
5215,7153,0.016162924
5216,39003,0.9103661
5217,22396,0.17013359
5218,68534,0.0018455883
5219,44976,0.8065387
5220,96513,0.3619964
5221,108616,0.007029523
5222,30073,0.13730942
5223,20234,0.00028613216
5224,112494,0.6077621
5225,41368,0.5168421
5226,76601,0.033027504
5227,62642,0.00011387085
5228,3210,0.006578858
5229,35715,0.010846054
5230,102122,0.7295774
5231,94454,0.5427143
5232,2007,0.046516992
5233,2638,0.29900596
5234,91701,0.0067992443
5235,56784,0.002243549
5236,101178,3.189248e-05
5237,51399,3.3740605e-05
5238,8071,0.0015587297
5239,34687,0.020726064
5240,91074,0.3619964
5241,787,0.0015587297
5242,12719,0.0015802454
5243,91298,0.003006968
5244,9679,0.51642954
5245,12011,0.0092549315
5246,84808,0.3619964
5247,133,0.01371935
5248,69879,0.0796306
5249,64375,0.0057962663
5250,82381,0.033027504
5251,82978,0.35487762
5252,72762,0.5072981
5253,105564,0.036027845
5254,74599,0.54048204
5255,110966,0.0042547244
5256,89533,0.7616917
5257,60104,0.033644553
5258,52581,0.033027504
5259,71576,0.01376545
5260,44914,0.009260293
5261,42588,0.001353865
5262,85257,0.3619964
5263,74975,0.00050071947
5264,113443,0.3582536
5265,19251,0.00037783923
5266,104248,0.31932625
5267,56147,0.0038557483
5268,71934,0.5672082
5269,46729,0.019013701
5270,69222,0.0022117852
5271,82551,0.3619964
5272,110457,0.01172875
5273,74922,0.14401716
5274,51812,0.5427143
5275,2050,0.019294314
5276,61575,0.49550277
5277,71261,0.0053904853
5278,25863,0.046199236
5279,55328,0.5787994
5280,1361,0.043799154
5281,86745,0.3619964
5282,95180,0.7553353
5283,55837,0.0015946166
5284,21959,0.0006000981
5285,29193,0.20558783
5286,70725,0.023799386
5287,5975,0.023362257
5288,70797,0.17457265
5289,77842,0.00010820505
5290,92474,0.8305476
5291,37661,0.0006809955
5292,6155,0.05184201
5293,87969,0.0070438194
5294,89915,0.018450819
5295,55964,0.7616917
5296,111352,0.10998746
5297,74780,0.01017783
5298,10134,0.0324319
5299,96812,0.000831846
5300,56912,0.5427143
5301,8438,0.056783542
5302,33971,0.0006970715
5303,15477,0.0088156825
5304,99498,0.7945642
5305,65028,0.022169856
5306,28317,0.13730942
5307,71164,0.5787994
5308,75305,0.007029523
5309,105766,0.27470013
5310,28108,0.21979274
5311,58527,0.012405036
5312,104369,0.00014916924
5313,65590,0.00045313063
5314,101309,0.7220712
5315,49484,0.6185612
5316,10460,0.018062472
5317,25840,0.85749614
5318,114015,0.003730446
5319,40764,0.00048590722
5320,5424,0.05184201
5321,37360,0.001353865
5322,76549,0.19465666
5323,84267,0.3619964
5324,68350,0.8065387
5325,97428,0.88546485
5326,40934,0.001353865
5327,7994,0.020744335
5328,1767,0.0049269153
5329,104193,0.047940962
5330,76813,0.0070438194
5331,106705,0.00057711976
5332,96358,0.74324876
5333,86486,0.504411
5334,62616,0.016653307
5335,82351,0.0022449465
5336,91077,0.88546485
5337,47191,0.040804535
5338,23915,0.06290693
5339,96604,0.00077398063
5340,59326,0.5427143
5341,96406,0.74324876
5342,95473,0.5787994
5343,57274,0.0017835906
5344,105796,0.585949
5345,110874,0.3588082
5346,35313,0.5787994
5347,18820,0.00030872136
5348,47970,0.0020164743
5349,104346,0.006466289
5350,106011,0.1198357
5351,52969,0.8233484
5352,3772,0.387595
5353,102641,0.6032943
5354,83687,0.0035153013
5355,76706,0.3619964
5356,14,0.05286063
5357,31520,0.011991313
5358,92381,0.3619964
5359,98747,0.63507825
5360,70597,0.3619964
5361,42267,0.0015161617
5362,68468,0.027030254
5363,66826,0.7051278
5364,64643,0.27470013
5365,102993,0.01872234
5366,110090,0.0112617295
5367,33078,0.020547971
5368,24466,0.5168421
5369,2884,0.0028135278
5370,102622,0.0022117852
5371,62017,0.00054187165
5372,45229,0.013143747
5373,77599,0.25119156
5374,24720,0.7834908
5375,78816,0.8072219
5376,8961,0.0028135278
5377,80151,2.6553951e-05
5378,67704,0.00025965436
5379,84446,0.36704037
5380,82493,0.015545429
5381,107747,0.7220712
5382,74563,0.27470013
5383,67653,0.10240164
5384,111866,0.26011735
5385,77827,0.14401716
5386,43482,0.013143747
5387,85253,0.011767092
5388,31970,0.5427143
5389,74578,0.033027504
5390,40408,0.0015418233
5391,45183,0.13040477
5392,52257,0.007029523
5393,1715,0.008692204
5394,105845,0.025511008
5395,55859,0.039320398
5396,634,0.0014852193
5397,90102,0.5787994
5398,90516,0.0053904853
5399,26321,0.20558783
5400,103838,0.0059125572
5401,10990,0.022601707
5402,89305,0.039372873
5403,74750,0.27470013
5404,5160,0.0054169586
5405,25359,0.21865545
5406,107915,0.034388546
5407,114659,0.59409255
5408,105583,0.7602656
5409,99760,0.0057307
5410,6905,0.020744335
5411,48105,0.14401716
5412,73523,0.043095794
5413,22786,0.27636027
5414,18681,0.10631808
5415,6889,0.023362257
5416,88132,0.033027504
5417,110506,0.3619964
5418,108712,0.8775108
5419,89464,0.033027504
5420,69010,0.38301587
5421,108410,0.631487
5422,55615,0.5427143
5423,45458,0.03677497
5424,88147,0.12634419
5425,114845,4.974403e-05
5426,31980,0.36848506
5427,63141,0.7481223
5428,89687,0.039320398
5429,97463,0.076594226
5430,35226,0.5427143
5431,52898,0.34098592
5432,1223,0.02760587
5433,102077,0.00015919036
5434,62169,0.0018901108
5435,14973,0.001353865
5436,17077,0.523312
5437,23039,0.0011754419
5438,43260,0.003411673
5439,107850,0.20558783
5440,55068,0.022053696
5441,101863,4.84257e-05
5442,32130,0.0040027127
5443,65744,0.016521992
5444,75129,0.011784044
5445,90467,0.5134833
5446,51624,0.5427143
5447,85180,0.3582536
5448,83266,0.01553973
5449,38703,0.0028125849
5450,38369,0.31973323
5451,41424,0.7038658
5452,45827,0.033661835
5453,45640,0.52248293
5454,41521,0.00027235708
5455,3322,0.016529797
5456,36886,0.035460703
5457,27675,0.7920622
5458,98488,0.011305415
5459,58647,0.91200477
5460,46816,0.504411
5461,76154,0.5072981
5462,102576,0.00043809233
5463,45158,0.504411
5464,63038,0.033027504
5465,100808,0.88752764
5466,2636,0.029340554
5467,83467,0.033027504
5468,64545,0.12634419
5469,52691,0.8475408
5470,41782,0.001353865
5471,108533,0.5999409
5472,56919,0.5427143
5473,28448,0.48317924
5474,59407,0.002008339
5475,2767,0.0028135278
5476,97379,8.2975115e-05
5477,50959,0.7834908
5478,115852,0.5999409
5479,94540,0.0028555072
5480,40195,0.001353865
5481,8022,0.3368783
5482,2708,0.5042971
5483,76383,0.34098592
5484,50439,0.00030150617
5485,36340,0.5427143
5486,2896,0.0007385348
5487,78482,0.01376545
5488,40443,0.81563526
5489,58983,0.17013359
5490,82609,0.7616917
5491,4380,0.020197285
5492,92791,0.00014061427
5493,63962,0.00053673435
5494,986,0.6185612
5495,27762,0.7920622
5496,86301,0.043557074
5497,68784,0.0003047112
5498,44736,0.005877323
5499,88316,0.10340345
5500,10260,0.0009861891
5501,62908,0.013143747
5502,27992,0.01583257
5503,78387,0.44410628
5504,64207,0.22588314
5505,102008,7.297532e-05
5506,80838,0.008132936
5507,107764,0.0053904853
5508,84713,0.00031978567
5509,33360,0.026718179
5510,61325,0.17457265
5511,62948,0.01583257
5512,41458,0.011324875
5513,18138,0.649481
5514,198,0.056783542
5515,80548,0.31973323
5516,17370,0.8035105
5517,14089,0.0016109264
5518,91828,0.033027504
5519,69321,0.00034245828
5520,63390,0.004697797
5521,26147,0.007099019
5522,52816,0.14401716
5523,79926,0.14401716
5524,76994,0.033027504
5525,51428,0.5427143
5526,36149,0.31973323
5527,103053,0.3619964
5528,64107,0.0018228543
5529,1623,0.0013465476
5530,30531,0.17013359
5531,104511,0.00024352176
5532,41139,0.00017502064
5533,31807,0.006333401
5534,43055,0.0015167076
5535,24521,0.013265102
5536,77331,0.5787994
5537,85812,0.7243738
5538,78270,0.020547971
5539,71477,0.6063789
5540,65666,0.10240164
5541,97319,0.00022118872
5542,16728,0.004644887
5543,80088,0.039747313
5544,102209,0.00080393266
5545,105476,0.31973323
5546,55908,0.6712019
5547,60464,0.14401716
5548,39475,0.002008339
5549,46450,0.52248293
5550,34157,0.7057373
5551,86869,0.0036338558
5552,50054,0.0039820564
5553,73293,0.006333401
5554,115437,0.021427775
5555,12321,0.009634103
5556,15232,0.3922606
5557,14214,0.19465666
5558,32120,0.061520338
5559,28118,0.0014922644
5560,54797,0.0131263975
5561,82114,0.7481223
5562,33351,0.31973323
5563,97677,0.09227307
5564,104214,0.5999409
5565,70359,0.009222873
5566,39349,0.008681093
5567,92586,0.54492104
5568,4196,0.6982126
5569,24930,0.7933165
5570,40345,0.0102362605
5571,111422,0.0012450533
5572,24966,0.31973323
5573,66292,0.047093634
5574,14540,0.0088156825
5575,73787,0.7481223
5576,84445,0.5787994
5577,66258,7.0435926e-05
5578,19685,0.002856765
5579,62140,0.7323618
5580,30485,0.49550277
5581,100724,0.0065236306
5582,103078,0.5787994
5583,16769,0.0023082397
5584,21559,0.8848291
5585,23118,9.790101e-05
5586,97704,0.54492104
5587,99268,0.14335498
5588,36885,0.13730942
5589,25509,0.023361359
5590,87476,0.06277273
5591,53858,0.5072981
5592,216,0.9159472
5593,30404,0.0007114846
5594,73011,0.19465666
5595,20386,0.020478815
5596,28273,0.0072710095
5597,49668,0.5427143
5598,97017,0.0067992443
5599,93441,0.5999409
5600,86483,0.034388546
5601,76524,0.0030654797
5602,1500,0.008021838
5603,105493,0.12634419
5604,103111,0.5980179
5605,1763,0.0024896516
5606,3930,0.0028135278
5607,62556,0.0148394825
5608,37591,0.7888377
5609,97144,0.08296096
5610,30009,0.5427143
5611,100586,0.01376545
5612,99742,0.019844448
5613,62161,0.61799353
5614,23529,0.17013359
5615,4357,0.006868593
5616,39980,0.5072981
5617,96407,0.0011693175
5618,111262,0.5999409
5619,73992,0.01234972
5620,57023,0.061520338
5621,54828,0.31973323
5622,13882,0.008724595
5623,109950,0.42487767
5624,7095,0.0005992222
5625,76697,0.21865545
5626,51896,0.0062839175
5627,66049,0.016521992
5628,30524,0.5427143
5629,2278,0.04065975
5630,16047,0.56752956
5631,2201,6.921048e-05
5632,79143,0.033027504
5633,37309,0.016565625
5634,55738,0.31973323
5635,39485,0.5787994
5636,100410,0.26011735
5637,95940,0.00085451815
5638,102178,0.050986372
5639,108752,0.007029523
5640,93863,0.585949
5641,3414,0.025764976
5642,70338,0.7051278
5643,85966,0.8672752
5644,91478,0.5787994
5645,39046,0.01093197
5646,42193,0.8590712
5647,76350,0.16627684
5648,31104,0.0035041845
5649,80794,0.01376545
5650,68827,0.00020287241
5651,44136,0.0068241907
5652,65857,0.016521992
5653,21370,0.004629718
5654,61982,0.902617
5655,55316,0.0012519009
5656,25910,0.017478535
5657,55037,0.04571049
5658,5573,0.7895489
5659,71888,0.0044722315
5660,10651,0.0025342687
5661,17677,0.004376268
5662,101183,0.12634419
5663,108528,0.00010820505
5664,85131,0.00080393266
5665,68397,0.93920165
5666,10652,0.008021838
5667,11971,0.01371935
5668,53731,0.02275957
5669,82157,0.4107991
5670,109858,0.0062839175
5671,74155,6.428146e-05
5672,57464,0.5427143
5673,60070,0.22588314
5674,88089,0.043557074
5675,24681,0.0026947088
5676,65453,0.0042011044
5677,19999,0.0005136883
5678,93758,0.0004737132
5679,94654,0.006564492
5680,75837,0.7243738
5681,43737,0.6982025
5682,81752,0.0007722166
5683,18824,6.0291986e-06
5684,41068,0.5072981
5685,43683,0.21979274
5686,58119,0.5427143
5687,68761,0.016565625
5688,13917,0.61799353
5689,41482,0.0024984896
5690,16843,0.56752956
5691,38608,0.17169447
5692,16358,0.0005893467
5693,64055,0.00726674
5694,94115,0.00010820505
5695,50260,0.001353865
5696,60755,0.004326877
5697,35285,0.003857994
5698,103501,0.0031582247
5699,7716,0.05332768
5700,67223,0.13730942
5701,103327,0.27470013
5702,61795,0.012808806
5703,86119,0.4107991
5704,95266,0.062454823
5705,34968,0.95785964
5706,365,0.7749112
5707,29229,0.6982025
5708,50999,0.005541767
5709,30476,0.0004885626
5710,42357,0.0024094253
5711,46386,0.5375059
5712,73260,0.023361359
5713,28867,0.019602552
5714,113634,0.039971564
5715,10765,0.0010964287
5716,2887,0.040206905
5717,51293,0.0002520675
5718,93454,0.011992719
5719,91590,0.7481223
5720,69158,0.012808806
5721,87636,0.01872234
5722,19215,0.0035153013
5723,13426,0.003653304
5724,20821,0.14401716
5725,57972,0.5427143
5726,37865,0.05776599
5727,27468,0.88184494
5728,1665,0.05936022
5729,103895,0.007029523
5730,48499,0.36848506
5731,74759,0.033027504
5732,90880,0.59278125
5733,5231,0.9634163
5734,95324,0.014237268
5735,76453,0.016521992
5736,101714,0.011992719
5737,3849,0.0014217468
5738,91136,0.102604255
5739,81951,0.7043261
5740,113117,0.047940962
5741,42242,0.08724291
5742,64760,0.00054187165
5743,65052,0.006932296
5744,10443,0.03820332
5745,40758,0.019013701
5746,82758,0.3619964
5747,879,0.0015150345
5748,49408,0.0104701575
5749,28912,0.20558783
5750,37014,0.0016585024
5751,27140,0.007081134
5752,56515,0.7616917
5753,10798,0.006868593
5754,30071,0.6185612
5755,6736,0.0013535873
5756,41668,0.026718179
5757,23512,0.0062839175
5758,91844,0.59278125
5759,413,0.020744335
5760,14668,0.00061576936
5761,57666,0.13730942
5762,21736,0.21865545
5763,85212,0.012820641
5764,29560,0.032022864
5765,105807,0.26011735
5766,34786,0.0016377354
5767,89367,0.003006968
5768,77344,0.0053904853
5769,4552,0.9019747
5770,17429,0.8072219
5771,46459,0.27470013
5772,115756,0.03082418
5773,52916,0.10240164
5774,92273,0.14401716
5775,73219,0.52248293
5776,15225,0.43447396
5777,70056,0.14401716
5778,113290,0.01190348
5779,106757,0.0005385823
5780,63452,0.0088156825
5781,46300,0.13730942
5782,22183,0.13040477
5783,20822,0.015545429
5784,45833,0.0014513604
5785,14451,0.52248293
5786,42010,0.13040477
5787,80380,0.00034899765
5788,61295,0.7616917
5789,21937,0.011324875
5790,81986,0.5787994
5791,7618,0.36297506
5792,17923,0.027104618
5793,65881,0.0020222466
5794,35508,0.062396593
5795,76864,0.003006968
5796,34569,0.0017307345
5797,88019,0.00082285586
5798,89692,0.008732731
5799,31278,0.013143747
5800,3570,0.481222
5801,42450,0.01955574
5802,90529,0.7220712
5803,95535,0.0026270696
5804,67269,0.033027504
5805,27272,0.81498784
5806,87887,0.054384273
5807,111846,0.31932625
5808,102269,0.8072219
5809,53439,0.5427143
5810,33839,0.858194
5811,2030,0.9264241
5812,13502,0.00032517654
5813,106740,0.3588082
5814,101747,0.011992719
5815,46350,0.4107991
5816,65580,0.10240164
5817,82519,0.008329132
5818,57918,0.10240164
5819,24594,0.07694662
5820,21688,0.61331916
5821,56012,0.31973323
5822,77214,0.7616917
5823,3126,0.040206905
5824,107453,0.49364203
5825,24977,0.12634419
5826,87368,0.43834177
5827,2314,0.006868593
5828,79162,0.8313084
5829,51691,0.5427143
5830,22046,0.27636027
5831,10173,0.004871426
5832,49910,0.7739774
5833,91425,0.3619964
5834,4429,0.008072244
5835,3672,0.00018205144
5836,107365,0.49550277
5837,102176,9.84466e-05
5838,3163,0.0008915042
5839,61874,0.003761745
5840,35400,0.5427143
5841,62895,0.013143747
5842,82040,0.00434667
5843,83642,0.012588315
5844,2842,0.029340554
5845,50302,0.5427143
5846,115469,0.004570986
5847,13968,0.6185612
5848,91169,0.02612399
5849,1069,0.4700601
5850,68939,0.3619964
5851,66372,0.12634419
5852,13524,0.011784044
5853,40826,0.019013701
5854,1649,0.001353865
5855,7676,0.054310396
5856,92002,0.5787994
5857,37750,0.0052251373
5858,95041,0.14401716
5859,62176,0.0074997195
5860,104621,0.010582275
5861,24045,0.12634419
5862,4296,0.043563478
5863,68764,0.3619964
5864,114191,0.8139816
5865,98165,2.0992064e-05
5866,6151,0.020077558
5867,16791,0.4503174
5868,26495,0.22588314
5869,107222,0.0012452222
5870,15027,0.00018785348
5871,12419,0.0025836763
5872,69274,0.033027504
5873,29881,0.039320398
5874,109163,0.88546485
5875,81880,0.033027504
5876,92072,0.14401716
5877,47536,0.13040477
5878,109498,0.3588082
5879,62557,0.44410628
5880,93416,0.007099019
5881,39247,0.01371935
5882,27964,0.5787994
5883,51225,0.006527488
5884,45439,0.8072219
5885,11882,0.072836444
5886,40497,0.50492847
5887,68220,0.009089756
5888,20791,0.0035153013
5889,5214,0.027050344
5890,57236,0.00085075456
5891,37760,0.000183749
5892,28110,0.0026495138
5893,12002,0.0092549315
5894,115147,9.765094e-05
5895,8080,0.005341462
5896,33632,0.6077621
5897,93877,0.43834177
5898,6611,0.00025567395
5899,41166,0.011324875
5900,25638,0.10404422
5901,87760,0.098854005
5902,3606,0.88008237
5903,67862,0.7616917
5904,2384,0.040206905
5905,113335,0.10240164
5906,100825,0.0047570146
5907,9503,0.048690718
5908,97547,0.63507825
5909,76951,0.000585215
5910,27499,0.61799353
5911,41084,0.50492847
5912,104735,0.02034913
5913,86367,0.005185175
5914,84886,0.31932625
5915,98720,0.007029523
5916,72114,0.033027504
5917,698,0.033004504
5918,30035,0.001353865
5919,29983,0.007099019
5920,81153,0.65744025
5921,101204,0.001345321
5922,97129,0.88752764
5923,57300,0.25119156
5924,65102,0.000518624
5925,62614,0.0006124656
5926,113589,0.7879012
5927,3364,0.007431886
5928,72474,0.14401716
5929,100423,0.585949
5930,80959,0.5375059
5931,50424,0.0011185479
5932,51965,0.003006968
5933,78611,0.5427143
5934,58156,0.14401716
5935,72907,0.033027504
5936,101781,0.034388546
5937,53753,0.0047297897
5938,54486,0.22588314
5939,65573,0.0016357844
5940,69166,0.021854846
5941,94207,0.7220712
5942,4951,0.0028135278
5943,21545,0.00062798866
5944,82241,0.00010820505
5945,11872,0.0051081213
5946,71077,0.00054187165
5947,46343,0.0033214823
5948,110188,0.8417476
5949,80394,0.7616917
5950,13161,0.523312
5951,26382,0.0332167
5952,97015,0.504411
5953,111259,0.3588082
5954,15005,0.18952498
5955,73501,0.00028975584
5956,31636,0.008132936
5957,91402,0.007901343
5958,22310,0.007029523
5959,18032,0.001353865
5960,4992,0.042923756
5961,34624,0.5072981
5962,4534,0.033438776
5963,95298,0.88752764
5964,57707,0.0010283916
5965,73024,0.07400991
5966,102730,0.008724595
5967,49674,0.00048590722
5968,37045,0.94150066
5969,98490,0.70420945
5970,3546,0.59409255
5971,104330,0.0011106895
5972,9839,0.6186621
5973,1023,0.0088156825
5974,1341,0.022733457
5975,19397,0.0088156825
5976,70448,0.14401716
5977,65597,0.016521992
5978,40167,0.25119156
5979,82912,0.5787994
5980,87746,0.0003402063
5981,60297,0.039320398
5982,96671,0.028048089
5983,59396,0.0020261605
5984,77956,0.033027504
5985,27173,0.023361359
5986,87551,0.0015946166
5987,48517,0.7616917
5988,90267,0.91309136
5989,94724,0.0007117463
5990,73218,0.12634419
5991,50751,0.032068416
5992,9691,0.74333465
5993,32303,0.0030137459
5994,25537,0.92238945
5995,95949,0.033027504
5996,72498,0.17457265
5997,97322,0.008976372
5998,75883,0.01376545
5999,38946,0.36704037
6000,41168,0.001353865
6001,61647,0.0088156825
6002,16129,0.0012123516
6003,61008,0.25119156
6004,40273,0.004326877
6005,64954,0.005696082
6006,6746,0.5042971
6007,64029,0.00026007756
6008,46510,0.31973323
6009,91058,0.0035153013
6010,94577,0.0017398794
6011,8807,0.0027796994
6012,33146,0.5427143
6013,92231,0.0143302465
6014,41872,0.007029523
6015,102566,0.00021797982
6016,7171,0.034843218
6017,113091,0.009361611
6018,59526,0.004697797
6019,69119,0.035460703
6020,93335,0.59278125
6021,23081,0.002209811
6022,40175,0.019512217
6023,64789,0.0102000525
6024,95104,0.0035153013
6025,55617,0.52248293
6026,64048,0.01017783
6027,41687,0.012620819
6028,41533,0.0010818559
6029,6055,0.008021838
6030,20436,0.016521992
6031,20801,0.007588674
6032,94767,0.002080937
6033,10628,7.338755e-05
6034,43638,0.013143747
6035,4150,0.020197285
6036,50998,0.59409255
6037,66786,0.504411
6038,84480,0.8072219
6039,61466,0.033027504
6040,30191,0.6185612
6041,46560,0.13730942
6042,45715,0.5042971
6043,29314,0.0010499661
6044,103572,0.06290693
6045,2550,0.040206905
6046,46727,0.03087039
6047,36465,0.007029523
6048,107674,0.033027504
6049,50017,0.032796454
6050,62973,0.002387224
6051,73187,0.37642527
6052,76260,0.032022864
6053,84255,0.9621254
6054,34098,0.5427143
6055,5935,0.001353865
6056,58326,0.0024172592
6057,42794,0.008292845
6058,67859,0.14401716
6059,13428,0.02604607
6060,49802,0.5427143
6061,105303,0.002151679
6062,102816,0.26011735
6063,51090,0.00023121043
6064,96977,0.5444716
6065,111836,0.7920622
6066,97370,0.43834177
6067,72410,0.61799353
6068,93868,0.8512548
6069,53690,0.031247564
6070,68332,0.033547334
6071,66732,0.10240164
6072,113444,0.10240164
6073,77744,0.5072981
6074,108421,0.36704037
6075,108169,0.3619964
6076,2634,0.007072111
6077,65235,0.007029523
6078,70721,0.13730942
6079,70275,0.0010767361
6080,113031,0.033027504
6081,83377,0.12585679
6082,85709,0.49550277
6083,95089,0.70420945
6084,56745,0.00031681938
6085,17109,0.004376544
6086,91428,0.4107991
6087,65099,0.0046833386
6088,50333,0.36704037
6089,43036,0.010364625
6090,23028,0.001353865
6091,29252,0.00017675862
6092,33072,0.013143747
6093,72648,0.0016377354
6094,101450,0.12634419
6095,73455,0.011600402
6096,62204,0.16627684
6097,106277,0.12634419
6098,105056,0.12634419
6099,55566,0.02961867
6100,33063,0.6077621
6101,20380,0.0088156825
6102,63400,0.27470013
6103,81854,0.14401716
6104,92449,0.3619964
6105,53344,0.0062839175
6106,95726,0.7616917
6107,114237,0.01190348
6108,45373,0.8590712
6109,79711,0.71354675
6110,12634,6.28398e-05
6111,7468,0.0011899859
6112,11766,0.01371935
6113,104599,0.0076568476
6114,96897,0.74324876
6115,10075,0.0016603138
6116,37539,0.0001227551
6117,20892,0.0088156825
6118,37537,0.005131659
6119,44161,0.7834908
6120,22437,0.03087039
6121,100243,0.10240164
6122,61769,0.030357901
6123,10047,0.05184201
6124,18863,0.27636027
6125,82458,0.007029523
6126,72626,0.033027504
6127,34764,0.00085262227
6128,57588,1.5439064e-05
6129,61215,0.85749614
6130,31245,0.0022449465
6131,59182,0.27470013
6132,45456,0.024270045
6133,98704,0.00018659653
6134,71699,0.05306266
6135,51,0.046658676
6136,71409,0.504411
6137,86388,0.3619964
6138,85409,0.0003200251
6139,8364,0.13470817
6140,90405,0.047093634
6141,46687,0.0042380905
6142,38618,0.0046426766
6143,91440,0.3619964
6144,103144,0.65751773
6145,70489,0.033027504
6146,27433,4.8659007e-05
6147,70062,0.0018256658
6148,76952,0.00048786477
6149,11284,0.00016624267
6150,86791,0.49550277
6151,24862,0.74892354
6152,99506,0.54492104
6153,51345,0.6982025
6154,61766,0.5072981
6155,89856,0.22588314
6156,66242,0.00033226295
6157,21420,0.523312
6158,44729,0.31973323
6159,40136,0.016528634
6160,53562,0.23185891
6161,56611,0.007029523
6162,97298,0.88752764
6163,88109,0.102604255
6164,47664,0.040804535
6165,29546,0.6982025
6166,27274,0.0054213717
6167,67349,0.04252827
6168,34132,0.0890648
6169,59289,0.016939042
6170,75739,0.82215583
6171,93004,0.039320398
6172,66672,0.12634419
6173,108773,0.49550277
6174,91376,0.010357491
6175,36501,0.04571049
6176,47029,0.0092549315
6177,63347,0.0012045783
6178,20097,0.27636027
6179,50305,0.00884271
6180,84305,0.6063789
6181,50742,0.5114135
6182,5353,0.8576125
6183,97302,0.62831575
6184,75156,0.015545429
6185,48503,0.91309136
6186,95887,0.00027344518
6187,100956,0.063201606
6188,42522,0.0051402207
6189,71021,0.7051278
6190,114413,0.00061695307
6191,57703,0.01172875
6192,86143,0.032022864
6193,70956,0.00010820505
6194,49607,0.5427143
6195,110273,9.034661e-05
6196,81883,0.015545429
6197,112642,0.0071521755
6198,83280,0.7616917
6199,7957,0.006868593
6200,10157,0.0027796994
6201,97687,0.5999409
6202,72011,0.17457265
6203,35664,0.6982025
6204,77099,0.5427143
6205,51462,0.0015946166
6206,43893,0.019013701
6207,92120,0.003769254
6208,51681,0.0062839175
6209,95898,0.00010820505
6210,32169,0.6077621
6211,69944,0.027030254
6212,16644,0.0088156825
6213,86434,0.0150690535
6214,77260,0.8072219
6215,75972,0.6982025
6216,99677,0.002149697
6217,10072,0.14593886
6218,90200,0.6063789
6219,28959,0.13730942
6220,108911,0.13730942
6221,8660,0.056950733
6222,59153,0.00034014272
6223,37692,0.0031593165
6224,93696,0.00035127412
6225,45427,0.13730942
6226,62867,0.0012045783
6227,2426,0.8576125
6228,103428,0.04124245
6229,58935,0.008132936
6230,114437,0.14121832
6231,102309,0.27032498
6232,79393,0.33723617
6233,6123,0.020197285
6234,92739,0.015545429
6235,80974,0.002352504
6236,115552,0.033027504
6237,53353,0.007029523
6238,97901,0.042725142
6239,1263,0.36704037
6240,44676,0.0011412966
6241,6937,0.0139263645
6242,99428,0.033644553
6243,59462,0.504411
6244,52161,0.5427143
6245,104543,0.52248293
6246,59533,0.0007404428
6247,92346,0.07400991
6248,41403,0.62831575
6249,11814,0.016521992
6250,63183,0.56752956
6251,108685,0.8139816
6252,36771,0.31973323
6253,57745,0.6982025
6254,62405,6.986118e-05
6255,41905,0.6185612
6256,74255,0.033027504
6257,99147,0.08805262
6258,34378,0.00035165492
6259,95413,0.00045722374
6260,71564,0.3619964
6261,42945,0.88184494
6262,115987,0.033027504
6263,35506,0.59409255
6264,109475,0.034388546
6265,48361,0.0131263975
6266,79603,0.0046994695
6267,10929,0.045445696
6268,12190,0.00024332377
6269,30385,0.72096616
6270,82100,0.7481223
6271,77234,0.5427143
6272,81966,0.5072981
6273,8391,0.1008233
6274,89632,0.14401716
6275,62726,0.00093467
6276,75984,2.0471325e-05
6277,7048,0.0027796994
6278,74935,0.93920165
6279,24412,0.003935671
6280,22771,0.008692204
6281,115736,0.65751773
6282,21055,0.008952463
6283,21940,0.0032101
6284,98425,0.5980179
6285,51739,0.5427143
6286,83540,0.7481223
6287,83853,0.35487762
6288,98078,0.22588314
6289,32229,0.0008244794
6290,90085,0.036180433
6291,111442,0.80051935
6292,1493,0.23185891
6293,24046,0.001768765
6294,84372,0.0035153013
6295,71598,0.00434667
6296,77717,0.000585215
6297,113102,0.005541767
6298,54004,0.012201298
6299,23786,0.0014513604
6300,94196,0.004726902
6301,26678,0.012004104
6302,100312,0.044552818
6303,109060,0.0059125572
6304,91441,0.7106482
6305,61794,0.43834177
6306,17785,0.002387224
6307,90597,0.0102000525
6308,48719,0.81498784
6309,16303,0.019602552
6310,11685,0.88852733
6311,26646,0.014237268
6312,34572,0.59409255
6313,96547,0.034388546
6314,95336,0.002838057
6315,115491,0.5427143
6316,3258,0.17637621
6317,21738,0.0035254918
6318,47822,0.7616917
6319,6344,0.5037168
6320,26191,0.002307305
6321,107973,0.547256
6322,77520,0.0047806413
6323,101601,0.10340345
6324,98544,0.14401716
6325,2584,0.006868593
6326,65773,0.016521992
6327,35368,9.169401e-05
6328,106079,0.017061334
6329,76307,0.016672801
6330,19229,0.017181218
6331,75171,0.016528634
6332,3237,0.7895489
6333,30800,0.017595956
6334,41948,0.00014491157
6335,44825,0.10998746
6336,62880,0.9130027
6337,3747,0.0054169586
6338,95478,0.88752764
6339,111592,0.5999409
6340,20316,0.81498784
6341,16735,0.018444546
6342,108258,0.8139816
6343,73140,0.19465666
6344,43161,0.31973323
6345,60865,0.5072981
6346,73690,2.2988897e-05
6347,95890,0.0032259615
6348,30626,0.5427143
6349,4128,0.7231015
6350,115289,0.9153462
6351,110797,0.72834224
6352,40698,0.0006916552
6353,25369,0.00034938264
6354,92864,0.16627684
6355,20562,0.027739413
6356,19644,0.0092549315
6357,90565,0.59278125
6358,57565,0.00884271
6359,84357,0.14401716
6360,97336,0.0012260275
6361,55192,0.0016408336
6362,42127,0.5072981
6363,29254,0.08879201
6364,73705,0.17457265
6365,59066,0.0059368378
6366,89063,0.48004445
6367,107815,0.00054604845
6368,102554,0.018862339
6369,75741,0.6982025
6370,83223,0.14401716
6371,71193,0.5787994
6372,11931,0.27636027
6373,114917,0.084584385
6374,32927,0.01583257
6375,77024,0.0014878432
6376,59983,0.032022864
6377,113500,0.10240164
6378,109574,0.5999409
6379,62040,0.033027504
6380,79301,0.74324876
6381,79807,0.6063789
6382,78788,0.5427143
6383,70785,0.0008824739
6384,59403,0.7920622
6385,54895,0.0049930676
6386,34763,0.8590712
6387,6781,0.0058218553
6388,54280,0.0060585644
6389,37408,0.00057125255
6390,52839,0.030923689
6391,98007,0.70420945
6392,77693,0.14401716
6393,2001,0.007377829
6394,98686,0.003813615
6395,5513,0.0028135278
6396,51177,0.001353865
6397,44470,0.016212124
6398,70184,0.3619964
6399,52635,0.033027504
6400,107069,0.10240164
6401,94957,0.044677686
6402,6716,0.004306097
6403,84645,0.033027504
6404,89562,0.016521992
6405,96089,0.3619964
6406,25502,0.02961867
6407,42970,0.0049542114
6408,68415,0.65744025
6409,40862,0.52248293
6410,70643,0.5787994
6411,89952,0.3619964
6412,78802,0.0056045433
6413,70697,0.00022333117
6414,27538,0.00013967123
6415,1502,0.044409733
6416,13759,0.0027192198
6417,103389,0.8417476
6418,64465,0.0007404428
6419,62732,0.0015418233
6420,38899,0.02083137
6421,282,0.11613206
6422,23155,0.001353865
6423,110373,0.3588082
6424,81196,0.16808857
6425,92724,0.3619964
6426,92693,0.5787994
6427,91248,0.8865087
6428,85609,0.8072219
6429,70606,0.14401716
6430,57351,0.07119869
6431,11049,0.056950733
6432,15471,0.0088156825
6433,110763,0.011669251
6434,57334,0.004376268
6435,20089,0.0147610335
6436,21475,0.001353865
6437,17885,0.0018351462
6438,94950,0.5787994
6439,1870,0.013194065
6440,85948,0.5787994
6441,2637,0.040206905
6442,113812,3.3907432e-05
6443,92207,0.5787994
6444,101173,0.12634419
6445,66416,0.065039895
6446,69798,0.0053904853
6447,9232,0.05286063
6448,19046,0.19486216
6449,101437,0.70420945
6450,91821,0.7481223
6451,94284,0.003813615
6452,92800,0.011011613
6453,80395,0.689935
6454,53357,0.0005871721
6455,50923,0.5427143
6456,22247,0.004306097
6457,111192,0.22588314
6458,82832,0.5072981
6459,92498,0.033027504
6460,86689,0.13730942
6461,59760,0.12634419
6462,31301,0.0004252282
6463,90933,0.14401716
6464,47538,0.46285427
6465,10629,0.6355375
6466,104909,0.3588082
6467,44641,0.002090025
6468,53223,0.00030918288
6469,36450,0.007029523
6470,62021,0.0062839175
6471,4346,0.0035316062
6472,91321,0.3619964
6473,66043,0.016521992
6474,17138,0.045445696
6475,57895,0.0046426766
6476,99284,0.49364203
6477,33708,0.16627684
6478,95338,0.5787994
6479,20371,0.23185891
6480,64832,0.0031033724
6481,42532,0.0131263975
6482,107985,0.7616338
6483,104594,0.033027504
6484,85439,0.007029523
6485,20151,0.0011341145
6486,73897,0.033027504
6487,83759,0.3619964
6488,106866,0.004095755
6489,86974,8.539022e-05
6490,67206,0.7616917
6491,110078,0.8417476
6492,65056,0.0018901108
6493,1657,0.02371643
6494,96630,0.021033138
6495,15339,0.5444716
6496,40392,0.038752552
6497,12164,0.26011735
6498,44347,0.13730942
6499,108464,0.023729566
6500,9274,0.0029140732
6501,50287,0.0011555579
6502,2525,0.040206905
6503,100795,0.608854
6504,57974,0.5427143
6505,112209,0.7616338
6506,113691,0.033027504
6507,36344,0.01371935
6508,69247,0.030721517
6509,66973,0.7616917
6510,110062,0.01234972
6511,50003,0.007099019
6512,95640,0.10240164
6513,46820,0.001353865
6514,28851,0.13730942
6515,73171,0.8072219
6516,29749,0.22588314
6517,114592,0.7920622
6518,109792,0.6878115
6519,43408,0.21979274
6520,71041,0.7057373
6521,103936,0.0004573903
6522,29146,0.039320398
6523,37764,0.011834749
6524,4567,0.7231015
6525,78937,0.008292845
6526,22599,0.523312
6527,85471,0.14401716
6528,39962,0.4107991
6529,10725,0.004824291
6530,84134,0.27470013
6531,7770,0.7231015
6532,52591,0.14401716
6533,53746,0.5427143
6534,87430,0.23185891
6535,29484,0.0020009398
6536,109036,0.8760661
6537,47052,0.7843891
6538,53783,0.0031962395
6539,41110,0.0092549315
6540,109110,0.00083267037
6541,28024,0.008132936
6542,92662,0.002737494
6543,79076,0.0074997195
6544,61640,0.12634419
6545,8646,0.008498412
6546,97414,0.27470013
6547,103678,0.0614554
6548,86323,0.044552818
6549,82220,0.027606798
6550,88990,0.14401716
6551,115348,0.0018906109
6552,108074,0.0059125572
6553,35383,0.00023196847
6554,42518,0.0131263975
6555,54971,0.5427143
6556,93356,0.008732731
6557,14403,0.0047842795
6558,55876,0.032232128
6559,9692,0.21923481
6560,108538,0.6077621
6561,25215,0.13040477
6562,93178,0.8896136
6563,55753,0.017783005
6564,28349,0.00035894787
6565,14910,0.02823047
6566,9393,0.011860814
6567,35544,0.00034487687
6568,19385,0.0088156825
6569,77611,0.0067097275
6570,109319,0.071609475
6571,37850,0.00035894787
6572,3508,0.05184201
6573,52025,0.6185612
6574,26141,0.0055549406
6575,79725,0.016725212
6576,88928,0.3619964
6577,94646,0.0025762145
6578,71049,0.7616917
6579,22252,0.044770245
6580,30185,0.0003102101
6581,91372,0.0030137459
6582,52220,0.0018256658
6583,17768,0.71812063
6584,11774,0.012808806
6585,26491,0.13730942
6586,91243,0.00910342
6587,6863,0.002529347
6588,101736,0.044552818
6589,60787,0.7481223
6590,91867,0.59278125
6591,67109,0.3619964
6592,92891,0.59278125
6593,58989,0.14401716
6594,111768,0.7616338
6595,76191,0.016838836
6596,33339,0.36848506
6597,71522,0.03458862
6598,98584,0.3619964
6599,112465,0.16627684
6600,1828,0.040206905
6601,83149,0.008732731
6602,37967,0.31973323
6603,29899,0.0018350694
6604,17543,0.62831575
6605,31608,0.013143747
6606,50339,0.31973323
6607,4236,0.0012310962
6608,75158,0.00023646858
6609,8457,0.033438776
6610,34708,0.31973323
6611,44940,8.262261e-06
6612,37378,0.05476863
6613,28842,0.013143747
6614,93027,0.0044722315
6615,27637,0.00031765806
6616,93353,0.7616917
6617,84541,0.06469051
6618,372,0.4503174
6619,87903,0.7616917
6620,90525,0.31932625
6621,75623,0.0012045783
6622,56639,0.7481223
6623,114039,0.26011735
6624,2787,0.05184201
6625,109749,0.0045302357
6626,17943,0.16627684
6627,70842,0.5787994
6628,2880,0.8576125
6629,11844,0.00030217954
6630,18743,0.00021992967
6631,102981,0.0035153013
6632,50538,0.0015107882
6633,47796,0.03714765
6634,50955,0.10240164
6635,99541,0.54492104
6636,104675,0.0035041845
6637,36706,0.27470013
6638,114169,0.7481223
6639,41729,0.6185612
6640,21970,0.011324875
6641,84612,0.14401716
6642,72428,0.015820922
6643,86525,0.13198073
6644,15622,0.74892354
6645,49715,0.028225413
6646,11240,0.01371935
6647,67482,0.001353865
6648,38627,0.004326877
6649,32380,0.0092549315
6650,64771,0.0030137459
6651,94065,0.033644553
6652,93203,0.5999409
6653,86575,0.014584423
6654,87285,0.59409255
6655,7832,0.05936022
6656,16482,0.046658676
6657,18698,0.19486216
6658,106909,0.017960414
6659,95519,0.0014578049
6660,100059,0.7602656
6661,103493,0.00484204
6662,78776,0.033027504
6663,4391,0.013569391
6664,4438,0.027050344
6665,59729,0.033121984
6666,80587,0.7375964
6667,4091,0.06284805
6668,66920,0.12634419
6669,49719,0.0035103157
6670,50628,0.5427143
6671,105046,0.0005123724
6672,44427,0.31973323
6673,28251,0.13730942
6674,11785,0.49507686
6675,92438,0.6063789
6676,26217,0.011324875
6677,5731,0.056950733
6678,6067,0.0010667986
6679,97748,0.5444716
6680,49963,0.5375059
6681,14692,0.7624394
6682,56751,0.033027504
6683,52571,0.033027504
6684,67860,0.00434667
6685,77550,7.01594e-05
6686,86140,0.0029971886
6687,105232,0.007029523
6688,19014,0.044770245
6689,82957,0.0005242012
6690,52372,0.27032498
6691,96027,0.007029523
6692,21295,0.0088156825
6693,114211,0.0024209057
6694,87872,0.00084809004
6695,36012,0.81498784
6696,89909,5.639856e-05
6697,48053,0.49550277
6698,76662,0.7243738
6699,112951,0.6077621
6700,25500,0.6185612
6701,94784,0.70420945
6702,29867,0.5427143
6703,98694,0.59278125
6704,94057,0.43834177
6705,82501,0.21865545
6706,22942,0.13730942
6707,52269,0.02054633
6708,10426,0.031395108
6709,16052,0.43447396
6710,41680,0.05332768
6711,19112,0.045445696
6712,53238,0.5072981
6713,73971,0.43834177
6714,80172,0.0038976097
6715,31737,0.7295774
6716,17905,0.10631808
6717,45815,0.004376268
6718,20366,0.0034434209
6719,2830,0.05184201
6720,76100,0.0029514998
6721,50454,0.0047325897
6722,51674,0.5427143
6723,29157,0.005107542
6724,9258,0.0027796994
6725,109634,0.33730337
6726,6701,0.020744335
6727,31114,0.59409255
6728,6371,0.022601707
6729,62375,0.14401716
6730,41946,0.7749112
6731,111831,0.7220712
6732,5248,0.0009557597
6733,18452,0.0017643077
6734,87942,0.59278125
6735,20652,8.531257e-05
6736,3383,0.05184201
6737,49796,0.0030137459
6738,42673,0.31973323
6739,112612,0.9094053
6740,37272,0.5787994
6741,21413,0.4145245
6742,22525,0.8214854
6743,6343,0.001353865
6744,69853,0.22588314
6745,75999,0.0026346094
6746,49348,0.5072981
6747,77446,0.01234972
6748,3084,0.10499385
6749,78406,0.36848506
6750,12721,0.27636027
6751,47570,0.31973323
6752,62862,0.0015372115
6753,54998,0.52248293
6754,90193,0.033027504
6755,61241,0.033027504
6756,51088,0.17457265
6757,77907,0.0104701575
6758,97091,0.31973323
6759,24698,0.004326877
6760,1474,0.020547971
6761,90201,0.49550277
6762,95043,0.22588314
6763,109821,0.013113432
6764,67957,0.34098592
6765,37345,0.008132936
6766,339,0.041386355
6767,93650,0.0015619679
6768,21570,0.5787994
6769,932,0.6133949
6770,14751,0.0009641263
6771,11297,0.0012409544
6772,30840,0.5427143
6773,88214,0.689935
6774,45364,0.033661835
6775,91214,0.81563526
6776,69642,0.31932625
6777,39589,0.5072981
6778,54284,0.0020164743
6779,73538,0.43834177
6780,14760,0.025764976
6781,112600,0.044618517
6782,17139,0.00017573619
6783,36172,0.52248293
6784,95575,0.032022864
6785,18770,0.88184494
6786,75993,0.00032054234
6787,114133,0.52364886
6788,40561,0.5072981
6789,58821,0.033027504
6790,27708,0.16627684
6791,39793,0.5168421
6792,4167,0.020197285
6793,81817,0.5787994
6794,50329,0.01234972
6795,106689,0.3588082
6796,98147,0.5999409
6797,19940,0.008458243
6798,105522,0.5999409
6799,47916,0.0017275442
6800,109710,0.119451806
6801,38905,0.0014922644
6802,56495,0.0022111223
6803,89635,0.31973323
6804,40005,0.001261988
6805,99950,0.5999409
6806,112852,0.01172875
6807,107330,0.0010637399
6808,14578,0.009773067
6809,55562,0.01583257
6810,112848,0.7616338
6811,86255,0.3619964
6812,11955,0.5254379
6813,60767,0.023799386
6814,77962,0.5427143
6815,72886,0.14401716
6816,59913,0.5072981
6817,90711,0.59278125
6818,27126,0.00046540578
6819,97922,0.7380137
6820,67086,0.12634419
6821,64200,0.01017783
6822,53927,0.61799353
6823,108629,0.003971168
6824,63516,0.00066244166
6825,10612,0.008072244
6826,80798,0.5192149
6827,79226,0.034388546
6828,46547,0.4700601
6829,58701,0.009599542
6830,22300,0.008692204
6831,47321,0.019013701
6832,58210,0.00015419435
6833,63055,0.0015418233
6834,75377,0.015545429
6835,40769,0.001353865
6836,42543,0.00030892363
6837,61280,0.19465666
6838,47494,0.13040477
6839,18245,0.8848291
6840,36485,0.023361359
6841,103084,0.004542717
6842,101370,0.5999409
6843,53686,0.0059368378
6844,102310,0.585949
6845,18229,0.44410628
6846,32065,0.02882744
6847,85973,0.5072981
6848,43259,0.27032498
6849,40684,0.0015946166
6850,27191,0.13730942
6851,70741,0.0035153013
6852,83996,0.7295774
6853,50761,0.5072981
6854,36521,0.59409255
6855,15769,0.003983297
6856,71949,0.5787994
6857,15695,0.019602552
6858,14129,0.021789767
6859,44751,0.7834908
6860,46594,0.13040477
6861,8968,0.00027814868
6862,72429,0.14401716
6863,107546,0.0008173886
6864,28654,0.0031819225
6865,111510,0.5999409
6866,86623,0.14401716
6867,24398,0.31973323
6868,11301,0.0016728496
6869,35191,0.0002492746
6870,100126,0.7220712
6871,76657,0.14401716
6872,20857,0.13730942
6873,71429,0.0015625793
6874,109886,0.033027504
6875,115551,0.8417476
6876,59172,0.6982025
6877,39833,0.30666327
6878,87039,0.5787994
6879,89467,0.00061695307
6880,88221,0.39557743
6881,85866,0.5787994
6882,48414,0.07174155
6883,49562,0.0012260275
6884,111205,0.00053551455
6885,83371,0.31973323
6886,111310,0.012544324
6887,46210,0.011324875
6888,59910,0.44410628
6889,68298,0.31932625
6890,20990,0.1254408
6891,91457,0.007029523
6892,106901,0.09424459
6893,92558,0.033027504
6894,34956,0.0092549315
6895,39478,0.026015587
6896,63142,0.0022117852
6897,33804,0.0016357844
6898,42720,0.00031694022
6899,17396,0.0088156825
6900,45217,0.020547971
6901,829,0.3353155
6902,80556,0.019602552
6903,63039,0.44410628
6904,66274,0.016521992
6905,80066,0.0038496652
6906,111458,0.7920622
6907,64669,0.032022864
6908,75669,0.16627684
6909,80184,0.70472854
6910,12117,1.5439064e-05
6911,669,0.06995215
6912,112404,0.014767485
6913,61980,0.8072219
6914,85037,0.016521992
6915,16760,0.7739774
6916,84224,0.49550277
6917,93136,0.4107991
6918,112211,0.0010102807
6919,10561,0.7231015
6920,17117,0.0035316062
6921,100363,0.026416007
6922,89056,0.3619964
6923,54601,0.8233484
6924,71655,0.005185175
6925,1971,0.015463561
6926,103086,0.033027504
6927,27737,0.0049447636
6928,83736,0.0042011044
6929,112842,0.88546485
6930,98063,0.45708784
6931,88619,0.8282514
6932,28088,0.0060585644
6933,106567,0.00070061564
6934,27963,0.013143747
6935,106505,0.42487767
6936,8258,0.05305471
6937,49815,0.00012928914
6938,44827,0.0005711812
6939,43646,0.019013701
6940,97418,0.52364886
6941,22057,0.91477466
6942,108857,0.547256
6943,50498,0.5072981
6944,108945,0.16627684
6945,112034,0.9826501
6946,22635,0.13040477
6947,93544,0.14401716
6948,85536,0.8775108
6949,756,0.0026370813
6950,66074,0.0062839175
6951,109570,0.56445324
6952,78037,0.108328365
6953,87494,0.7616917
6954,97155,0.19465666
6955,107124,0.0059125572
6956,22265,0.021035152
6957,50211,0.10240164
6958,21081,0.029313715
6959,65696,0.00071790867
6960,100546,0.52364886
6961,46279,0.0059667677
6962,65622,0.19465666
6963,29464,0.001353865
6964,80999,0.00016654603
6965,19009,0.5650655
6966,96289,0.007194616
6967,24709,0.5072981
6968,79011,8.531046e-05
6969,48045,0.17013359
6970,114879,0.3588082
6971,11828,0.0013459437
6972,30417,0.12634419
6973,24229,0.21979274
6974,21482,0.021035152
6975,1914,0.9542002
6976,86204,0.00068955304
6977,98344,0.033027504
6978,77483,0.8552017
6979,110908,0.006791405
6980,109084,0.42487767
6981,90527,0.0005408667
6982,43771,0.9688393
6983,83045,0.62831575
6984,113789,0.0022117852
6985,102932,0.001429158
6986,19456,0.0088156825
6987,32984,0.04361101
6988,90256,0.5787994
6989,28162,0.017478535
6990,94544,0.039320398
6991,55106,0.033027504
6992,69232,0.88184494
6993,49125,0.95701385
6994,92905,0.31932625
6995,35190,0.5427143
6996,31474,0.0014922644
6997,44663,0.0005643403
6998,39531,0.013143747
6999,29786,0.005329171
7000,26922,0.011834749
7001,51786,0.008292845
7002,72211,0.3619964
7003,5081,0.0025914477
7004,12545,0.49550277
7005,90713,0.005185175
7006,114415,0.007055098
7007,56240,0.00018070593
7008,67897,0.3619964
7009,112208,0.9688393
7010,88855,0.59278125
7011,48658,0.5722562
7012,73033,0.14401716
7013,30420,0.5427143
7014,64791,0.5375059
7015,21635,0.000509601
7016,93786,0.5999409
7017,32205,0.5427143
7018,77872,0.16627684
7019,81106,0.5072981
7020,35305,0.0131263975
7021,18206,0.00027633988
7022,33653,0.01474586
7023,22961,0.8072219
7024,76287,0.6982025
7025,10862,0.31777638
7026,26717,0.0030891986
7027,16213,0.10240164
7028,72892,0.13730942
7029,96593,0.000262522
7030,64402,0.6297508
7031,115651,2.5713198e-05
7032,69830,0.5672082
7033,92542,0.3619964
7034,6107,0.052364726
7035,41843,0.006333401
7036,97492,0.012808806
7037,65424,0.00054187165
7038,92451,0.02961867
7039,110780,0.5999409
7040,961,0.9150072
7041,114621,4.9195623e-05
7042,82523,0.7616917
7043,80851,0.7243738
7044,32979,0.6077621
7045,47728,0.0068176687
7046,100744,0.14797683
7047,5030,0.005185175
7048,56420,0.004266095
7049,43914,0.6077621
7050,97583,0.5980179
7051,32665,0.0006183335
7052,27027,0.5787994
7053,24175,0.0025762145
7054,55670,0.9847045
7055,81306,0.8132743
7056,28813,0.5787994
7057,74104,0.3619964
7058,105482,0.31973323
7059,28919,0.022955928
7060,56998,0.5427143
7061,97575,0.2507172
7062,15566,0.007029523
7063,39563,0.44410628
7064,23076,0.21865545
7065,9599,0.032056432
7066,62617,0.23185891
7067,111129,0.0024896516
7068,5320,0.51642954
7069,65656,0.27470013
7070,27559,8.6779386e-05
7071,29338,0.5427143
7072,76644,0.3619964
7073,104085,0.0006332385
7074,37255,0.13040477
7075,50552,0.8210756
7076,64651,0.0004341179
7077,100810,0.019602552
7078,33527,0.0011551605
7079,26911,0.03087039
7080,112387,0.9285979
7081,9221,0.0028135278
7082,19810,0.01371935
7083,92866,0.3619964
7084,80635,0.31973323
7085,78038,0.22588314
7086,89911,0.059978444
7087,66363,0.00033226295
7088,21337,0.0011767357
7089,1641,0.0005992222
7090,30373,0.5787994
7091,55414,0.08724291
7092,86401,0.14401716
7093,34746,0.65872866
7094,37058,0.8865087
7095,113816,0.00026112085
7096,48266,0.027030254
7097,7580,0.011738061
7098,52974,0.00307165
7099,87500,0.027429162
7100,35802,0.5072981
7101,78710,0.16627684
7102,65189,0.13730942
7103,2148,0.006868593
7104,30312,0.0015529032
7105,85798,0.00011310218
7106,78015,0.2498475
7107,55898,0.7481223
7108,89322,0.027030254
7109,8196,0.0054169586
7110,41421,0.0014016872
7111,41451,0.0046040816
7112,96223,0.7616917
7113,47249,0.52248293
7114,115126,0.122441195
7115,104463,0.13741142
7116,49091,0.008360984
7117,4770,0.054310396
7118,3520,0.91477466
7119,32645,0.59409255
7120,110207,0.8139816
7121,16434,0.046658676
7122,25155,0.011324875
7123,99440,0.3588082
7124,84979,0.06277273
7125,24637,0.4107991
7126,95270,0.0005066965
7127,94632,0.14401716
7128,85602,0.52248293
7129,102021,0.005347264
7130,31521,0.0025762145
7131,1059,0.0007788044
7132,39393,0.011324875
7133,25939,0.001353865
7134,13754,0.0102000525
7135,89529,0.033027504
7136,114729,0.0016134646
7137,47468,0.5168421
7138,85423,0.016528634
7139,107873,0.0004127141
7140,103869,0.0059125572
7141,74243,0.5072981
7142,65779,0.01017783
7143,47016,0.61799353
7144,88404,0.504411
7145,3478,0.05184201
7146,88151,0.7616917
7147,41061,0.13040477
7148,62942,0.5787994
7149,96642,0.13730942
7150,4904,0.027050344
7151,3711,0.008072244
7152,29953,0.6715573
7153,28220,0.016653307
7154,37271,0.13730942
7155,11217,0.78215474
7156,107085,0.007099019
7157,35749,0.0005711812
7158,34312,0.01017783
7159,106406,0.0030137459
7160,51678,0.1300984
7161,108091,0.49550277
7162,46227,0.00061695307
7163,2038,0.006868593
7164,51695,0.00044768417
7165,91335,0.3619964
7166,100100,0.0023422362
7167,36761,0.0023082397
7168,33246,0.046199236
7169,54452,0.008132936
7170,48377,0.0006771874
7171,79088,0.0014368814
7172,58464,0.14401716
7173,20885,0.021035152
7174,6968,0.0009998721
7175,26965,0.007933557
7176,38913,0.8065387
7177,85425,0.17457265
7178,94877,0.54492104
7179,102078,0.22588314
7180,70043,0.0035153013
7181,59098,0.0015465284
7182,71197,0.3619964
7183,65867,0.016528634
7184,21901,0.009049716
7185,33781,0.6982025
7186,109515,0.7439202
7187,36287,0.59409255
7188,114236,0.081857175
7189,40328,0.3387435
7190,109479,4.330871e-05
7191,102443,0.0002957518
7192,22415,0.8590712
7193,67868,0.3619964
7194,40722,0.06490774
7195,97750,0.16627684
7196,100229,0.59278125
7197,97056,0.033027504
7198,105547,0.025606757
7199,7170,0.006578858
7200,37694,0.0050068125
7201,39763,7.382766e-05
7202,1628,0.007099019
7203,39526,0.31973323
7204,46183,0.10729264
7205,106530,0.5999409
7206,57071,6.230017e-05
7207,4771,0.06855829
7208,109529,0.8417476
7209,39628,0.001353865
7210,1442,0.028048089
7211,58968,0.5072981
7212,25628,0.13730942
7213,47317,0.13730942
7214,17623,0.5072981
7215,65008,0.7295774
7216,73491,0.43834177
7217,11360,0.0009861891
7218,38387,0.004376268
7219,10106,0.03837004
7220,17048,0.49550277
7221,26343,0.0104701575
7222,8904,0.059773423
7223,84343,0.31932625
7224,16978,0.0092549315
7225,40867,0.008726452
7226,115516,0.0059125572
7227,56135,0.7920622
7228,63945,0.22588314
7229,59132,0.00048786477
7230,112964,0.5427143
7231,21588,0.0004133409
7232,9068,0.0029955192
7233,102763,0.033027504
7234,67192,0.3619964
7235,113158,0.50417584
7236,56954,0.0023178812
7237,102407,0.006578858
7238,43791,0.0797583
7239,13839,0.050082136
7240,96470,0.13730942
7241,36216,0.0006919262
7242,16950,0.0088156825
7243,114078,0.0033524272
7244,40776,0.61799353
7245,242,0.027050344
7246,82620,0.7616917
7247,9268,0.45980817
7248,23,0.009992184
7249,71980,0.0022111223
7250,57654,0.018802593
7251,36514,0.5427143
7252,96862,0.033027504
7253,51443,0.032022864
7254,114886,0.0039339233
7255,95510,0.012808806
7256,66867,0.0053904853
7257,11234,0.0028135278
7258,75283,0.019844448
7259,96177,0.14401716
7260,66464,0.10240164
7261,81198,0.11250516
7262,25399,0.10404422
7263,110226,0.00013960825
7264,78900,0.14401716
7265,32285,0.59409255
7266,27405,0.13730942
7267,8497,0.004895521
7268,112466,0.26011735
7269,50583,0.001353865
7270,106760,0.012544324
7271,88373,0.59278125
7272,94016,0.7602656
7273,110071,0.0042234114
7274,70162,0.7920622
7275,71481,0.00010820505
7276,82328,0.01017783
7277,95520,0.00036272785
7278,40327,0.5787994
7279,111405,0.5999409
7280,1386,0.032664854
7281,112526,0.019060155
7282,102983,0.7616917
7283,64311,0.27470013
7284,89794,0.31973323
7285,35559,0.59409255
7286,6271,0.020197285
7287,61377,0.00050639524
7288,97929,0.045722723
7289,5203,0.056783542
7290,3966,0.88008237
7291,15367,0.044409733
7292,59285,0.005185175
7293,47258,0.3955584
7294,56879,0.007029523
7295,106974,0.5999409
7296,38215,0.028225413
7297,75056,0.10240164
7298,107738,3.3428973e-05
7299,82240,3.179397e-05
7300,71022,0.14401716
7301,115760,0.26011735
7302,15220,0.002387224
7303,78396,0.033027504
7304,3985,0.008072244
7305,88168,0.63507825
7306,55142,3.313169e-05
7307,37263,0.8969756
7308,80830,0.033027504
7309,64565,0.35487762
7310,38176,0.013143747
7311,84390,0.5072981
7312,52861,0.033027504
7313,109921,0.9491097
7314,184,0.0092549315
7315,114684,0.014500984
7316,40229,0.31973323
7317,91279,0.3619964
7318,33181,0.016565625
7319,97970,0.010911473
7320,65542,0.016521992
7321,70427,0.17457265
7322,103273,0.033027504
7323,25682,0.13040477
7324,94302,0.01746368
7325,104433,0.3619964
7326,99883,0.8139816
7327,43663,0.0004534361
7328,110416,0.5691658
7329,51588,0.5427143
7330,4832,0.020197285
7331,85436,0.0150690535
7332,65134,0.002593313
7333,79360,0.00080393266
7334,2319,0.008021838
7335,88485,0.033027504
7336,56795,0.17013359
7337,80767,0.14401716
7338,76868,0.31973323
7339,85067,0.14401716
7340,9278,0.8576125
7341,38485,0.5787994
7342,44750,0.7920622
7343,79491,0.0009476493
7344,110073,0.3619964
7345,64776,0.011600402
7346,87206,0.0065887948
7347,36659,0.13040477
7348,13039,0.0092549315
7349,11681,0.042923756
7350,64518,0.000585215
7351,70252,0.7616917
7352,9099,0.0027796994
7353,115213,0.014921776
7354,92647,0.3619964
7355,84710,0.5787994
7356,108021,0.013113432
7357,103127,0.10240164
7358,43214,0.019013701
7359,41223,0.8072219
7360,50515,0.8856077
7361,94551,0.0007503983
7362,65408,0.00046633347
7363,106048,0.26011735
7364,62160,0.0059667677
7365,38765,0.014096393
7366,62092,0.033027504
7367,99092,0.7920622
7368,79331,0.54492104
7369,17285,0.5072981
7370,69668,0.23185891
7371,74051,0.033027504
7372,96551,0.57065606
7373,36137,0.31973323
7374,16987,0.0092549315
7375,1902,0.09335998
7376,66905,4.3948636e-05
7377,46898,0.026322609
7378,99223,0.7920622
7379,42420,0.019013701
7380,39276,0.39557743
7381,75526,0.7920622
7382,100208,0.67805946
7383,21445,0.0004069954
7384,43383,0.01371935
7385,115136,0.4503174
7386,8441,0.08930279
7387,82587,0.3619964
7388,3329,0.10499385
7389,36186,0.27032498
7390,17724,0.0010725245
7391,8855,0.0042290925
7392,58795,0.17013359
7393,110617,0.0614554
7394,54524,0.012631168
7395,20802,0.36704037
7396,44361,0.23713417
7397,11468,0.0027796994
7398,17454,0.008458243
7399,77580,0.5787994
7400,52479,0.13730942
7401,71274,0.43834177
7402,42541,0.00021992967
7403,54800,0.5427143
7404,6450,0.007952427
7405,33625,0.9469042
7406,36891,0.008292845
7407,115709,0.033027504
7408,9064,1.0897817e-05
7409,76150,0.0022111223
7410,85811,0.015257059
7411,45819,0.019013701
7412,87931,0.0024896516
7413,50605,0.00054187165
7414,98301,0.61799353
7415,19883,0.0013193595
7416,51879,0.042725142
7417,54234,0.0026947088
7418,7199,0.0009259149
7419,29542,0.00046633347
7420,22576,0.0068646325
7421,114460,0.0016134646
7422,70981,0.3619964
7423,74853,0.0005770634
7424,43508,0.27470013
7425,91202,0.43834177
7426,66610,0.032022864
7427,86359,0.12634419
7428,111191,0.26011735
7429,104635,0.0065603573
7430,27763,0.59409255
7431,76345,8.475938e-05
7432,44285,0.013143747
7433,18637,0.44410628
7434,36977,0.17013359
7435,4419,0.51642954
7436,34354,0.5427143
7437,45069,0.019013701
7438,29019,0.59409255
7439,27705,0.013530958
7440,427,0.028225413
7441,58261,0.7616917
7442,103240,0.037220772
7443,89113,0.3619964
7444,102861,0.10340345
7445,23846,0.7926482
7446,52756,0.9572552
7447,26449,0.0029148324
7448,112448,0.3153181
7449,46813,0.036093347
7450,20531,0.0024344202
7451,20749,0.2974876
7452,18759,0.008458243
7453,98145,0.005200176
7454,34806,0.31973323
7455,45788,0.023080284
7456,69371,0.039320398
7457,9422,0.0029520008
7458,3786,0.020197285
7459,64144,0.12634419
7460,109167,0.3619964
7461,24810,2.3604742e-05
7462,17273,0.4868459
7463,22486,0.0003502235
7464,113441,0.012808806
7465,56005,0.6063789
7466,17235,0.10756271
7467,40510,0.6982025
7468,92708,0.14401716
7469,7282,0.01556092
7470,62795,0.82215583
7471,65493,0.1115248
7472,105334,0.31973323
7473,114902,0.0009007097
7474,43461,0.0131263975
7475,76555,0.038769457
7476,93288,0.027030254
7477,88936,0.003411673
7478,78168,0.052030146
7479,24144,0.12634419
7480,103735,0.033027504
7481,114216,0.7481223
7482,47003,0.504411
7483,85542,0.3619964
7484,86228,0.00018874634
7485,35744,0.0062839175
7486,7141,0.0054169586
7487,37047,0.011392295
7488,55380,0.5168421
7489,100570,0.005185175
7490,35638,0.0673273
7491,593,0.002997421
7492,103202,0.26011735
7493,105774,0.3588082
7494,79862,0.7057373
7495,3437,0.0139263645
7496,9214,0.05936022
7497,46005,0.46285427
7498,75646,0.026137855
7499,104541,0.023361359
7500,98378,0.22588314
7501,104688,0.008681093
7502,60724,0.65744025
7503,95539,0.10240164
7504,31462,0.002835869
7505,114692,0.001539836
7506,102702,0.504411
7507,385,0.0024070034
7508,67601,0.14401716
7509,87071,0.006735575
7510,115184,0.006932296
7511,32667,0.6982025
7512,13458,0.52248293
7513,1487,0.15195338
7514,39813,0.007952821
7515,47554,0.0008352506
7516,60603,0.11419636
7517,24664,0.00083558174
7518,53242,0.0131263975
7519,92407,0.033027504
7520,100029,0.5999409
7521,112033,0.7616338
7522,111733,0.49550277
7523,100542,0.63507825
7524,28809,0.61799353
7525,31757,0.013143747
7526,104598,0.22588314
7527,71221,0.033027504
7528,61522,0.0088156825
7529,83937,0.65744025
7530,99390,0.00082980224
7531,10879,0.88852733
7532,19264,0.0004016202
7533,6817,0.0025374116
7534,56616,0.033121984
7535,73844,0.014237268
7536,100110,0.3619964
7537,34539,0.001353865
7538,58435,0.65744025
7539,36219,0.039320398
7540,82023,0.00026161177
7541,94109,0.27636027
7542,115079,0.034388546
7543,45001,0.0010284387
7544,18962,0.000585215
7545,8410,0.13040477
7546,86837,0.008329132
7547,53239,0.7439202
7548,74913,0.11250516
7549,49994,0.008132936
7550,73746,0.033027504
7551,79934,0.016528634
7552,111754,0.7616338
7553,51671,0.007156006
7554,16783,0.8590712
7555,59354,0.43834177
7556,84284,0.27032498
7557,18584,0.4503174
7558,96617,0.007099019
7559,51360,0.91309136
7560,78459,0.04314553
7561,48109,0.21865545
7562,9613,0.51642954
7563,56619,0.6982025
7564,91901,0.3619964
7565,65757,0.025608798
7566,58636,0.5072981
7567,107723,0.007029523
7568,111686,0.001539836
7569,15356,0.044409733
7570,52896,0.033027504
7571,33644,0.13040477
7572,95328,0.74324876
7573,11305,0.0007586303
7574,70646,0.17457265
7575,68963,0.17457265
7576,23835,0.029781768
7577,42121,0.5072981
7578,42821,0.011324875
7579,26818,0.6982025
7580,73273,0.9297591
7581,76530,0.8072219
7582,66440,0.016521992
7583,12098,0.19465666
7584,60151,0.7616917
7585,5769,0.027050344
7586,74774,0.7920622
7587,82980,0.31932625
7588,7576,0.0007310699
7589,28564,0.0041972566
7590,42583,0.65522355
7591,25270,0.5032636
7592,70316,0.9634163
7593,105772,0.52364886
7594,29391,0.01371935
7595,108595,0.49364203
7596,83334,0.0013296929
7597,91717,0.7616917
7598,19065,0.523312
7599,66977,0.00030107182
7600,53729,0.14401716
7601,47397,0.0008837866
7602,3026,0.040206905
7603,91105,0.0004487342
7604,15501,0.5960657
7605,62593,0.14401716
7606,64185,0.27470013
7607,111229,0.025438204
7608,27351,0.27470013
7609,40486,0.003619468
7610,50362,0.95785964
7611,29041,0.5427143
7612,63803,0.0062839175
7613,115046,0.3588082
7614,43080,0.026015587
7615,92761,0.08805262
7616,30410,0.05422995
7617,83460,0.034388546
7618,27543,0.013143747
7619,23827,0.0034934513
7620,31214,0.016653307
7621,40516,0.041871328
7622,51973,0.9572552
7623,63536,0.0005977309
7624,48276,0.3619964
7625,38106,0.0006911087
7626,71090,0.3582536
7627,48458,0.033027504
7628,61499,0.017595956
7629,58175,0.44410628
7630,66382,0.00084398186
7631,47886,0.016521992
7632,67867,0.033027504
7633,41767,0.0044402843
7634,24063,0.13040477
7635,92342,2.6036269e-05
7636,60538,0.0019099015
7637,12468,0.0007117463
7638,80290,0.7220712
7639,20161,0.00040122087
7640,46107,0.7064379
7641,22848,0.026015587
7642,95446,0.033027504
7643,107407,0.20558783
7644,73680,0.033027504
7645,49508,0.0016815515
7646,36876,0.0104701575
7647,9321,0.022601707
7648,48365,0.82215583
7649,37442,0.00010820505
7650,86898,0.13730942
7651,38393,0.6982025
7652,105737,0.00020112284
7653,4525,0.056783542
7654,57603,0.6480605
7655,103056,0.0010561756
7656,102825,0.14401716
7657,9992,0.008421267
7658,85876,0.34098592
7659,53117,0.9525565
7660,85729,0.3619964
7661,103620,0.7879012
7662,112995,0.27470013
7663,37078,0.0018071737
7664,70434,0.0009505258
7665,96002,0.0046796943
7666,47997,0.0004885626
7667,101442,0.49364203
7668,102735,0.034388546
7669,13787,0.12049831
7670,58268,0.033027504
7671,73386,0.49550277
7672,30689,0.013143747
7673,107701,0.14401716
7674,78969,0.015545429
7675,63507,0.00020306284
7676,113454,0.39557743
7677,91408,0.59278125
7678,78161,0.5427143
7679,9649,0.010565702
7680,113976,0.0005596768
7681,56928,0.22588314
7682,59336,0.3922606
7683,18563,0.0054169586
7684,81692,0.025606757
7685,77578,0.022940226
7686,73185,0.8072219
7687,105798,0.26011735
7688,35237,0.8590712
7689,89796,0.59278125
7690,21160,0.6133949
7691,64134,0.00084809004
7692,115715,0.0059125572
7693,77970,0.005185175
7694,68377,0.61799353
7695,67524,0.033027504
7696,56844,0.7616917
7697,72990,0.00010820505
7698,86579,0.00019601587
7699,98713,0.88752764
7700,26984,0.0015418233
7701,33111,0.026718179
7702,37630,0.017102055
7703,112745,0.036778376
7704,109701,0.8065387
7705,13130,0.49507686
7706,111311,0.00019368372
7707,94672,0.0267797
7708,106323,9.818503e-05
7709,5219,0.44410628
7710,73804,0.6878115
7711,22814,0.0015587297
7712,39963,0.0092549315
7713,46003,0.013143747
7714,113681,0.34098592
7715,95842,0.5999409
7716,115023,0.5980179
7717,96402,0.7616917
7718,33689,0.026718179
7719,24861,0.0018269105
7720,52788,0.9282315
7721,65359,0.011490208
7722,54946,0.005185175
7723,55046,0.88184494
7724,77659,0.0038128674
7725,6558,0.01033003
7726,81327,0.00046261968
7727,75407,0.0030625565
7728,30578,0.00147201
7729,971,7.1430935e-05
7730,26334,0.01017783
7731,65196,0.0062663234
7732,2519,0.056783542
7733,36492,0.50492847
7734,45527,0.13040477
7735,30599,0.5427143
7736,60059,0.0123029305
7737,9752,0.0027796994
7738,78571,0.01017783
7739,35493,0.001353865
7740,75301,0.7920622
7741,35839,0.5427143
7742,53428,0.0131263975
7743,96219,0.0053904853
7744,53177,0.00048590722
7745,88419,9.536798e-05
7746,106717,0.047599763
7747,10852,0.0008915042
7748,71521,0.0013069634
7749,18644,0.008096196
7750,97365,0.006932296
7751,1129,0.8065387
7752,24194,0.0010931726
7753,111469,0.0009076941
7754,56800,0.033027504
7755,46024,0.003506981
7756,102115,0.7616917
7757,3358,0.08992581
7758,10858,0.0032175195
7759,113214,0.01017783
7760,7849,0.056950733
7761,67177,0.31932625
7762,69305,0.033027504
7763,17301,0.0037272696
7764,727,0.05184201
7765,104938,0.7616338
7766,103379,0.59409255
7767,20200,0.5072981
7768,52028,0.0023629195
7769,65929,0.032022864
7770,80490,0.10240164
7771,95788,0.4700601
7772,67116,0.5114135
7773,52676,0.5072981
7774,70804,0.13730942
7775,31625,0.04543586
7776,16819,0.6133949
7777,26248,0.004455762
7778,36667,0.007029523
7779,53026,0.0062839175
7780,36531,0.7057373
7781,10653,0.013569391
7782,103459,0.533381
7783,41204,0.61799353
7784,48220,0.14401716
7785,60526,0.62831575
7786,53132,0.5787994
7787,4948,0.027050344
7788,30606,0.0038557483
7789,102241,0.003006968
7790,23357,0.81498784
7791,44812,0.5787994
7792,5532,0.00015869689
7793,25459,0.001262547
7794,1497,0.010693752
7795,59511,0.0003129134
7796,105549,0.010582275
7797,8564,0.0005992222
7798,83802,0.011011613
7799,21358,0.523312
7800,94028,0.0033614086
7801,114644,0.005739551
7802,104235,0.7553353
7803,10032,0.49550277
7804,25326,0.00019383058
7805,74744,0.16627684
7806,33994,0.00010570812
7807,44605,0.6185612
7808,6354,0.04528893
7809,34398,0.5427143
7810,69849,0.0002911407
7811,32614,0.0015418233
7812,60269,0.504411
7813,80349,0.3619964
7814,45460,0.0030453033
7815,109685,0.42487767
7816,103502,0.033027504
7817,17676,0.0029509936
7818,85271,0.0030654797
7819,50727,0.01962911
7820,40652,0.2521181
7821,43444,0.27470013
7822,18984,0.52248293
7823,100031,0.013281909
7824,87342,0.39557743
7825,98841,0.16023703
7826,69901,0.17457265
7827,36299,0.00017417259
7828,13840,0.0150690535
7829,85952,0.14401716
7830,68676,0.026718179
7831,1594,0.0334506
7832,1707,0.49507686
7833,75372,0.017015383
7834,73704,0.033027504
7835,37882,0.6185612
7836,81471,0.005185175
7837,85691,0.31932625
7838,19665,0.025690775
7839,100871,0.689935
7840,63528,0.00726674
7841,90811,0.3619964
7842,108761,0.3588082
7843,49391,0.5427143
7844,77742,0.54020727
7845,29685,0.013143747
7846,48816,0.033027504
7847,96146,0.002330088
7848,105655,0.0059125572
7849,32395,0.05922959
7850,68174,0.023799386
7851,98331,0.13475803
7852,102010,0.0026116837
7853,49514,0.002243549
7854,35338,0.05496749
7855,77688,0.00054187165
7856,35195,0.001595597
7857,14153,0.5787994
7858,35170,0.6032943
7859,14923,0.014433683
7860,68428,0.6063789
7861,78736,0.0137355365
7862,32954,0.013143747
7863,58357,0.61799353
7864,3487,0.9542002
7865,85789,0.0035153013
7866,9046,0.008876673
7867,48918,0.17013359
7868,63402,0.0088156825
7869,75103,0.016528634
7870,51124,0.0131263975
7871,86979,0.5427143
7872,30899,0.00023048518
7873,5528,0.6982126
7874,62227,0.013143747
7875,69016,0.026718179
7876,9171,0.00039368123
7877,17561,0.008458243
7878,81544,0.005090488
7879,108318,0.0040797824
7880,37934,0.005311419
7881,22287,0.7671338
7882,103303,0.033027504
7883,95745,6.916423e-05
7884,78734,0.7616917
7885,19938,0.0010725245
7886,2192,0.103655845
7887,102353,4.673595e-05
7888,101594,0.036027845
7889,52288,0.6186621
7890,42380,0.8065387
7891,4684,0.19831872
7892,4690,0.020197285
7893,46968,0.022115959
7894,39313,0.13040477
7895,35341,0.001353865
7896,42249,0.0051784823
7897,38071,0.0035201085
7898,63335,0.14401716
7899,1448,0.8868337
7900,28555,0.097158805
7901,34707,0.59409255
7902,115754,0.3619964
7903,105691,0.36704037
7904,2672,0.063621655
7905,96568,0.7220712
7906,32097,0.61799353
7907,79412,0.012882307
7908,14108,0.0088156825
7909,75002,0.016528634
7910,20384,0.00014336359
7911,27855,0.002008339
7912,51796,0.59409255
7913,8326,0.017014857
7914,26322,0.13040477
7915,33887,0.0034751198
7916,31139,0.5427143
7917,112084,0.0014696156
7918,8319,0.0028135278
7919,29781,0.001353865
7920,76364,0.00036715806
7921,4285,0.00032660947
7922,30510,0.5427143
7923,32009,0.013143747
7924,3853,0.029340554
7925,95116,0.0029718094
7926,54875,0.5072981
7927,19164,0.81563526
7928,25608,0.21979274
7929,26776,0.0029017213
7930,13963,0.1300984
7931,59152,0.00034014272
7932,101394,0.7106482
7933,78989,0.033027504
7934,2669,0.0059882975
7935,17217,0.10240164
7936,21471,0.015545429
7937,114396,0.10240164
7938,77848,0.3857383
7939,2408,0.046516992
7940,6795,0.16180599
7941,49000,0.0062839175
7942,53748,0.00096633617
7943,65521,0.00026007756
7944,57709,0.052630268
7945,39147,0.10404422
7946,83013,0.06256816
7947,87316,0.7481223
7948,10358,0.055835783
7949,10062,0.018534668
7950,37164,0.7920622
7951,67149,0.22588314
7952,112050,0.033027504
7953,723,0.6185612
7954,84036,0.4868459
7955,92841,0.012808806
7956,25312,0.0029017213
7957,107793,0.001539836
7958,82509,0.008681093
7959,49260,0.13730942
7960,110019,0.585949
7961,77201,0.7439202
7962,8888,0.0021008223
7963,111669,0.00053420407
7964,36434,0.52248293
7965,8355,0.51642954
7966,91791,0.16627684
7967,10288,0.020197285
7968,71047,0.047093634
7969,22701,0.03087039
7970,69027,0.3619964
7971,110531,0.858194
7972,50165,0.008138208
7973,45141,0.0131263975
7974,76127,0.27032498
7975,107258,0.70420945
7976,13536,0.88423395
7977,27335,0.02269056
7978,61061,0.5427143
7979,101069,0.88752764
7980,86387,0.032022864
7981,14416,0.007029523
7982,6166,0.01371935
7983,48554,0.032232128
7984,17234,0.010565702
7985,99054,0.88752764
7986,61160,0.5072981
7987,34994,0.5787994
7988,102960,0.3619964
7989,72168,0.033027504
7990,57764,0.504411
7991,38787,0.00089625496
7992,103350,0.5999409
7993,65587,0.00021046665
7994,18818,0.012882307
7995,45011,0.52248293
7996,32208,0.0023082397
7997,45101,0.12634419
7998,56215,0.0007699017
7999,21717,0.012775223
8000,113415,0.3922606
8001,7773,0.0017537593
8002,33252,0.6077621
8003,37744,0.5168421
8004,39267,0.02055002
8005,98210,0.0001453519
8006,11417,0.8576125
8007,51525,0.013815899
8008,77195,0.016672801
8009,36077,0.12573561
8010,38932,0.0002922311
8011,23579,0.7057373
8012,74310,0.0011995301
8013,35228,0.5427143
8014,87428,0.59409255
8015,20660,0.31973323
8016,13280,0.0046426766
8017,50248,0.0092549315
8018,79306,0.00022755245
8019,74959,0.8072219
8020,19858,0.6133949
8021,588,0.523312
8022,2936,0.0002707847
8023,10521,0.78215474
8024,79504,0.00010820505
8025,58678,0.27470013
8026,13971,0.52248293
8027,41373,0.0131263975
8028,31160,0.17013359
8029,115286,0.0006481814
8030,22928,0.6982025
8031,47551,0.001353865
8032,88028,0.17457265
8033,43124,5.9438622e-05
8034,91668,0.7920622
8035,26200,0.001353865
8036,102223,0.0024882415
8037,79044,0.7920622
8038,78207,0.00010820505
8039,27629,0.00022708753
8040,65970,0.00085262227
8041,108540,0.00016989444
8042,53701,0.007029523
8043,111295,0.0051007695
8044,105323,0.5787994
8045,10234,0.013569391
8046,21131,0.01583257
8047,27909,0.013143747
8048,114867,0.36848506
8049,61743,0.027030254
8050,78840,0.17553583
8051,46672,0.13040477
8052,41793,0.6982025
8053,38980,0.001353865
8054,39647,0.13040477
8055,108039,0.7616338
8056,27198,0.006333401
8057,54877,0.5787994
8058,88998,0.7616917
8059,66621,0.32738656
8060,71128,0.6185612
8061,104888,0.26011735
8062,69348,0.3619964
8063,47496,0.5787994
8064,8130,0.008444138
8065,98257,0.034388546
8066,111023,0.033027504
8067,3230,0.09335998
8068,111657,0.025606757
8069,6819,0.013569391
8070,15311,0.027739413
8071,81445,0.504411
8072,27311,0.061520338
8073,103387,0.00020428591
8074,38914,0.0007139522
8075,104478,0.49364203
8076,61646,0.13730942
8077,21552,0.0088156825
8078,37643,0.012356452
8079,99773,0.5999409
8080,77735,0.00010820505
8081,109103,0.00020287241
8082,55558,0.026015587
8083,94352,0.5427143
8084,76630,0.012808806
8085,68590,0.5072981
8086,69494,0.4868459
8087,96530,0.27470013
8088,91371,0.16627684
8089,20810,0.011381704
8090,9443,0.055835783
8091,58047,0.10240164
8092,6092,0.94483894
8093,19579,0.00015463062
8094,23099,0.21865545
8095,20474,0.044770245
8096,103863,0.6077621
8097,24702,0.039320398
8098,111180,0.00052340067
8099,66324,0.001042681
8100,109143,0.0012338674
8101,24744,0.13040477
8102,111677,0.5999409
8103,87120,0.91309136
8104,18717,0.007029523
8105,7916,0.0054169586
8106,51064,0.003006968
8107,33955,0.0035153013
8108,50824,0.5427143
8109,19705,0.523312
8110,75960,0.033027504
8111,30177,0.032022864
8112,14491,0.3922606
8113,36153,0.59409255
8114,36008,5.9438622e-05
8115,2576,0.0035316062
8116,1515,1.16684405e-05
8117,91225,0.0112617295
8118,33973,0.0057881493
8119,30015,0.0021357485
8120,115560,0.0059125572
8121,62150,0.027030254
8122,111308,0.0040797824
8123,30339,0.6077621
8124,86688,0.005185175
8125,107773,0.65751773
8126,30749,0.001353865
8127,39474,0.81498784
8128,39748,5.4329244e-05
8129,6173,0.5037168
8130,9220,0.020744335
8131,13247,0.7624394
8132,6237,0.0007903494
8133,23188,0.21865545
8134,63490,0.14401716
8135,105887,0.56445324
8136,63009,0.013143747
8137,40399,0.0010818559
8138,714,0.631487
8139,85255,0.00074826076
8140,63591,0.39557743
8141,40220,0.007002439
8142,21858,0.0011056825
8143,86825,0.06277273
8144,78586,0.011011613
8145,62020,0.6063789
8146,83125,0.7159881
8147,12281,0.44410628
8148,38805,0.13040477
8149,36117,0.000660903
8150,26144,0.3922606
8151,78300,0.8072219
8152,56085,0.7920622
8153,67495,0.004382093
8154,30284,0.12634419
8155,108095,0.0009042805
8156,24149,0.3387435
8157,30588,0.1449014
8158,11206,0.0028135278
8159,26859,0.00640211
8160,105363,0.14401716
8161,4312,0.0027491224
8162,2091,0.034629997
8163,40687,0.008452769
8164,19747,0.00044368874
8165,30024,0.5427143
8166,48585,0.007029523
8167,89991,0.032022864
8168,98444,0.001837395
8169,24310,0.5787994
8170,63631,6.595629e-05
8171,94173,0.29056785
8172,111063,0.00036125135
8173,94679,0.59278125
8174,102841,0.033027504
8175,105051,0.5999409
8176,63997,0.8065387
8177,4927,0.020197285
8178,35407,0.0092549315
8179,44188,9.299719e-05
8180,21799,0.000213336
8181,65923,0.016521992
8182,25316,0.0001438523
8183,58284,0.0005912295
8184,92766,0.2507172
8185,4416,0.5042971
8186,91536,0.0014207311
8187,72056,0.5427143
8188,110629,0.5980179
8189,41468,0.059863452
8190,64291,7.160225e-05
8191,61851,0.002610639
8192,79882,0.003148801
8193,23917,0.6185612
8194,50569,0.007029523
8195,24053,0.7057373
8196,57292,0.0016357844
8197,64346,0.0102000525
8198,58900,0.00018697677
8199,55565,0.4250587
8200,109632,0.0073114107
8201,113792,0.8139816
8202,111351,0.26011735
8203,59856,0.10240164
8204,26009,0.00084553706
8205,54123,0.0005417838
8206,84866,0.00020741622
8207,63854,0.12634419
8208,108052,0.10240164
8209,40134,0.0015418233
8210,56437,0.25119156
8211,43861,0.5787994
8212,48215,0.007029523
8213,12477,0.0001959654
8214,103205,0.14335498
8215,19394,0.23185891
8216,29049,0.5168421
8217,3659,0.037517305
8218,15463,0.10631808
8219,64710,0.19465666
8220,63334,0.0011515762
8221,43964,0.13040477
8222,84681,0.6982025
8223,17670,0.0006727121
8224,112439,0.0114292
8225,34235,0.00034938264
8226,66789,0.5072981
8227,98502,0.034388546
8228,45697,0.0060585644
8229,64385,0.12634419
8230,95776,0.00010992697
8231,27609,0.00048786477
8232,60728,0.5072981
8233,28605,0.004832083
8234,103301,0.13741142
8235,75495,0.0018338811
8236,114795,0.00019200987
8237,10940,0.0047406936
8238,70198,0.010331965
8239,102005,0.005185175
8240,89069,0.033027504
8241,45637,0.04571049
8242,3727,0.5037168
8243,39678,0.006326856
8244,28593,0.004421723
8245,113194,0.07112719
8246,61421,0.14401716
8247,87985,0.00036191096
8248,113776,0.006029706
8249,53030,0.008132936
8250,34510,0.001353865
8251,43311,0.007029523
8252,100032,0.54492104
8253,115353,0.012882307
8254,49554,0.5072981
8255,101578,0.0020164743
8256,115673,3.0490568e-05
8257,19420,0.6771808
8258,91208,0.31932625
8259,11274,0.008021838
8260,19931,0.0092549315
8261,44819,0.0040797824
8262,108099,0.012863814
8263,52587,0.009281355
8264,32253,0.5427143
8265,88856,0.011305415
8266,69292,0.5072981
8267,70594,0.033027504
8268,30121,0.59409255
8269,2024,0.8214854
8270,81849,0.5787994
8271,31616,0.0004520344
8272,65942,0.12634419
8273,98376,0.88752764
8274,49774,0.49550277
8275,113364,0.8417476
8276,71637,0.5072981
8277,35152,0.008587563
8278,780,0.0005463275
8279,82285,0.39557743
8280,64009,0.12634419
8281,13234,0.001353865
8282,103375,0.005364075
8283,105570,0.10240164
8284,1374,0.044409733
8285,113645,0.3922606
8286,82717,0.061520338
8287,87656,0.49550277
8288,68432,0.020547971
8289,66373,0.22588314
8290,16116,0.0088156825
8291,99688,0.0006167955
8292,3289,0.19831872
8293,82000,0.000585215
8294,57971,0.00180056
8295,97734,0.047940962
8296,40962,0.5787994
8297,54827,0.5072981
8298,22352,0.0092549315
8299,48541,0.00950199
8300,6425,0.025764976
8301,97576,0.08805262
8302,49093,0.59409255
8303,96309,0.00019058517
8304,106535,0.65751773
8305,33369,0.0029148324
8306,53163,0.071095414
8307,65238,0.27470013
8308,32035,0.032022864
8309,112175,0.034388546
8310,104544,0.70420945
8311,72876,0.012808806
8312,9763,0.89158785
8313,633,0.02604607
8314,11557,0.037517305
8315,93376,0.000984648
8316,29174,0.5427143
8317,59972,0.8065387
8318,86484,0.27470013
8319,4589,0.45980817
8320,13590,5.57853e-05
8321,81371,0.59409255
8322,487,0.015178168
8323,346,0.3857383
8324,18973,0.10240164
8325,58953,0.7526111
8326,44985,0.61799353
8327,74021,0.010948588
8328,73292,0.6982126
8329,13584,0.01371935
8330,95524,0.0025439784
8331,41635,0.5072981
8332,10710,0.006868593
8333,32019,0.13730942
8334,29526,0.003411673
8335,86765,0.033027504
8336,83403,0.35487762
8337,73148,0.017585391
8338,62341,0.31973323
8339,49615,0.0443266
8340,78490,0.0015374882
8341,34332,0.5427143
8342,19790,0.01583257
8343,105853,0.5208225
8344,83006,0.000587648
8345,77159,0.007029523
8346,21441,0.6771808
8347,23977,0.05476863
8348,83733,0.12634419
8349,3694,0.040206905
8350,23173,0.01632905
8351,24879,0.0030137459
8352,93452,0.37642527
8353,31208,0.00045005637
8354,35302,0.03087039
8355,76014,0.5072981
8356,65386,0.032022864
8357,40794,0.8590712
8358,103700,0.0035640886
8359,8854,0.008072244
8360,111025,3.951977e-05
8361,60140,0.5427143
8362,34761,0.007029523
8363,113405,0.49550277
8364,66290,0.00033226295
8365,94827,0.8233484
8366,70854,0.3619964
8367,35280,0.5427143
8368,65267,0.0029841976
8369,32485,0.032268044
8370,45451,0.6186621
8371,46836,0.12634419
8372,83997,0.0025280819
8373,108092,0.43834177
8374,36603,0.5427143
8375,74991,0.0046327054
8376,58745,0.10240164
8377,93681,0.033027504
8378,21058,0.14401716
8379,20759,0.56752956
8380,94422,0.0015625793
8381,17915,0.008138208
8382,114784,0.12842809
8383,9582,0.019870762
8384,80846,0.015545429
8385,62450,0.016565625
8386,107768,0.3588082
8387,47533,0.0008698749
8388,67838,0.5787994
8389,59649,0.7064379
8390,29573,0.001890367
8391,79260,0.033121984
8392,14844,0.008952463
8393,74445,0.12634419
8394,2839,0.72096616
8395,92259,0.3619964
8396,92781,0.00010373761
8397,1095,0.020197285
8398,26947,0.013143747
8399,93415,0.6063789
8400,92479,0.43834177
8401,38520,0.49550277
8402,68130,0.08460447
8403,9416,0.0008915042
8404,49188,0.022940226
8405,36519,0.13730942
8406,71533,0.027030254
8407,86040,0.31973323
8408,99744,0.008019835
8409,64482,0.004933992
8410,21325,0.7220712
8411,47827,0.14401716
8412,3780,0.24009912
8413,87802,0.7616917
8414,22202,0.6185612
8415,2074,0.0324319
8416,71951,0.00028975584
8417,80629,0.7481223
8418,41081,0.0029396622
8419,38361,0.09590011
8420,99633,0.14401716
8421,63954,0.00726674
8422,113551,0.00048140966
8423,73941,0.00054187165
8424,17642,0.851379
8425,54213,0.0059368378
8426,18768,0.523312
8427,15437,0.0027499686
8428,43537,0.0028219095
8429,78964,0.011600402
8430,115455,0.0074997195
8431,42366,0.0028319533
8432,76443,0.008681093
8433,98452,0.70420945
8434,34328,0.17013359
8435,83183,0.016725212
8436,84072,0.31973323
8437,104443,0.42193875
8438,93351,0.5999409
8439,81868,0.00026461476
8440,44126,0.0009985127
8441,15836,0.00014058624
8442,76497,0.00050599815
8443,8231,0.0007549422
8444,44166,0.013143747
8445,85105,0.0014380633
8446,44532,0.21979274
8447,73221,0.027030254
8448,64534,0.06256816
8449,54266,0.5427143
8450,8862,0.8688992
8451,66833,0.7616917
8452,113511,7.608637e-05
8453,35770,0.5072981
8454,38897,0.3387435
8455,109974,0.70420945
8456,85086,0.7439202
8457,41125,0.0010637399
8458,27233,0.0015418233
8459,17415,0.504411
8460,29978,0.5427143
8461,86398,0.5072981
8462,9935,0.04065975
8463,43342,0.0031593165
8464,112397,0.53665787
8465,99244,0.10404422
8466,61486,0.5072981
8467,51598,0.5072981
8468,60907,0.027030254
8469,5194,0.00030918288
8470,79267,0.009222873
8471,76052,0.14401716
8472,14501,0.002387224
8473,100838,0.0001620469
8474,92993,0.7616917
8475,7007,0.00032393145
8476,26536,0.0027399058
8477,94131,0.00010820505
8478,84753,0.0022449465
8479,87965,0.015545429
8480,58818,0.0027607318
8481,42161,0.0040797824
8482,34875,0.001353865
8483,34216,0.59409255
8484,29551,0.12634419
8485,114954,0.012128702
8486,35473,0.022940226
8487,5824,0.89158785
8488,62521,0.7481223
8489,34102,0.0026656725
8490,7400,0.055835783
8491,3700,0.034629997
8492,58337,0.7920622
8493,111624,0.0025762145
8494,109488,0.025264902
8495,83301,0.0053904853
8496,42652,0.0092549315
8497,80397,0.008220183
8498,37772,0.0060585644
8499,83157,0.631487
8500,20798,0.0010896387
8501,12276,0.88184494
8502,38719,0.0029017213
8503,108320,0.7616338
8504,114431,0.7220712
8505,36586,0.6982025
8506,46490,0.001353865
8507,37358,0.3387435
8508,47627,0.3387435
8509,36246,0.5072981
8510,57194,0.649481
8511,65508,0.12634419
8512,93424,0.033062235
8513,87671,0.0011643132
8514,48347,0.007029523
8515,63908,4.0892708e-05
8516,65917,0.00054187165
8517,109653,0.42193875
8518,82616,0.05569084
8519,39035,0.00022946975
8520,111957,0.59409255
8521,83010,0.0057660225
8522,82401,0.14401716
8523,84145,0.020478815
8524,61369,0.016969895
8525,33028,0.01371935
8526,5115,0.027050344
8527,77675,0.01063299
8528,41747,0.0131263975
8529,33002,0.016653307
8530,102095,0.0053904853
8531,56225,0.6982025
8532,32577,0.016653307
8533,79319,0.012808806
8534,85799,0.7243738
8535,25539,0.0020164743
8536,79682,0.7616917
8537,76546,0.0025762145
8538,23324,0.02210212
8539,44717,0.004376268
8540,15749,0.0088156825
8541,44366,0.00045557183
8542,40177,0.00035894787
8543,99775,0.26011735
8544,41258,0.0092549315
8545,71286,0.5787994
8546,52385,0.8512548
8547,5208,0.0028135278
8548,86503,0.006932296
8549,9461,0.020197285
8550,45584,0.003006968
8551,8900,0.73766655
8552,72911,0.82215583
8553,28472,0.00434667
8554,78022,0.19465666
8555,67643,0.032232128
8556,74615,0.000585215
8557,107000,0.0031033724
8558,14292,0.044811416
8559,9750,0.3368783
8560,94183,0.547256
8561,15883,0.01371935
8562,53319,0.25119156
8563,86089,0.00025641805
8564,8245,0.0028135278
8565,41502,0.25119156
8566,45940,0.003148801
8567,59890,0.006007222
8568,10109,0.010565702
8569,65770,0.016521992
8570,8571,0.016551321
8571,12402,0.0009238225
8572,15405,0.6185612
8573,19951,0.0027499686
8574,81273,0.19465666
8575,57827,0.7616917
8576,24152,0.025606757
8577,77165,0.5427143
8578,84915,0.003006968
8579,80109,0.0018901108
8580,55218,0.00026007756
8581,97616,0.22588314
8582,87327,0.0028448408
8583,93996,0.1884553
8584,15673,0.002151679
8585,47508,0.03087039
8586,105934,0.005530555
8587,19743,0.14401716
8588,11044,0.71370685
8589,24775,0.019013701
8590,72091,0.18456551
8591,44792,0.013265102
8592,2515,0.006868593
8593,16861,0.006973378
8594,30259,0.7003088
8595,8749,0.481222
8596,73778,0.3619964
8597,59191,0.5427143
8598,64803,0.002465417
8599,52454,0.0012412529
8600,61912,0.006590371
8601,97605,0.54492104
8602,43399,0.21865545
8603,72639,0.007029523
8604,105209,0.033027504
8605,5224,0.0033046973
8606,49598,0.001353865
8607,49695,0.13730942
8608,103370,0.022894202
8609,74075,0.7616917
8610,25229,0.0010284387
8611,18016,0.039320398
8612,56684,0.012405036
8613,21193,9.9467325e-05
8614,27528,0.13730942
8615,33081,0.00046633347
8616,84520,0.31973323
8617,24185,0.007029523
8618,22844,0.016528634
8619,90887,0.102604255
8620,115129,0.032540966
8621,80847,0.36848506
8622,46859,0.00025327128
8623,80104,0.034388546
8624,112395,0.34319255
8625,10808,0.028931994
8626,26078,0.028225413
8627,55583,0.00075386564
8628,58130,0.17457265
8629,75567,0.0007577467
8630,100505,0.034388546
8631,33500,0.50492847
8632,17348,0.009222873
8633,26836,0.0005385823
8634,101336,0.7602656
8635,62962,0.0031618597
8636,3398,0.006868593
8637,55232,8.365695e-05
8638,29825,0.002387224
8639,113697,0.005329171
8640,52173,0.0044188607
8641,57116,0.0059368378
8642,20668,0.5168421
8643,7887,0.73766655
8644,14184,0.56683266
8645,74852,0.00061105716
8646,44805,0.01017783
8647,103810,0.063201606
8648,50466,0.7439202
8649,110885,0.6878115
8650,35973,0.31973323
8651,38528,0.0092549315
8652,55967,0.7920622
8653,36841,0.8865087
8654,109398,0.033027504
8655,41384,0.002387224
8656,86594,0.88688755
8657,15585,0.0088156825
8658,67504,0.011011613
8659,36844,0.00084553706
8660,47809,0.0034434209
8661,99328,0.54492104
8662,8033,0.006868593
8663,92421,0.7220712
8664,44873,0.016565625
8665,113152,0.7616338
8666,46642,0.6982025
8667,39554,0.001353865
8668,4504,0.020197285
8669,25413,0.13040477
8670,45786,0.13730942
8671,55342,0.17013359
8672,1659,0.5254379
8673,2005,0.0028135278
8674,64258,0.35487762
8675,42748,0.3387435
8676,50124,0.5427143
8677,54039,0.52248293
8678,15292,0.0019568074
8679,25473,0.0131263975
8680,65829,0.047707766
8681,114743,0.39557743
8682,66308,0.0415408
8683,100438,0.5999409
8684,102483,0.88752764
8685,78158,0.0008609486
8686,98338,0.12634419
8687,3763,0.0042724963
8688,31056,0.6185612
8689,9296,0.008798172
8690,111678,0.07027599
8691,79078,0.8865087
8692,114273,0.0065870066
8693,3034,0.0059368378
8694,88584,0.004584854
8695,111699,0.036027845
8696,81543,0.000945098
8697,111328,6.880098e-05
8698,69916,0.033644553
8699,104401,0.49364203
8700,28500,0.114592284
8701,114566,0.5427143
8702,108767,0.041028555
8703,25360,0.028225413
8704,27634,0.3857383
8705,110343,0.48317924
8706,54682,5.4525233e-05
8707,44450,0.00057300733
8708,62529,0.013143747
8709,42254,0.03087039
8710,77533,0.02800788
8711,47625,0.01371935
8712,79920,0.022169856
8713,36328,0.6032943
8714,87964,0.5787994
8715,87735,0.7220712
8716,17875,0.0008526361
8717,56637,0.007029523
8718,64513,0.27470013
8719,8005,0.0011850953
8720,13860,0.88184494
8721,63652,0.00726674
8722,27176,0.013143747
8723,38677,0.019013701
8724,34048,0.0012787258
8725,15847,0.002243549
8726,18048,0.6771808
8727,17939,0.0003665303
8728,98496,0.048678692
8729,111102,0.012808806
8730,5876,0.6482437
8731,2324,0.040206905
8732,53837,0.13730942
8733,106006,0.22588314
8734,114992,0.00022712412
8735,66550,0.01017783
8736,51975,0.006333401
8737,79985,0.005185175
8738,4112,0.09705643
8739,9157,0.91477466
8740,71301,0.033027504
8741,32872,0.013143747
8742,47918,0.005185175
8743,69884,0.3619964
8744,89984,0.3619964
8745,69886,0.5672082
8746,57668,0.5427143
8747,84831,0.504411
8748,95485,0.121940404
8749,97596,0.093126625
8750,11932,0.018423054
8751,28514,0.0018180332
8752,102975,0.00057249586
8753,43089,0.27470013
8754,3947,0.73766655
8755,22157,0.00035894787
8756,85321,0.006590371
8757,13696,0.5168421
8758,41731,0.8065387
8759,88676,0.017443031
8760,49155,0.0026259106
8761,46846,0.0092549315
8762,96398,0.007029523
8763,39472,0.001353865
8764,89163,0.43834177
8765,14133,0.046658676
8766,19236,0.6771808
8767,91330,0.31932625
8768,83656,0.7380137
8769,4606,0.79794157
8770,114535,0.016528634
8771,74317,0.025606757
8772,16239,0.7843891
8773,79743,0.007081134
8774,75194,0.000585215
8775,18122,0.0033317679
8776,63766,0.00021515589
8777,49760,0.5072981
8778,104039,0.8417476
8779,31057,0.6982025
8780,60264,0.17013359
8781,72836,0.50492847
8782,108717,0.36589172
8783,37225,0.009843231
8784,54262,0.5427143
8785,66041,0.22588314
8786,33195,0.16627684
8787,24417,0.3387435
8788,12549,0.000316669
8789,79742,0.005185175
8790,20397,0.523312
8791,95433,0.7602656
8792,99237,0.003123684
8793,35478,0.023674505
8794,28524,0.21979274
8795,52035,0.5427143
8796,1207,0.0008915042
8797,57032,0.01017783
8798,87747,0.88546485
8799,42747,0.9433451
8800,56959,0.003326866
8801,90754,0.17457265
8802,22580,0.91309136
8803,76124,0.12634419
8804,26864,0.00054187165
8805,2256,0.029926157
8806,48902,0.052630268
8807,53790,0.0015946166
8808,100335,0.26011735
8809,84158,0.015577621
8810,47821,0.00034736237
8811,40255,0.46285427
8812,79896,0.016672801
8813,77443,0.0018760372
8814,76792,0.016672801
8815,13602,0.023829836
8816,89108,0.59278125
8817,112410,0.72096616
8818,8301,0.0017537593
8819,99816,0.27470013
8820,59161,0.7616917
8821,113082,0.00033102225
8822,33512,0.13730942
8823,43517,0.001353865
8824,32739,0.59409255
8825,5970,0.7895489
8826,53925,0.5427143
8827,23479,0.003224165
8828,2361,0.608854
8829,21140,0.01376545
8830,45593,0.023361359
8831,106542,0.65751773
8832,49244,0.037220772
8833,101306,0.03714765
8834,75717,0.005185175
8835,12967,0.044770245
8836,35671,0.5427143
8837,95487,0.033027504
8838,103023,0.0037504577
8839,76594,0.43834177
8840,27874,0.002835869
8841,67049,0.029243568
8842,34976,0.001353865
8843,29712,0.0039735585
8844,50480,0.5427143
8845,104140,0.27470013
8846,108505,0.00042169445
8847,27313,0.59409255
8848,48980,0.007029523
8849,26774,0.65522355
8850,86882,0.7159881
8851,74960,0.43834177
8852,28871,0.13730942
8853,22158,0.012544324
8854,10925,0.7231015
8855,45367,0.00510581
8856,87882,0.88546485
8857,38016,0.011324875
8858,38817,0.0010637399
8859,92531,0.0047887657
8860,62269,0.060449827
8861,11160,0.024047464
8862,49732,0.031275123
8863,5530,0.0008885602
8864,83146,0.14401716
8865,42119,0.007029523
8866,25588,0.8065387
8867,26048,0.13040477
8868,14644,0.5168421
8869,36013,0.097303964
8870,77496,0.8072219
8871,66642,0.065039895
8872,34520,0.10673003
8873,93425,0.7616917
8874,56601,0.038752552
8875,57492,0.033027504
8876,15004,0.18952498
8877,81083,0.5787994
8878,106118,0.0015535805
8879,98771,0.026861235
8880,113074,0.041028555
8881,37739,0.007156006
8882,70712,0.033027504
8883,92571,0.21865545
8884,20451,0.6982025
8885,39782,0.0015150345
8886,1725,0.0102000525
8887,27495,0.88184494
8888,75115,0.7920622
8889,37264,0.0024094253
8890,24098,0.6185612
8891,13743,0.0019531946
8892,51459,0.00028784692
8893,60099,0.8465671
8894,110077,0.26011735
8895,23883,0.82215583
8896,103557,0.5999409
8897,18970,0.02053983
8898,63308,0.0104701575
8899,8400,0.8576125
8900,52089,0.7739774
8901,87393,0.00080393266
8902,36636,1.8243803e-05
8903,7191,0.0027796994
8904,85793,0.033027504
8905,50070,0.5427143
8906,92437,0.54492104
8907,66837,0.004455762
8908,71179,0.038752552
8909,52179,0.17013359
8910,89826,0.7616917
8911,47349,0.4107991
8912,88250,0.009591054
8913,88254,0.006932296
8914,33261,0.59409255
8915,114209,0.0060933447
8916,87739,0.8072219
8917,61467,0.0016357844
8918,4341,0.0881926
8919,89011,0.63507825
8920,11539,0.00058907375
8921,89054,0.31973323
8922,20813,0.0025762145
8923,40540,0.4868459
8924,13450,0.89158785
8925,48537,0.14401716
8926,20921,0.0055454527
8927,194,0.027050344
8928,30294,0.015571487
8929,102086,0.039320398
8930,85383,0.007634703
8931,2093,0.38987172
8932,67918,0.13730942
8933,92883,0.06133517
8934,87579,0.7616917
8935,101038,0.0001453519
8936,54671,0.44410628
8937,111321,0.0036587128
8938,76542,0.0021116743
8939,55628,0.0004693685
8940,74210,0.0005337524
8941,77798,0.17553583
8942,56399,0.01783974
8943,33200,0.0177176
8944,45820,2.0336285e-05
8945,90358,0.7481223
8946,3449,0.59409255
8947,39849,0.82215583
8948,85803,0.3619964
8949,22268,0.22588314
8950,101115,0.00045793928
8951,79054,0.01783974
8952,45847,0.13567427
8953,4259,0.006868593
8954,75867,0.00342299
8955,54680,0.033027504
8956,18077,2.2811524e-05
8957,25623,0.022053696
8958,105244,0.8775108
8959,83234,0.48317924
8960,107141,0.037220772
8961,99010,0.11677547
8962,39025,0.13040477
8963,106629,0.31932625
8964,68945,0.6185612
8965,104238,0.046442118
8966,65596,0.016521992
8967,43077,0.858194
8968,12282,0.22588314
8969,104410,0.7616338
8970,57229,0.004455762
8971,28484,0.0005711812
8972,32124,0.5042971
8973,104016,0.029100988
8974,43866,0.00034245828
8975,33819,0.0010234017
8976,64523,0.0123029305
8977,43929,0.01450531
8978,51178,0.001353865
8979,48787,0.008886205
8980,37840,0.006333401
8981,62553,0.032022864
8982,27808,0.0040797824
8983,79499,0.8139816
8984,110463,0.0031150042
8985,57894,0.13730942
8986,95748,0.0010478402
8987,4955,0.0028135278
8988,28148,0.0006442285
8989,32203,0.05792506
8990,10281,0.052364726
8991,104995,0.00010820505
8992,111017,0.036027845
8993,51157,0.8210756
8994,4448,0.03823807
8995,53704,0.7749112
8996,29281,0.5072981
8997,45555,0.61799353
8998,86317,0.3619964
8999,98341,0.026805542
9000,42106,0.61799353
9001,64708,0.0060585644
9002,63488,0.01017783
9003,55728,0.59409255
9004,84587,0.5787994
9005,40544,0.6185612
9006,36206,0.5427143
9007,110300,0.033027504
9008,30816,0.001353865
9009,40841,0.0015418233
9010,108104,0.033027504
9011,40214,0.13040477
9012,7244,0.022601707
9013,52158,0.59409255
9014,109760,0.016521992
9015,37115,0.007099019
9016,71785,0.7616917
9017,51034,0.03723489
9018,54449,0.59409255
9019,72952,0.0026927718
9020,61312,0.5072981
9021,68343,0.0053904853
9022,15006,0.18952498
9023,85151,0.0031618597
9024,62052,0.033027504
9025,55588,0.016565625
9026,22080,0.13040477
9027,34080,0.5427143
9028,14810,0.504411
9029,18177,0.5072981
9030,102461,0.010418599
9031,114300,0.03245519
9032,17913,0.0044722315
9033,84009,0.008262731
9034,69,0.17280069
9035,32365,0.039320398
9036,56429,0.7616917
9037,8882,0.00020732271
9038,60469,0.31973323
9039,45264,0.6185612
9040,48529,0.3619964
9041,107638,0.20558783
9042,50474,0.5427143
9043,56528,0.59409255
9044,64498,0.01632905
9045,77465,0.011562301
9046,7068,0.008072244
9047,28264,0.0022985667
9048,67500,0.31932625
9049,83882,0.7476808
9050,74304,0.007099019
9051,44028,0.015961219
9052,66748,0.37642527
9053,99587,0.5999409
9054,106828,0.49364203
9055,106123,0.19465666
9056,26207,0.13730942
9057,16039,0.0059269774
9058,76916,0.27032498
9059,74818,0.10240164
9060,108820,0.044552818
9061,77277,0.27470013
9062,107471,0.001853414
9063,81290,0.0006432278
9064,52321,0.23185891
9065,75505,0.033027504
9066,28710,0.5427143
9067,103844,0.7616338
9068,71246,0.14401716
9069,37497,0.8214854
9070,53893,0.0020992504
9071,58664,0.5427143
9072,43066,0.019013701
9073,89691,0.6063789
9074,35743,0.0035694235
9075,62745,0.12634419
9076,16006,0.03087039
9077,5293,0.5037168
9078,77882,0.17457265
9079,13639,0.0013078308
9080,63569,0.12634419
9081,95435,0.032022864
9082,40919,0.0010818559
9083,2513,0.010565702
9084,113321,0.0007870421
9085,47277,0.81563526
9086,49160,0.6982025
9087,27891,0.01129713
9088,96303,0.00017145707
9089,107182,0.02813523
9090,30519,0.31973323
9091,44743,0.00027735266
9092,80640,0.14401716
9093,107173,0.7439202
9094,17703,0.523312
9095,20797,0.03087039
9096,44919,0.0011643132
9097,35921,0.13730942
9098,61512,0.0054791733
9099,66787,6.0724902e-05
9100,68285,0.7481223
9101,9113,0.7895489
9102,111588,0.03410196
9103,42561,0.8233484
9104,109435,5.779295e-05
9105,42311,0.00077476725
9106,106960,0.5980179
9107,48886,0.5072981
9108,89656,0.14401716
9109,63236,0.12634419
9110,51317,0.0036881051
9111,9565,0.0009998721
9112,61277,0.14401716
9113,114648,0.10240164
9114,86370,0.00054187165
9115,105542,0.5208225
9116,14107,0.523312
9117,83319,0.04080513
9118,87869,0.6063789
9119,82094,0.016725212
9120,34531,0.5072981
9121,68066,0.007029523
9122,38352,0.008138208
9123,10960,0.88852733
9124,56683,0.007029523
9125,109267,0.009636036
9126,33359,0.59409255
9127,16923,0.25119156
9128,48460,0.5072981
9129,69237,0.6185612
9130,57873,0.31973323
9131,40956,0.31973323
9132,2544,0.040206905
9133,29428,0.0029131933
9134,66390,0.36848506
9135,61858,0.033027504
9136,105346,0.071609475
9137,10509,0.006578858
9138,111620,0.26011735
9139,1433,0.0020784303
9140,37138,0.39557743
9141,84052,0.0006432278
9142,27509,0.31973323
9143,93835,0.015348072
9144,25161,0.36704037
9145,18865,0.3203285
9146,80780,0.8590712
9147,10278,0.05184201
9148,49924,0.59409255
9149,92980,0.7106482
9150,89313,0.0028878888
9151,98001,0.27470013
9152,39355,0.006333401
9153,15621,0.74892354
9154,33837,0.01017783
9155,11271,0.0023082397
9156,31483,0.00747971
9157,76098,0.8072219
9158,94883,0.5427143
9159,63589,0.01017783
9160,40000,0.13040477
9161,102035,0.8896136
9162,92280,0.65522355
9163,70921,0.22588314
9164,110840,0.033027504
9165,92502,0.34098592
9166,32393,0.06383271
9167,19978,0.044770245
9168,75428,0.10240164
9169,48303,0.0071790903
9170,42581,0.0019085901
9171,1419,0.0028838287
9172,51660,0.88184494
9173,87401,0.5072981
9174,19735,0.03337335
9175,77033,0.1198357
9176,91221,0.4868459
9177,71705,0.17457265
9178,53074,0.0042766426
9179,81491,0.025932798
9180,100034,0.3619964
9181,32932,0.028048089
9182,2464,0.00030918288
9183,25453,0.0034755212
9184,43012,0.007099019
9185,41570,0.016528634
9186,27819,0.01583257
9187,79710,0.000585215
9188,16925,0.046658676
9189,88854,0.5787994
9190,60486,0.6185612
9191,69022,0.00018459014
9192,40690,0.005849697
9193,98143,0.12722687
9194,109289,0.0017043087
9195,69210,0.7616917
9196,68376,0.005849697
9197,107665,0.05776599
9198,539,0.0010914698
9199,82338,0.01017783
9200,6258,0.020197285
9201,83205,0.0014578049
9202,70625,0.5072981
9203,74458,0.3099558
9204,81756,0.7243738
9205,9207,0.00294488
9206,285,0.029313792
9207,48077,0.000585215
9208,74158,0.0096985055
9209,109383,0.019435009
9210,43639,0.0037164278
9211,78942,0.49550277
9212,99486,0.59278125
9213,93475,0.026015587
9214,115400,0.01190348
9215,85416,0.6301365
9216,17226,0.00040106926
9217,8601,0.05785655
9218,72024,0.00026781534
9219,24213,0.015571487
9220,53063,0.13730942
9221,34752,0.0002632072
9222,32789,0.04571049
9223,43591,0.0037813291
9224,56532,0.17280069
9225,73553,0.7920622
9226,39134,0.0092549315
9227,65893,0.00036562572
9228,57187,0.02344889
9229,101898,0.0011753965
9230,83851,0.033027504
9231,32367,0.6077621
9232,74803,0.000585215
9233,93986,0.5787994
9234,109834,0.006695762
9235,12401,0.01371935
9236,103147,0.7843891
9237,99669,0.14401716
9238,54001,0.033027504
9239,15839,0.8590712
9240,85258,0.31932625
9241,11516,0.8848291
9242,26134,0.13040477
9243,14098,0.12634419
9244,15651,0.004376268
9245,105963,0.0067506013
9246,27395,0.7920622
9247,36632,0.001353865
9248,81285,0.00027331512
9249,71591,0.3619964
9250,87918,0.0112617295
9251,70644,0.5072981
9252,115606,0.01017783
9253,48785,0.50492847
9254,100227,0.5691658
9255,78440,0.16627684
9256,34123,0.09898443
9257,32211,0.0075427103
9258,24255,0.023799386
9259,9860,0.73766655
9260,22930,0.001353865
9261,67581,0.6185612
9262,109798,0.10800042
9263,113382,0.00423927
9264,106453,0.004563843
9265,106820,0.0006516873
9266,83369,0.028048089
9267,45912,0.81498784
9268,39309,0.5787994
9269,101271,0.0036338558
9270,39363,0.01583257
9271,73564,0.14401716
9272,57670,0.22588314
9273,9073,0.31973323
9274,60694,0.033027504
9275,18431,0.008952463
9276,18375,0.0003706158
9277,97634,0.14401716
9278,70485,0.00010820505
9279,16065,0.27636027
9280,73451,0.3619964
9281,61653,0.0010818559
9282,79256,0.06955133
9283,79346,0.004617556
9284,41611,0.21979274
9285,59802,0.17013359
9286,27949,0.19737954
9287,23725,0.020077558
9288,27104,0.5427143
9289,53101,0.007029523
9290,95084,0.504411
9291,99619,0.06997963
9292,55132,0.0058439407
9293,110326,0.013102002
9294,41978,7.51729e-05
9295,10215,0.6482437
9296,55514,0.10240164
9297,107441,0.20558783
9298,4831,0.056783542
9299,18677,0.040540118
9300,16136,0.08609876
9301,10809,0.0007069228
9302,97790,0.007029523
9303,73416,0.008058614
9304,99061,0.0018922699
9305,99764,0.5999409
9306,113416,0.012329137
9307,71773,0.3619964
9308,31932,0.0035041845
9309,64686,0.19465666
9310,24518,0.6982025
9311,109713,0.061520338
9312,8761,0.0054169586
9313,79480,0.016528634
9314,114363,0.033027504
9315,37774,0.17013359
9316,84428,0.009567226
9317,82923,0.7481223
9318,68122,0.008961343
9319,89211,0.88184494
9320,85545,0.52248293
9321,98673,0.00068351836
9322,80698,0.31973323
9323,14456,0.0003724832
9324,95789,0.6185612
9325,32588,0.001353865
9326,37705,0.017478535
9327,57332,0.00014322285
9328,53590,0.0006376621
9329,24633,0.029781768
9330,27029,0.022955928
9331,79791,0.5427143
9332,7666,0.020077558
9333,68958,0.033027504
9334,100954,0.004326877
9335,111876,0.5980179
9336,31778,0.00034938264
9337,30058,0.13730942
9338,681,0.008692204
9339,14051,0.01583257
9340,99683,0.033027504
9341,66901,0.00084809004
9342,40552,0.00016929417
9343,65750,0.0123029305
9344,80945,0.016528634
9345,104504,0.3857383
9346,99079,0.26011735
9347,53814,0.033027504
9348,95607,0.7553353
9349,108175,1.9442808e-05
9350,90661,0.7159881
9351,79563,0.015545429
9352,91108,0.0031470875
9353,56262,0.7481223
9354,52759,0.5427143
9355,59969,0.8233484
9356,95754,0.6077621
9357,39599,0.00023432677
9358,39249,0.0006916552
9359,51820,0.82215583
9360,11145,0.9387916
9361,65157,0.032022864
9362,40891,0.39557743
9363,114719,0.3582536
9364,3368,0.0035316062
9365,24663,0.011324875
9366,97461,0.3619964
9367,79667,0.70420945
9368,22192,0.1013679
9369,33601,0.038769457
9370,13653,0.0021563382
9371,393,0.1008233
9372,4094,0.7231015
9373,88420,0.7616917
9374,30400,0.5427143
9375,92380,0.11001589
9376,108966,0.8534492
9377,113371,0.13741142
9378,100721,0.26011735
9379,40037,0.23185891
9380,16637,0.00047533883
9381,115372,0.88546485
9382,113840,0.7920622
9383,51162,0.27032498
9384,25052,0.5787994
9385,99978,0.20558783
9386,95136,0.00046715632
9387,92249,0.43834177
9388,5425,0.36704037
9389,8482,0.05496749
9390,112359,0.5427143
9391,47357,0.00023276226
9392,113786,0.001773659
9393,26547,0.5427143
9394,95661,0.027030254
9395,47431,0.5042971
9396,76649,0.3619964
9397,83739,0.3619964
9398,33475,0.0008149407
9399,104595,0.7616338
9400,29431,0.02055002
9401,18413,0.008952463
9402,104780,0.121940404
9403,28226,0.00035349993
9404,86007,0.035460703
9405,5762,0.0005936889
9406,74402,0.12634419
9407,96961,0.062454823
9408,64017,0.0123029305
9409,55902,0.7920622
9410,75136,0.033027504
9411,91773,0.31932625
9412,40483,0.0010818559
9413,82499,0.0068015214
9414,95598,0.5999409
9415,88235,0.3619964
9416,30106,0.5427143
9417,9092,0.73766655
9418,33316,0.041615963
9419,2002,0.007377829
9420,18845,0.023799386
9421,6649,0.0005068081
9422,18873,0.23185891
9423,66609,0.0012045783
9424,6553,0.027050344
9425,11568,0.07147473
9426,60058,0.7481223
9427,67856,0.043095794
9428,58488,0.10240164
9429,96441,0.00081380544
9430,68086,0.108328365
9431,17741,0.504411
9432,68693,0.003874918
9433,45817,0.008138208
9434,70117,0.033027504
9435,113887,0.016528634
9436,27081,0.007099019
9437,38771,0.011324875
9438,10950,0.5960122
9439,2360,0.08992581
9440,15611,0.00019901758
9441,8851,0.08930279
9442,82488,0.0009955538
9443,87988,0.7616917
9444,114134,0.52364886
9445,15557,0.003270975
9446,9166,0.00022704639
9447,92293,0.007029523
9448,67058,0.5672082
9449,17701,0.21865545
9450,70727,0.14401716
9451,92701,0.65744025
9452,14518,0.007166442
9453,100309,0.88546485
9454,100057,0.039320398
9455,6079,0.00071119406
9456,23796,0.21979274
9457,115016,0.6077621
9458,101642,0.10187763
9459,55502,0.00024666497
9460,31946,0.015029876
9461,68176,0.0018455883
9462,32366,0.59409255
9463,110036,0.0022509755
9464,87599,0.033027504
9465,107456,0.5999409
9466,58833,0.016565625
9467,112154,0.43834177
9468,88266,0.015545429
9469,1906,0.0076371925
9470,42229,0.02961867
9471,45222,0.21979274
9472,88638,0.0003563479
9473,115051,0.00011189215
9474,74109,0.0016526325
9475,15264,0.044409733
9476,4960,3.9091712e-05
9477,64358,0.12573561
9478,89319,0.5427143
9479,114379,0.6077621
9480,52029,0.7616917
9481,111600,0.007525827
9482,52919,0.0021588574
9483,73472,0.005185175
9484,51285,0.7920622
9485,75667,0.23185891
9486,18679,0.051387403
9487,68012,0.016565625
9488,8350,0.0334506
9489,82806,0.3619964
9490,81029,0.033027504
9491,6516,0.09114356
9492,72,0.00077433884
9493,34597,0.0030654797
9494,10711,0.046500992
9495,85331,0.12634419
9496,11252,0.0017537593
9497,78533,0.005877323
9498,38502,0.8233484
9499,15987,0.01376545
9500,20751,0.001353865
9501,33707,0.038769457
9502,89420,0.0010283916
9503,7086,0.78215474
9504,48020,0.005877323
9505,45050,0.016653307
9506,19998,0.032022864
9507,69513,0.3619964
9508,11610,0.020744335
9509,13311,0.005821491
9510,95307,0.1746938
9511,71431,0.7616917
9512,71904,0.8233484
9513,81816,0.42193875
9514,41980,0.13040477
9515,10317,0.054310396
9516,19430,0.8233484
9517,77886,0.52248293
9518,64162,0.00084398186
9519,5430,0.1087735
9520,32266,0.5427143
9521,3529,0.38987172
9522,105709,0.7616338
9523,85005,0.50492847
9524,43001,0.013143747
9525,5808,0.4876661
9526,17458,0.00012636681
9527,101478,0.03714765
9528,34771,0.6185612
9529,96721,0.0048857327
9530,60434,0.16627684
9531,100631,0.504411
9532,41560,0.13040477
9533,68394,0.7616917
9534,100318,0.0066156215
9535,42579,0.81498784
9536,32569,0.00035894787
9537,4836,0.7895489
9538,107022,0.034388546
9539,37603,0.49550277
9540,100855,0.689935
9541,56007,0.6480605
9542,31106,0.5427143
9543,7138,0.00021225457
9544,12654,0.002151679
9545,54969,0.31973323
9546,106681,0.7616338
9547,44430,0.01371935
9548,15111,0.523312
9549,76921,0.027606798
9550,47640,0.13040477
9551,57791,0.5427143
9552,21957,0.0060585644
9553,30169,0.041615963
9554,3211,0.008072244
9555,33844,0.00041862365
9556,1689,0.8833963
9557,38649,0.16627684
9558,81607,0.042940665
9559,71412,0.6063789
9560,71235,0.42193875
9561,91130,0.3619964
9562,87226,5.52608e-05
9563,54933,0.023361359
9564,12174,0.16627684
9565,18146,0.007998063
9566,88661,0.31932625
9567,86390,0.004765513
9568,42196,0.00035894787
9569,76482,0.015545429
9570,86749,0.0112617295
9571,50388,0.0037805499
9572,102583,0.8896136
9573,2502,0.09335998
9574,80885,0.12634419
9575,68232,0.17457265
9576,13784,0.006333401
9577,50445,0.5787994
9578,7230,0.056783542
9579,101517,0.10340345
9580,115916,0.42487767
9581,69982,0.6982025
9582,13962,0.0054169586
9583,75379,0.4868459
9584,40711,0.5168421
9585,92732,0.54492104
9586,83998,0.14401716
9587,55963,0.0007466445
9588,84039,0.00097275525
9589,39251,0.026015587
9590,95907,0.6063789
9591,8136,0.0013665056
9592,64108,0.0005711812
9593,21045,0.0026656725
9594,58622,0.00084809004
9595,50278,0.03714765
9596,94140,0.012201298
9597,102404,0.5999409
9598,82849,0.025606757
9599,95906,0.3619964
9600,66289,0.27470013
9601,52688,0.005185175
9602,37576,0.00034487687
9603,13714,0.046658676
9604,80706,0.24563625
9605,48170,0.016672801
9606,82768,0.007276774
9607,42871,0.13040477
9608,67706,0.0014853142
9609,85747,0.033027504
9610,19828,0.5960657
9611,99446,0.5999409
9612,70589,0.6063789
9613,11192,0.020197285
9614,41627,0.9972339
9615,87878,0.018802593
9616,1275,0.029340554
9617,55478,0.032022864
9618,88686,0.04361101
9619,49923,0.31973323
9620,5088,0.05936022
9621,32640,0.039320398
9622,69441,0.533381
9623,40447,0.005006525
9624,5165,0.8547576
9625,15894,0.0088156825
9626,74406,0.033027504
9627,74582,0.0673286
9628,31217,0.39557743
9629,68692,0.00080393266
9630,72227,0.033027504
9631,15038,0.89158785
9632,112362,0.53665787
9633,100217,0.7220712
9634,103950,0.007099019
9635,9745,0.8576125
9636,16845,0.0102000525
9637,70724,0.033027504
9638,75714,0.0042011044
9639,22173,0.0022093747
9640,99769,0.00011839308
9641,23467,0.00028456433
9642,53209,0.9751082
9643,114765,0.52364886
9644,103206,0.39557743
9645,13523,0.523312
9646,107902,0.3588082
9647,29633,0.5427143
9648,437,0.021035152
9649,32677,0.36704037
9650,41701,0.17013359
9651,70421,0.033644553
9652,91039,0.0032393534
9653,47423,0.004658715
9654,62137,0.0074997195
9655,54540,0.033027504
9656,113641,0.01190348
9657,99292,0.011590193
9658,65285,0.7295774
9659,57953,0.006333401
9660,12388,0.00038392242
9661,68062,0.3619964
9662,13181,0.005681
9663,956,0.1008233
9664,16469,0.012819584
9665,25569,0.00035894787
9666,81779,0.061520338
9667,11381,0.5037168
9668,67870,0.00075625774
9669,29044,0.5072981
9670,3133,0.8848291
9671,69231,0.0015946166
9672,53885,0.0023082397
9673,48041,0.033027504
9674,66913,0.15262403
9675,77870,0.22588314
9676,114691,0.0016134646
9677,76480,0.14401716
9678,96490,0.0015729085
9679,98205,0.5999409
9680,10647,0.033725448
9681,114760,0.14335498
9682,26966,0.0018901108
9683,26906,0.0092549315
9684,11708,0.9264241
9685,55543,0.5427143
9686,53270,0.008724595
9687,61224,0.2688081
9688,76577,0.0012045783
9689,21136,0.7749112
9690,101526,0.3619964
9691,110401,0.0053904853
9692,38965,0.74892354
9693,39581,0.005650652
9694,24164,0.038769457
9695,42519,3.4124674e-05
9696,106357,0.8139816
9697,67331,0.0053904853
9698,34430,0.00054187165
9699,72376,0.00037464773
9700,44006,0.0029715013
9701,65951,6.813254e-05
9702,4707,0.022601707
9703,93501,0.07400991
9704,34835,0.59409255
9705,43353,0.27470013
9706,24484,0.13040477
9707,30701,0.27470013
9708,77000,0.03878037
9709,77665,0.01017783
9710,101684,0.06997963
9711,53693,0.5072981
9712,88539,0.7920622
9713,4083,0.73766655
9714,82638,0.0022111223
9715,107138,0.0035041845
9716,69281,0.8065387
9717,75435,0.033027504
9718,17183,0.017363392
9719,97804,0.18239248
9720,40467,0.7957152
9721,106980,0.010582275
9722,101157,0.016521992
9723,20272,0.008458243
9724,25091,0.00043412863
9725,72231,0.08290729
9726,35540,5.081389e-05
9727,15623,0.005670489
9728,11459,0.02482173
9729,70010,0.7481223
9730,25561,0.13040477
9731,91024,0.032176506
9732,91671,0.0014853142
9733,98916,0.000585215
9734,165,0.0009342929
9735,89912,0.102604255
9736,114744,0.0009967235
9737,28562,0.20558783
9738,86981,0.49550277
9739,54183,0.62831575
9740,81552,0.7481223
9741,105361,0.5999409
9742,18789,0.27032498
9743,111799,0.13730942
9744,52987,7.166633e-05
9745,83290,0.7243738
9746,5838,0.42057085
9747,102908,0.0014709107
9748,93269,0.011879012
9749,5580,0.841835
9750,55097,0.01583257
9751,56815,0.7920622
9752,13424,0.045445696
9753,38572,0.8233484
9754,89341,0.008132936
9755,11804,0.5072981
9756,10258,0.0023843222
9757,10205,0.020077558
9758,63510,0.004376268
9759,34245,0.0007270901
9760,55551,0.6185612
9761,88298,0.60988456
9762,74117,0.31932625
9763,66203,0.10240164
9764,1958,0.040206905
9765,41457,0.27470013
9766,7390,0.032902766
9767,42786,0.005842619
9768,52594,0.34098592
9769,97023,0.012201298
9770,113484,0.10240164
9771,106579,0.049576584
9772,115355,0.4503174
9773,88413,6.072791e-05
9774,98385,0.30488995
9775,54424,0.0058439407
9776,4137,0.003610935
9777,33778,0.041615963
9778,3946,6.142455e-05
9779,74360,0.10240164
9780,38491,0.44410628
9781,65797,0.016521992
9782,22558,0.016653307
9783,77897,0.14401716
9784,5820,0.020197285
9785,93759,0.0004737132
9786,6133,0.027050344
9787,57644,0.004326877
9788,26866,0.024446432
9789,43955,0.7933165
9790,34427,0.8210756
9791,21361,0.001353865
9792,66060,0.016521992
9793,35593,0.00012776467
9794,110324,0.27470013
9795,7647,0.7231015
9796,78397,0.11250516
9797,97661,0.007871358
9798,52882,0.033027504
9799,12687,0.851379
9800,63981,0.27470013
9801,79942,0.8072219
9802,29505,0.5427143
9803,25773,0.13040477
9804,82590,0.00031442987
9805,42612,0.21979274
9806,53963,0.007029523
9807,35323,3.713086e-05
9808,6903,0.0027796994
9809,104795,0.3619964
9810,100315,0.0046327054
9811,113379,0.036027845
9812,58199,0.14401716
9813,77438,0.010367663
9814,113995,0.8417476
9815,8649,0.0030654797
9816,83314,0.08271033
9817,8920,0.05184201
9818,20094,0.0088156825
9819,18190,0.020251652
9820,65694,0.10240164
9821,49521,0.5072981
9822,63852,0.00079967926
9823,11341,0.05496749
9824,16988,0.001353865
9825,14320,0.0092549315
9826,44578,0.01371935
9827,57093,0.13567427
9828,367,0.084790766
9829,47137,0.016969895
9830,68614,0.0068509015
9831,56737,0.6185612
9832,1991,0.26062414
9833,112207,0.0037947944
9834,36331,0.8072219
9835,62672,0.004455762
9836,38302,0.0018180332
9837,109674,0.0033865822
9838,111662,0.036027845
9839,89450,0.7616917
9840,35794,0.039320398
9841,57514,0.4107991
9842,33615,0.5427143
9843,95715,0.008732731
9844,55458,0.0026656725
9845,73839,0.0005417838
9846,13067,0.0046426766
9847,40749,0.0049518044
9848,40241,0.5072981
9849,63170,0.001093844
9850,11205,0.6482437
9851,49784,0.0019200367
9852,68726,0.0005700646
9853,25475,0.004326877
9854,6484,0.0017537593
9855,61497,0.5042971
9856,22479,0.0004885626
9857,81924,0.0010326053
9858,70708,0.007029523
9859,115178,0.8675685
9860,17639,0.0062839175
9861,5062,0.8547576
9862,62660,0.0022567036
9863,3718,0.7463245
9864,13764,0.001828439
9865,66348,0.016521992
9866,109176,0.0633947
9867,70545,0.0029718094
9868,92119,0.102604255
9869,101402,0.42487767
9870,102295,0.65744025
9871,11005,0.033725448
9872,109409,0.036027845
9873,48876,0.17013359
9874,108869,0.3588082
9875,8994,0.5037168
9876,51072,0.032762922
9877,92850,0.0004110323
9878,109540,0.8417476
9879,51327,0.31973323
9880,85004,0.07943887
9881,7341,0.042923756
9882,52262,0.039320398
9883,74025,0.4107991
9884,90259,0.0015625793
9885,21161,0.6771808
9886,91718,0.7439202
9887,25193,0.01017783
9888,74892,0.032022864
9889,54615,0.00074597745
9890,26155,0.0008750507
9891,92981,0.74324876
9892,84505,0.02961867
9893,102084,0.0062839175
9894,2008,0.0054169586
9895,54922,0.007172898
9896,102989,0.00022700288
9897,40643,0.0031618597
9898,6482,0.033238497
9899,43039,0.00095813023
9900,1927,0.05077686
9901,20461,0.6185612
9902,61237,0.13730942
9903,82494,0.016528634
9904,28860,0.31973323
9905,106171,0.005849697
9906,83030,0.02961867
9907,51476,0.108328365
9908,28550,0.0008161554
9909,25049,0.52248293
9910,72562,0.71354675
9911,41274,0.5168421
9912,49816,0.00027848117
9913,56569,0.007029523
9914,85997,0.008309482
9915,33985,0.0029148324
9916,90447,0.0011369777
9917,45942,0.001353865
9918,100845,0.26011735
9919,90518,0.7616917
9920,2083,0.04065975
9921,91055,0.88546485
9922,23671,0.013569391
9923,51489,0.8072219
9924,12159,0.025764976
9925,92516,0.17457265
9926,53526,0.0025762145
9927,87569,0.1746938
9928,104048,0.16627684
9929,102243,0.3434856
9930,39473,0.019013701
9931,30896,0.31973323
9932,55827,0.008502326
9933,109229,0.3588082
9934,1149,0.22352907
9935,32762,0.01575237
9936,84053,0.020478815
9937,8267,0.05184201
9938,86282,0.00031929612
9939,58475,0.7920622
9940,68042,0.7224025
9941,46926,0.013265102
9942,36059,0.10240164
9943,67931,0.6982025
9944,69769,0.3619964
9945,75048,0.5072981
9946,67544,0.4107991
9947,21301,7.5325464e-05
9948,55043,0.036547367
9949,72600,0.7920622
9950,7040,0.020197285
9951,52615,0.23185891
9952,48043,0.0030625565
9953,6952,0.008458243
9954,101933,0.3619964
9955,52465,0.17457265
9956,31542,0.5427143
9957,94653,0.007029523
9958,58559,0.14401716
9959,62977,0.001345321
9960,5892,0.7231015
9961,5419,0.0054169586
9962,94979,0.12634419
9963,90814,0.3619964
9964,111276,0.00011686996
9965,70985,0.005185175
9966,32523,0.16627684
9967,18453,0.008952463
9968,98863,0.54492104
9969,35359,0.008132936
9970,92975,0.0102000525
9971,85569,0.007141663
9972,25447,0.21979274
9973,95509,0.022053696
9974,70197,0.00082804996
9975,20573,0.008729261
9976,43234,0.029313715
9977,107765,0.0020009398
9978,70609,0.3619964
9979,20520,0.00070356263
9980,85937,0.033027504
9981,94782,0.70420945
9982,106765,0.7616338
9983,58677,0.61799353
9984,12333,0.00022265081
9985,109076,0.0011942555
9986,43112,0.011324875
9987,84962,0.14401716
9988,7093,0.45980817
9989,28117,0.026395246
9990,46318,0.5072981
9991,32304,0.8590712
9992,44552,0.39557743
9993,45653,0.49550277
9994,28636,0.10998746
9995,91724,0.7481223
9996,5723,0.8214854
9997,90937,0.31932625
9998,12070,0.004476248
9999,27280,0.21979274
10000,24818,0.13040477
10001,85033,0.31932625
10002,75261,0.012882307
10003,104835,0.008681093
10004,102997,0.005185175
10005,97850,0.14401716
10006,19857,0.00033422856
10007,59399,0.07400991
10008,58164,0.7616917
10009,114628,0.016528634
10010,83713,0.0014022406
10011,108689,0.0005912295
10012,53125,0.17013359
10013,56688,0.17013359
10014,80545,0.3619964
10015,13604,0.8848291
10016,62261,0.00032229483
10017,41550,0.011324875
10018,40754,0.13040477
10019,13131,0.5524496
10020,98561,0.71354675
10021,84381,0.007029523
10022,41376,0.0131263975
10023,92617,0.00054187165
10024,65067,0.00065997115
10025,101928,0.019602552
10026,54818,0.0006916552
10027,114014,0.01190348
10028,38752,0.011569966
10029,41830,0.004214213
10030,105074,0.00045473687
10031,2065,0.0054169586
10032,95436,0.0010838634
10033,51387,0.48317924
10034,67567,0.5072981
10035,96654,0.16627684
10036,70227,0.7920622
10037,69576,0.005541767
10038,52126,0.59409255
10039,85061,0.0015291877
10040,17153,0.523312
10041,52190,0.0062839175
10042,1001,0.88008237
10043,86699,0.033027504
10044,4551,0.05184201
10045,84297,0.034388546
10046,8857,0.0028135278
10047,74999,0.061520338
10048,104579,0.0007910542
10049,100134,0.14401716
10050,31892,0.0015418233
10051,9695,0.00013711437
10052,48527,0.007029523
10053,63828,0.27470013
10054,36526,0.44410628
10055,89126,0.035782043
10056,49383,0.03087039
10057,56626,0.01632905
10058,53471,1.5439064e-05
10059,24534,0.13730942
10060,83113,0.033027504
10061,29063,0.59409255
10062,77351,0.001595597
10063,40116,0.029539535
10064,66346,0.0123029305
10065,57817,0.007029523
10066,101316,0.7602656
10067,14613,0.523312
10068,46139,0.00026015914
10069,99193,0.033027504
10070,24235,0.5664504
10071,47033,0.020547971
10072,16568,0.6771808
10073,49120,0.008132936
10074,38732,0.0038225024
10075,50932,0.18196665
10076,61641,7.050407e-05
10077,112110,0.033027504
10078,86639,0.3619964
10079,72640,0.0037813291
10080,99786,0.5999409
10081,106873,0.70420945
10082,34838,0.0092549315
10083,52979,0.012395069
10084,43624,0.00085262227
10085,74710,0.016521992
10086,16656,0.0013720675
10087,16868,0.523312
10088,9054,0.0003556698
10089,31459,0.002610639
10090,76904,0.061520338
10091,103881,0.0003532732
10092,88144,0.3619964
10093,23083,0.6982025
10094,34069,0.00010764129
10095,71547,0.0005433557
10096,371,0.00032867826
10097,17411,0.0014262274
10098,13064,0.89158785
10099,10097,0.0009142731
10100,15822,0.046658676
10101,95268,0.1746938
10102,111084,0.6077621
10103,56056,0.004455762
10104,67616,0.5072981
10105,12095,0.0012787258
10106,97951,0.8896136
10107,19453,0.00031756418
10108,36154,0.85749614
10109,12346,0.5168421
10110,44324,2.8832856e-05
10111,71129,0.3619964
10112,110065,0.3588082
10113,97039,0.70420945
10114,48285,0.10240164
10115,83663,0.016528634
10116,30343,0.04543586
10117,59590,0.06616069
10118,86764,0.7481223
10119,17638,0.012820641
10120,63079,0.17457265
10121,46002,0.23185891
10122,49967,0.36704037
10123,67228,0.62922156
10124,47648,0.09171479
10125,108500,0.70472854
10126,84492,0.14401716
10127,90192,0.3619964
10128,41954,0.002151679
10129,90319,0.004899653
10130,19237,0.35645944
10131,47182,0.0014016645
10132,112289,0.033027504
10133,3854,0.05077686
10134,20255,0.046658676
10135,87050,0.43834177
10136,57100,0.051775344
10137,17995,0.00073899206
10138,95611,0.504411
10139,25897,0.00027914465
10140,3909,0.034433797
10141,93955,0.70420945
10142,4446,0.9378573
10143,110912,0.6077621
10144,39680,0.61799353
10145,34651,0.8072219
10146,20517,0.5072981
10147,39360,0.3582536
10148,84283,0.14401716
10149,8638,0.1087735
10150,660,0.78215474
10151,16181,0.0025762145
10152,12554,0.024247156
10153,23630,0.0009238225
10154,94468,0.5190958
10155,1364,0.021035152
10156,37099,0.04041679
10157,45528,0.0040797824
10158,94052,0.007029523
10159,95930,0.13730942
10160,55156,0.5427143
10161,52895,0.033027504
10162,102408,0.011853813
10163,37051,0.011834749
10164,58356,0.011399972
10165,4095,0.7231015
10166,17219,0.4503174
10167,52496,0.0033710264
10168,109293,0.13730942
10169,66153,0.040327895
10170,80544,0.24563625
10171,25564,0.0040797824
10172,88821,0.6185612
10173,22681,0.48317924
10174,23219,0.019013701
10175,56788,0.012025466
10176,109973,0.034388546
10177,27560,0.0060585644
10178,79445,0.0070438194
10179,50002,0.13730942
10180,58656,0.13730942
10181,59075,0.007029523
10182,8273,0.71370685
10183,111417,0.012820641
10184,108925,0.7616338
10185,71210,0.033027504
10186,23596,0.0092549315
10187,5212,0.020744335
10188,110283,0.052030146
10189,29767,0.00019288626
10190,26030,0.014194789
10191,76876,0.000585215
10192,53877,0.008726452
10193,90648,0.7220712
10194,32728,0.001353865
10195,29188,0.007099019
10196,28697,0.0019099015
10197,38336,0.5787994
10198,75001,0.43447396
10199,52314,0.001353865
10200,60760,0.10240164
10201,35567,0.034214303
10202,40506,0.0017626305
10203,7526,0.0011337844
10204,32831,0.01568871
10205,14410,0.012258099
10206,75263,0.0010326053
10207,24601,0.00019409634
10208,73032,0.0024296795
10209,34951,0.5427143
10210,42055,0.0010011904
10211,57314,0.007029523
10212,73710,0.0022111223
10213,13620,0.89158785
10214,84884,0.0070730015
10215,64059,0.35487762
10216,2249,0.042923756
10217,27580,0.46285427
10218,89314,0.88546485
10219,47851,0.032022864
10220,59784,0.7920622
10221,83914,0.01188152
10222,36,0.5168421
10223,49205,0.001353865
10224,20074,0.0016357844
10225,92339,0.9621254
10226,78370,0.5787994
10227,65816,0.016969895
10228,79610,0.0019755154
10229,7340,0.5042971
10230,58030,0.033027504
10231,11074,0.000549918
10232,31187,0.022092532
10233,48710,0.0012879346
10234,21388,0.005097656
10235,17270,0.008458243
10236,108384,0.49550277
10237,84678,0.00054187165
10238,19760,0.001353865
10239,67667,0.3619964
10240,9645,0.015463561
10241,38064,0.00025540742
10242,88593,0.023595614
10243,30653,0.36848506
10244,110723,0.03878037
10245,38700,0.0014922644
10246,58480,0.5672082
10247,110134,0.00061695307
10248,18335,0.0088156825
10249,4284,0.09335998
10250,68416,0.00054187165
10251,109711,0.007099019
10252,76872,4.2887892e-05
10253,42817,0.033238497
10254,6,0.008072244
10255,58472,0.0024536673
10256,30956,0.007099019
10257,81395,0.7481223
10258,103129,8.439942e-05
10259,54005,0.5072981
10260,57285,0.014801928
10261,17565,0.004326877
10262,5302,0.0026656725
10263,5844,0.31777638
10264,58458,0.7920622
10265,22617,0.001353865
10266,15901,0.01371935
10267,71902,0.5787994
10268,30733,0.44410628
10269,98200,0.3619964
10270,48374,0.004326877
10271,11688,0.006578858
10272,57284,0.012395069
10273,55463,0.0040972005
10274,71019,0.0053904853
10275,82112,0.7920622
10276,50987,0.09462522
10277,80242,0.000626949
10278,45535,0.7957152
10279,1613,0.0028135278
10280,18037,0.00035894787
10281,86603,0.108328365
10282,77056,0.5427143
10283,73166,0.689935
10284,89633,0.0042011044
10285,8243,0.015463561
10286,104431,0.00018225762
10287,80187,0.72834224
10288,22780,0.037220772
10289,76897,0.3619964
10290,66511,0.005541767
10291,61152,0.25119156
10292,76980,0.22588314
10293,73415,0.02968552
10294,18175,0.5960657
10295,28840,0.014194789
10296,17159,0.00010118675
10297,104448,0.6077621
10298,24655,0.8065387
10299,41124,0.000585215
10300,85880,0.27470013
10301,45889,0.0025322915
10302,1910,0.7749112
10303,91889,0.0016538957
10304,59900,0.12634419
10305,40182,0.015571487
10306,18585,0.021318514
10307,99693,0.01376545
10308,50225,0.022940226
10309,98712,0.31973323
10310,11276,0.10115119
10311,95869,0.00042835376
10312,72651,0.52248293
10313,86741,0.5787994
10314,48003,0.5427143
10315,7643,0.5693254
10316,114008,0.0074997195
10317,7641,0.05184201
10318,62568,0.7616917
10319,32115,0.00072122936
10320,6082,0.73766655
10321,94803,0.5787994
10322,50634,0.007099019
10323,72208,0.5787994
10324,88689,0.63752866
10325,111381,0.033027504
10326,22584,0.62831575
10327,97987,0.007763665
10328,73530,0.00050639524
10329,85301,0.27032498
10330,58564,0.003615266
10331,112485,0.011992719
10332,52891,0.5427143
10333,5909,0.0009000204
10334,60218,0.108328365
10335,86313,0.65744025
10336,90443,0.59278125
10337,80388,0.017411998
10338,78416,0.3619964
10339,36508,0.038752552
10340,46421,0.0092549315
10341,33395,0.13730942
10342,87056,0.12634419
10343,81510,0.016528634
10344,8328,0.09917402
10345,98779,0.093126625
10346,73906,0.65744025
10347,61620,0.033027504
10348,43271,0.504411
10349,96867,0.0099249
10350,48628,0.82215583
10351,85945,0.016672801
10352,113587,0.3153181
10353,32530,0.00022211859
10354,11603,0.028225413
10355,41602,0.27470013
10356,50600,0.5427143
10357,36825,0.0017231184
10358,95759,0.7616917
10359,36210,0.9433451
10360,64050,0.016672801
10361,7699,0.018893613
10362,46698,0.97294056
10363,70664,0.13730942
10364,65365,0.016521992
10365,105535,0.49364203
10366,59149,0.59409255
10367,75098,0.008681093
10368,28387,0.61799353
10369,60446,0.14401716
10370,81547,0.009519253
10371,88105,0.52248293
10372,24978,0.52248293
10373,49518,0.5072981
10374,31808,0.59409255
10375,20689,0.504411
10376,98683,0.5980179
10377,88545,0.43834177
10378,65016,0.19465666
10379,48369,0.003616716
10380,100087,0.7375964
10381,13948,0.7064379
10382,88223,0.039747313
10383,53464,0.6185612
10384,111930,0.0018865984
10385,31492,0.6297508
10386,41718,0.004214213
10387,4861,0.008072244
10388,42224,0.010744505
10389,17890,0.008458243
10390,53674,9.113315e-05
10391,7586,0.022601707
10392,60580,0.00080393266
10393,14270,0.0047672703
10394,41105,0.50492847
10395,100334,0.036180433
10396,111248,6.0352428e-05
10397,77262,0.1198357
10398,25788,0.0014922644
10399,105283,0.023361359
10400,104455,0.14121832
10401,92065,0.011784044
10402,36807,0.44410628
10403,69684,0.7920622
10404,107211,0.01376545
10405,90095,0.5427143
10406,29472,0.6077621
10407,31719,0.59409255
10408,106839,0.0035041845
10409,21719,0.13040477
10410,1218,0.00393743
10411,10452,0.00063734734
10412,59902,0.0013575203
10413,42351,0.13040477
10414,42060,0.5072981
10415,9326,0.00030727166
10416,81766,0.031275123
10417,49574,0.8072219
10418,7471,0.0018705095
10419,109956,0.025606757
10420,21191,0.02275957
10421,82096,0.010332711
10422,48462,0.0010818014
10423,62202,0.010118847
10424,15852,0.9153462
10425,39215,0.5787994
10426,104728,0.72096616
10427,12057,0.0026031358
10428,47700,0.01017783
10429,62843,0.013143747
10430,46553,0.013143747
10431,33068,0.01371935
10432,115143,0.0016134646
10433,61815,0.0016357844
10434,80487,0.0004662488
10435,91141,0.14401716
10436,4229,0.0001351432
10437,51331,0.05476863
10438,78167,0.8072219
10439,104457,0.3619964
10440,50708,0.9572552
10441,4714,0.004054804
10442,76518,0.004638767
10443,11715,0.0028135278
10444,65695,0.001621797
10445,63642,0.00021625911
10446,80189,0.008732731
10447,73412,0.033027504
10448,60281,0.00035277408
10449,52164,0.030706884
10450,64069,0.7739774
10451,42208,0.0052276957
10452,100493,0.54492104
10453,28694,0.21979274
10454,97884,0.0793522
10455,95174,0.019844448
10456,98733,0.020648248
10457,39112,0.0005141508
10458,109214,0.0003319223
10459,66426,0.0022111223
10460,8122,0.5037168
10461,70532,0.0006000981
10462,24375,0.06290693
10463,115180,0.017562158
10464,34688,0.10240164
10465,87487,0.0007157943
10466,101071,0.59278125
10467,51212,0.03714765
10468,82774,0.0011138306
10469,64666,0.22588314
10470,115816,0.3619964
10471,54841,0.0022985197
10472,76526,0.7616917
10473,70017,0.31973323
10474,8249,0.0017485531
10475,102618,0.689935
10476,108206,0.49550277
10477,17336,0.014937877
10478,89412,0.032022864
10479,42247,0.8065387
10480,93704,0.18239248
10481,7477,0.0013667842
10482,822,0.13208735
10483,10557,0.01748146
10484,64824,0.00054187165
10485,43429,0.019013701
10486,28300,0.014237268
10487,2725,0.9317748
10488,110311,0.19465666
10489,49305,0.03353728
10490,1917,0.73766655
10491,88742,0.003874918
10492,66831,0.004697797
10493,112380,0.033027504
10494,62086,0.12634419
10495,82752,0.14401716
10496,65665,0.27470013
10497,77449,0.033027504
10498,87099,0.14401716
10499,86290,0.0022111223
10500,53644,0.033027504
10501,4702,0.28658563
10502,55669,0.25119156
10503,71643,0.032022864
10504,54488,0.6982025
10505,10266,0.023362257
10506,56319,0.7380137
10507,82696,0.5427143
10508,97507,0.3619964
10509,5044,0.5042971
10510,89296,0.007029523
10511,52685,0.17013359
10512,38479,0.6185612
10513,88365,0.043799154
10514,101534,0.8065387
10515,65503,0.19465666
10516,111060,0.0020801697
10517,55681,0.34013027
10518,38217,0.19737954
10519,11364,0.31777638
10520,55369,0.001353865
10521,30271,0.0035153013
10522,99295,0.119451806
10523,94245,0.43834177
10524,50953,0.8233484
10525,35484,0.37232912
10526,70392,0.5375059
10527,3573,0.10499385
10528,94469,0.59278125
10529,102160,0.01474586
10530,88807,0.3619964
10531,78243,0.033027504
10532,52632,0.01371935
10533,11898,0.022771068
10534,90474,0.9621254
10535,51216,0.005513244
10536,52936,0.34098592
10537,102652,0.012808806
10538,99613,0.00010719163
10539,46914,0.5787994
10540,44634,0.013143747
10541,16741,0.0027796994
10542,58759,0.7920622
10543,10462,0.010747937
10544,64115,0.0123029305
10545,81610,0.0062678973
10546,29676,0.5427143
10547,47425,0.013265102
10548,55440,0.015348072
10549,92808,0.01172875
10550,78741,0.013143747
10551,23611,0.019013701
10552,37871,0.4700601
10553,2194,0.028931994
10554,50683,0.504411
10555,97985,0.7602656
10556,86942,0.00010820505
10557,81495,0.82215583
10558,103372,0.49550277
10559,5632,0.0017537593
10560,89622,0.3619964
10561,4084,0.19831872
10562,93956,0.13730942
10563,76529,0.17457265
10564,61346,0.0020164743
10565,103034,0.016725212
10566,11147,0.5960122
10567,76663,0.00074675947
10568,92296,0.032022864
10569,76064,0.016528634
10570,55064,0.9871367
10571,115067,0.26011735
10572,80668,0.032022864
10573,90454,0.7616917
10574,62940,0.27470013
10575,107169,0.23023388
10576,70618,0.0053904853
10577,2575,0.9264241
10578,62463,0.12634419
10579,72667,0.34169674
10580,112388,0.22588314
10581,58796,0.0060585644
10582,109235,0.13741142
10583,61591,0.013143747
10584,4231,0.6133949
10585,96487,0.008329132
10586,66170,0.00046026817
10587,108486,0.6077621
10588,39274,0.13040477
10589,50915,0.5787994
10590,47727,0.05776599
10591,113462,0.8139816
10592,46393,0.0006733413
10593,92820,0.00014720546
10594,66106,0.00033226295
10595,12412,0.0017953867
10596,84796,0.026167093
10597,11502,0.01371935
10598,11578,0.020197285
10599,42388,0.01371935
10600,54315,0.5072981
10601,70553,0.3619964
10602,34271,0.13730942
10603,26797,0.0061046057
10604,21038,0.010094659
10605,3295,0.006578858
10606,9760,0.0054169586
10607,97580,0.093126625
10608,8047,0.016520126
10609,83186,0.14401716
10610,110613,0.0633947
10611,88054,0.36704037
10612,95114,0.59278125
10613,81359,0.014590426
10614,79087,0.8512548
10615,73999,0.14401716
10616,54494,0.504411
10617,10601,0.00054254243
10618,43543,0.013143747
10619,106470,0.43834177
10620,38812,0.49550277
10621,93209,0.547256
10622,55027,9.86446e-05
10623,4844,0.5072981
10624,51403,0.13730942
10625,5805,0.05936022
10626,64367,0.00015303573
10627,56542,0.027522882
10628,44365,0.6032943
10629,62871,0.61799353
10630,61464,0.007029523
10631,48094,0.01017783
10632,93175,0.504411
10633,42538,0.001353865
10634,14136,0.020094305
10635,38762,0.039320398
10636,59478,0.5787994
10637,82960,0.042273518
10638,69064,0.00054187165
10639,81831,0.033027504
10640,33579,0.026718179
10641,13145,0.19465666
10642,103551,0.11691497
10643,25970,0.27470013
10644,33808,0.6077621
10645,104284,0.6077621
10646,11518,0.0025374116
10647,15060,0.044770245
10648,92225,0.3582536
10649,11658,0.0027796994
10650,108458,0.00025714393
10651,108643,0.13730942
10652,69601,8.531257e-05
10653,17846,0.00026541066
10654,70281,0.028048089
10655,102451,0.6846839
10656,92060,0.31973323
10657,5898,0.013569391
10658,75376,0.82215583
10659,11163,0.006868593
10660,56393,0.0060585644
10661,74416,0.002743893
10662,31895,0.0035041845
10663,60316,0.5072981
10664,48546,0.01017783
10665,64769,0.27470013
10666,38261,0.03677497
10667,74319,0.14401716
10668,66032,0.016521992
10669,42869,0.00021992967
10670,105060,0.7602656
10671,95698,0.01017783
10672,29876,0.20558783
10673,62437,0.7616917
10674,12658,0.523312
10675,105506,0.041028555
10676,89722,0.63507825
10677,79432,0.002859472
10678,46118,0.020547971
10679,10530,0.0027796994
10680,19914,0.007559309
10681,61642,0.7920622
10682,36651,0.13040477
10683,19972,0.16627684
10684,34243,0.21865545
10685,84706,0.7481223
10686,18761,0.5375059
10687,105874,0.0004798776
10688,42048,0.0034434209
10689,74027,0.00022487667
10690,76899,0.3619964
10691,91414,0.3619964
10692,25123,0.13040477
10693,73277,0.0007058474
10694,60146,0.6063789
10695,59238,0.0018760372
10696,28858,0.0018901108
10697,15875,0.004306097
10698,76203,0.14401716
10699,83709,0.52248293
10700,51696,0.27470013
10701,22577,0.011324875
10702,81433,0.36848506
10703,79268,0.008329132
10704,41106,0.6982126
10705,102183,0.59278125
10706,108700,0.61799353
10707,75227,0.033027504
10708,73768,0.006333401
10709,12465,0.00010485638
10710,76629,0.002610639
10711,98660,0.011633004
10712,73751,0.005185175
10713,2601,0.56675076
10714,107272,0.007588674
10715,3504,0.6640536
10716,12152,0.44410628
10717,43774,0.016653307
10718,53094,0.033027504
10719,78978,0.12573561
10720,25867,0.007029523
10721,45911,0.12634419
10722,45831,0.0017231184
10723,1332,0.12335042
10724,105254,0.014902065
10725,22823,0.5072981
10726,88707,0.00036272785
10727,90304,0.17457265
10728,42525,0.012620819
10729,72606,0.033027504
10730,26202,0.005364075
10731,3549,0.10499385
10732,24962,0.007099019
10733,39676,0.13730942
10734,114631,0.4503174
10735,60714,0.5072981
10736,49937,0.59409255
10737,96201,0.032022864
10738,34153,0.007029523
10739,54748,0.5427143
10740,75193,0.16627684
10741,38428,0.014194789
10742,43323,0.0015418233
10743,113761,0.016528634
10744,79414,0.00013553422
10745,2706,0.063621655
10746,44883,0.002043638
10747,60819,0.14401716
10748,34995,0.009361611
10749,88824,0.31973323
10750,86214,0.7616917
10751,109473,0.3588082
10752,76567,0.012808806
10753,59267,0.23185891
10754,58952,0.7948613
10755,81715,0.0011643132
10756,40495,0.6982025
10757,59615,0.021035304
10758,110592,0.88546485
10759,97957,0.8139816
10760,66236,0.00067618047
10761,56386,0.039320398
10762,26232,0.011324875
10763,101340,0.007029523
10764,81492,0.14401716
10765,73494,0.3619964
10766,39333,0.48317924
10767,104529,0.00010820505
10768,89535,0.23185891
10769,62010,0.61799353
10770,31732,0.013143747
10771,109477,0.72834224
10772,114798,0.017562158
10773,46833,0.0003645906
10774,36568,0.07794432
10775,94810,0.016719569
10776,63028,0.033027504
10777,25160,0.13040477
10778,88471,0.7616917
10779,99396,0.033027504
10780,25528,0.0010284387
10781,5902,0.73766655
10782,2595,0.0028135278
10783,47040,0.028048089
10784,52827,0.05776599
10785,13105,0.001353865
10786,115924,0.033027504
10787,18765,0.00053974165
10788,13912,0.008138208
10789,79543,0.31973323
10790,108514,0.533381
10791,9100,0.0008915042
10792,94930,0.5787994
10793,25876,0.0010284387
10794,76210,0.004853835
10795,56332,0.7616917
10796,1624,0.014998952
10797,112641,0.0071521755
10798,39484,0.0015418233
10799,81810,0.02961867
10800,115477,0.5427143
10801,54318,0.012631168
10802,37243,0.13040477
10803,22875,0.016528634
10804,42564,0.21979274
10805,9698,0.8214854
10806,113933,0.00010474245
10807,32501,0.0026947088
10808,3008,0.019608071
10809,91790,0.14401716
10810,43192,0.00871458
10811,41950,0.003006968
10812,23698,0.00031660983
10813,45263,0.004376268
10814,18875,0.0002376643
10815,81786,0.033027504
10816,49799,0.03714765
10817,42007,0.50492847
10818,775,0.00019486832
10819,71195,0.14401716
10820,52299,0.032063473
10821,83549,0.0007231602
10822,71332,0.7616917
10823,48805,0.31973323
10824,13716,0.0043055713
10825,65731,0.007029523
10826,14417,0.016521992
10827,20997,0.14401716
10828,46710,0.6185612
10829,114308,0.43834177
10830,72841,0.37642527
10831,10919,0.6000436
10832,45232,0.0131263975
10833,32416,0.6077621
10834,24077,9.271888e-05
10835,55287,0.012395069
10836,47049,0.008309482
10837,9551,0.0018705095
10838,110766,0.0002942081
10839,51408,0.7739774
10840,33412,0.6077621
10841,15236,0.001353865
10842,22153,0.13040477
10843,66432,0.016521992
10844,57296,0.002963371
10845,3734,0.001353865
10846,55238,0.0014464532
10847,24293,0.02704466
10848,64484,0.16627684
10849,28044,0.03087039
10850,44067,0.31973323
10851,6318,0.54020727
10852,26292,0.013143747
10853,85108,0.19465666
10854,22275,0.01979991
10855,8287,0.010565702
10856,78007,0.0015167076
10857,22554,0.008692204
10858,103255,0.00011002628
10859,35218,0.0007692131
10860,75711,0.11250516
10861,19294,0.00027633988
10862,12052,0.0092549315
10863,114877,0.004707072
10864,58376,0.82215583
10865,54739,0.31973323
10866,4273,0.008072244
10867,45505,0.02275957
10868,50215,0.59409255
10869,7813,0.0008915042
10870,67466,0.3619964
10871,101439,0.5980179
10872,103589,0.8139816
10873,87267,0.00012425498
10874,67425,0.013815899
10875,10392,0.1008233
10876,18338,0.00019486832
10877,67781,0.0005026876
10878,87175,0.015545429
10879,58971,0.17457265
10880,3,0.020547971
10881,66132,0.0002711448
10882,101232,0.0018901108
10883,92250,2.4090337e-05
10884,22672,0.8590712
10885,70224,0.3619964
10886,103227,0.0053904853
10887,80429,0.7243738
10888,91761,0.7616917
10889,63998,0.007029523
10890,7694,0.8214854
10891,97868,0.06909374
10892,16017,0.004306097
10893,57318,0.6185612
10894,39893,0.011324875
10895,90715,0.31932625
10896,22329,0.23185891
10897,18896,0.5072981
10898,57309,0.43834177
10899,16683,0.43447396
10900,68052,0.00054187165
10901,104690,0.00038554834
10902,10744,0.7231015
10903,7407,0.008072244
10904,35018,4.82915e-05
10905,67756,0.033121984
10906,115706,0.0004826277
10907,115414,0.013113432
10908,26964,0.5427143
10909,104109,0.42487767
10910,73856,0.16627684
10911,13695,0.523312
10912,18224,0.008952463
10913,97407,0.7220712
10914,111965,0.02760587
10915,80743,0.0026495138
10916,33413,0.72096616
10917,93668,0.01157691
10918,48694,0.00054187165
10919,100860,0.0018469573
10920,100152,0.5999409
10921,91841,0.03278264
10922,53488,0.012813111
10923,3062,0.00033232314
10924,67612,0.7616917
10925,69049,0.12225553
10926,115214,0.122441195
10927,26414,0.21979274
10928,82756,0.039161872
10929,44417,0.8865087
10930,45655,0.016565625
10931,64888,0.00033226295
10932,114758,0.0034495362
10933,42149,0.00027331512
10934,107933,0.8775108
10935,20731,0.107590936
10936,74796,0.0030654797
10937,75188,0.37642527
10938,26950,0.03142163
10939,29133,0.038769457
10940,52355,0.23185891
10941,89575,0.3619964
10942,112348,0.017552922
10943,92916,0.027030254
10944,113611,0.0077356445
10945,68611,0.31932625
10946,2778,0.0028135278
10947,96817,0.3619964
10948,39825,0.49550277
10949,11816,0.27636027
10950,85497,0.35487762
10951,2051,0.019294314
10952,56403,0.28529993
10953,85836,0.000979598
10954,90944,0.033027504
10955,51380,0.5427143
10956,40245,0.5168421
10957,75866,0.000585215
10958,4678,0.011992719
10959,70191,0.3619964
10960,112369,0.04007626
10961,60920,0.027030254
10962,51923,0.0131263975
10963,34989,0.0013459437
10964,43441,0.019013701
10965,72947,0.3619964
10966,109656,0.5999409
10967,58424,0.014096393
10968,1652,0.00014502174
10969,78801,0.032022864
10970,68606,0.3619964
10971,100292,0.034898516
10972,85711,0.005185175
10973,28648,0.039320398
10974,87131,0.14401716
10975,23464,0.52248293
10976,27120,0.015667913
10977,40216,0.9257194
10978,60901,0.0074997195
10979,115420,0.008132936
10980,80746,0.3619964
10981,2463,0.006868593
10982,65874,0.00054187165
10983,76285,0.14401716
10984,44244,0.01017783
10985,31185,0.026718179
10986,104100,0.042725142
10987,41357,0.0002141949
10988,75201,0.016939042
10989,2695,0.027050344
10990,42362,0.018510072
10991,26821,0.88184494
10992,86482,0.33872312
10993,12078,0.015228716
10994,75850,0.027606798
10995,22016,0.27636027
10996,59964,0.06473958
10997,65171,0.10240164
10998,39896,0.046199236
10999,43812,0.004617556
11000,37209,0.032022864
11001,20561,0.003148801
11002,70743,0.14401716
11003,15145,0.033661835
11004,28190,0.033121984
11005,43357,0.5427143
11006,25457,0.033661835
11007,61412,0.016653307
11008,76117,0.14401716
11009,36620,0.01371935
11010,38532,0.0092549315
11011,95518,0.88752764
11012,47949,0.14401716
11013,26448,0.002835869
11014,70228,0.0009008161
11015,15544,0.046658676
11016,98029,0.0015291877
11017,84105,0.015577621
11018,103827,0.001539836
11019,90617,0.7616917
11020,115972,0.00068066554
11021,60408,0.000831846
11022,24577,0.013143747
11023,21155,0.031275123
11024,99203,0.5999409
11025,86021,0.00019154102
11026,51791,0.5072981
11027,103815,0.003859528
11028,10577,0.0036352973
11029,60102,0.017974187
11030,9810,0.0011971109
11031,42035,0.039320398
11032,35868,0.504411
11033,52694,0.0034434209
11034,86042,3.2150518e-05
11035,93036,0.0034056762
11036,54924,0.31973323
11037,47001,0.036093347
11038,82617,0.7616917
11039,86128,0.61799353
11040,93129,0.0010647775
11041,6651,0.020197285
11042,11476,0.01371935
11043,83683,0.062454823
11044,22365,0.00035894787
11045,84386,0.14401716
11046,50241,0.023559162
11047,78154,0.005185175
11048,24094,0.0007419317
11049,53614,0.3387435
11050,113955,0.063201606
11051,93685,0.01157691
11052,38296,0.015961219
11053,63031,0.7616917
11054,112539,0.21865545
11055,41580,0.13040477
11056,19561,0.61799353
11057,46029,0.5497329
11058,63462,0.006810479
11059,58922,0.5072981
11060,7896,0.13040477
11061,88874,0.5427143
11062,22026,0.8848291
11063,62136,0.6185612
11064,15690,0.007588674
11065,111419,0.017124424
11066,107438,0.20558783
11067,49029,0.5427143
11068,37131,0.0038191574
11069,45728,0.002387224
11070,105355,0.033027504
11071,21261,0.21865545
11072,105959,0.88546485
11073,83056,0.21865545
11074,87141,0.7220712
11075,16041,0.008952463
11076,29696,0.5427143
11077,106351,0.91309136
11078,79171,0.00053793745
11079,57390,0.00877178
11080,82793,0.0007871227
11081,115054,0.0010041475
11082,26444,0.019013701
11083,81370,0.0021116743
11084,32998,0.7450129
11085,115346,0.033027504
11086,21706,0.046658676
11087,100561,0.547256
11088,104030,0.7616338
11089,21532,0.00019551729
11090,113547,0.29017952
11091,89884,0.0003551187
11092,13529,0.16627684
11093,90660,0.00071102096
11094,68830,0.12634419
11095,75906,0.003006968
11096,24370,0.019013701
11097,10130,0.0054169586
11098,13167,0.0058514443
11099,71859,0.7051278
11100,10887,0.0004782193
11101,31749,0.0018522992
11102,79761,0.7481223
11103,85676,0.0022111223
11104,69206,0.5072981
11105,74626,0.032762922
11106,103757,0.00081360264
11107,83425,0.001516743
11108,75831,0.035460703
11109,88999,0.12634419
11110,70624,0.8590712
11111,55983,0.06277273
11112,60015,0.27470013
11113,1353,0.0023066094
11114,24058,0.0024094253
11115,3371,0.10115119
11116,52837,0.52248293
11117,61899,0.023799386
11118,29578,0.009222873
11119,65798,0.01234972
11120,105354,0.004570986
11121,21289,0.000819931
11122,55633,0.1449014
11123,29553,0.20558783
11124,58198,0.008132936
11125,82597,0.042940665
11126,20235,0.0020164743
11127,78048,0.5072981
11128,96982,0.3619964
11129,59540,0.6982025
11130,8602,0.0016739116
11131,88129,0.0025432997
11132,51181,0.13730942
11133,105985,0.007029523
11134,104066,0.008132936
11135,59602,0.9018279
11136,19402,0.0088156825
11137,55326,0.8590712
11138,18919,0.0051586977
11139,92021,0.047093634
11140,39787,0.0010725245
11141,109399,0.00024580242
11142,59830,0.0033369719
11143,44834,0.5375059
11144,48334,0.008732731
11145,12615,0.003467491
11146,111790,0.033027504
11147,89064,0.10240164
11148,43828,0.7624394
11149,1422,0.00031320442
11150,100543,0.00019334604
11151,17290,0.00034938264
11152,47491,0.002453986
11153,35121,0.004376268
11154,69779,0.7616917
11155,13915,0.61799353
11156,96879,0.42193875
11157,83466,0.033027504
11158,39948,0.019013701
11159,62290,0.027606798
11160,50917,0.5787994
11161,16321,0.001353865
11162,25258,0.011324875
11163,45426,0.61799353
11164,45898,0.00035063777
11165,46709,0.6077621
11166,36590,0.9594488
11167,18538,0.14401716
11168,91709,0.005185175
11169,98810,0.15211706
11170,105057,0.6077621
11171,22550,0.23713417
11172,14983,0.044770245
11173,42020,0.0030654797
11174,7279,0.025320342
11175,44246,0.0673286
11176,39617,0.13040477
11177,63095,0.011011613
11178,60632,0.01017783
11179,113847,0.006125396
11180,87236,0.0001552335
11181,101435,0.5999409
11182,106169,0.0007564873
11183,101378,0.56445324
11184,55587,0.13730942
11185,83603,0.6185612
11186,16034,0.003871961
11187,78841,4.4817374e-05
11188,15841,0.006419958
11189,82121,0.00010820505
11190,79527,0.5787994
11191,16260,0.002387224
11192,7829,0.8848291
11193,39608,0.009373532
11194,105637,0.94367266
11195,97735,0.065039895
11196,31048,0.0003074214
11197,91366,0.00045722374
11198,64919,0.12481899
11199,64719,0.00026007756
11200,50778,0.984539
11201,96900,0.0034269323
11202,69161,0.00015965094
11203,112925,0.26011735
11204,70041,0.007029523
11205,11455,0.020197285
11206,15252,0.025606757
11207,57756,0.00034301815
11208,103220,0.004678455
11209,54967,0.49550277
11210,90224,0.14401716
11211,43045,0.0131263975
11212,37308,0.006420749
11213,47737,0.27470013
11214,78740,0.39557743
11215,54094,0.007099019
11216,23861,0.04361101
11217,14497,0.028215673
11218,6078,0.0054169586
11219,36799,0.56445324
11220,109694,0.0018660022
11221,93369,0.88546485
11222,18412,0.81563526
11223,92946,0.34098592
11224,44360,0.62831575
11225,7677,0.05936022
11226,79816,0.5072981
11227,33868,0.00034736237
11228,39750,0.6185612
11229,76860,7.999466e-05
11230,30756,0.007789443
11231,101903,0.00015419244
11232,7934,0.028931994
11233,5404,0.21923481
11234,95807,0.7220712
11235,27717,0.27116704
11236,2919,0.10499385
11237,75803,0.11250516
11238,7328,0.0011571953
11239,33300,0.0012435066
11240,65363,0.0017576037
11241,70979,0.033027504
11242,49601,0.019551666
11243,52670,0.14401716
11244,102146,0.14401716
11245,23557,0.0011337153
11246,63635,0.858194
11247,3228,0.0061716116
11248,43514,0.8065387
11249,112670,0.010911473
11250,79520,0.504411
11251,112338,0.14401716
11252,31315,0.8072219
11253,62331,0.0088156825
11254,92364,0.7616917
11255,79146,0.015545429
11256,101668,0.13730942
11257,85424,0.0002971253
11258,85655,0.14401716
11259,34942,0.59409255
11260,40914,0.9972339
11261,113880,0.6077621
11262,15460,0.002387224
11263,45338,0.3387435
11264,26432,0.011324875
11265,106859,0.5999409
11266,111627,0.5980179
11267,65182,0.016521992
11268,97209,0.54492104
11269,97435,0.6077621
11270,43356,0.016653307
11271,84672,0.5072981
11272,82275,0.00010820505
11273,50757,0.5787994
11274,20768,0.00067636895
11275,59023,0.0017727629
11276,15829,0.0088156825
11277,24253,0.019013701
11278,91534,0.4107991
11279,94986,0.033027504
11280,94959,2.228825e-05
11281,28916,0.015571487
11282,3273,0.8214854
11283,80607,0.5072981
11284,17364,0.13730942
11285,23356,0.5072981
11286,80812,0.00024523336
11287,20302,0.0002980988
11288,90802,0.013815899
11289,10126,0.010725257
11290,52612,0.5787994
11291,57392,0.047093634
11292,84245,0.3619964
11293,46012,0.001353865
11294,16832,0.0022512947
11295,105719,0.0011453928
11296,57910,0.003935671
11297,3311,0.05184201
11298,46901,0.01371935
11299,38578,0.00052720925
11300,111692,0.0112617295
11301,10286,0.020197285
11302,61657,0.3582536
11303,109250,0.42193875
11304,107989,0.042725142
11305,29504,0.5427143
11306,7721,0.0054169586
11307,105822,8.0947415e-05
11308,16246,0.008952463
11309,62389,0.14401716
11310,11457,0.04065975
11311,102985,0.018601326
11312,59743,0.002387224
11313,77479,0.001325213
11314,55755,0.13730942
11315,76704,0.3619964
11316,18629,0.009605387
11317,92001,0.4868459
11318,106215,0.007029523
11319,71852,0.7616917
11320,63974,0.12634419
11321,76466,0.6982025
11322,3539,0.040206905
11323,19711,0.10631808
11324,74365,0.5072981
11325,100201,0.7553353
11326,18635,0.9404281
11327,46391,0.0012340654
11328,43957,0.7749112
11329,26132,0.00028456433
11330,66858,0.001353865
11331,68080,0.91200477
11332,92670,0.65744025
11333,34485,0.52248293
11334,26017,0.014237268
11335,105999,0.033027504
11336,113780,0.0010175641
11337,38119,0.61799353
11338,77492,0.00016289942
11339,111190,0.585949
11340,44860,0.31973323
11341,84248,0.7295774
11342,74595,0.061520338
11343,78822,0.007029523
11344,45187,0.13040477
11345,69312,0.14401716
11346,57905,0.59409255
11347,25779,0.36848506
11348,80061,0.0003710924
11349,3510,0.008072244
11350,43661,0.001353865
11351,36945,0.011324875
11352,2836,0.040206905
11353,102306,0.17457265
11354,11656,0.011860814
11355,37498,9.788924e-05
11356,8561,0.001160062
11357,75628,0.007458356
11358,26471,0.022955928
11359,41107,0.7057373
11360,108798,0.7920622
11361,77522,0.108328365
11362,88953,0.7220712
11363,10113,0.0054169586
11364,88458,0.59278125
11365,33756,0.36848506
11366,21265,0.026718179
11367,25617,0.13040477
11368,77335,0.7064379
11369,74166,0.027030254
11370,56251,0.5427143
11371,114070,0.033027504
11372,46512,0.0031573828
11373,107841,0.7375964
11374,43926,0.000656609
11375,4582,0.00045584614
11376,9717,0.006578858
11377,50476,0.0071532894
11378,47176,0.00063112495
11379,42017,0.013143747
11380,72466,0.14401716
11381,26624,0.21979274
11382,15712,0.020299146
11383,37546,0.21979274
11384,62849,0.108328365
11385,100344,0.22588314
11386,6656,0.006578858
11387,83219,0.030173529
11388,42662,0.004280722
11389,74918,0.10240164
11390,40575,0.019602552
11391,35136,0.004415648
11392,25929,0.0002772665
11393,70771,0.7920622
11394,9160,0.0018744085
11395,11809,0.001353865
11396,17958,0.523312
11397,15011,0.044409733
11398,105080,0.14401716
11399,115642,0.49550277
11400,5417,0.0028135278
11401,110351,0.13730942
11402,110965,0.0059125572
11403,69819,0.27470013
11404,28528,0.00033226295
11405,45429,0.5072981
11406,91785,0.14401716
11407,64001,0.12634419
11408,88237,0.0035153013
11409,101216,0.38790146
11410,76493,0.00097636535
11411,104113,0.0059125572
11412,67316,0.7051278
11413,61378,0.007029523
11414,79798,0.59278125
11415,59547,0.7616917
11416,103675,0.6077621
11417,54321,0.00041497682
11418,52968,0.00023988691
11419,92040,0.076594226
11420,52572,0.14401716
11421,39192,0.49550277
11422,70223,0.31932625
11423,55844,0.5072981
11424,10197,0.020197285
11425,23648,0.025606757
11426,74996,0.31973323
11427,20832,0.523312
11428,100608,0.003895054
11429,51134,0.007141663
11430,114271,0.0059125572
11431,87450,6.0417322e-05
11432,6268,0.0017537593
11433,40239,0.0092549315
11434,22089,0.523312
11435,7059,0.018432667
11436,85520,0.14401716
11437,41305,0.27470013
11438,2286,0.9542002
11439,14093,0.5787994
11440,63625,0.7295774
11441,111092,0.9168339
11442,110720,0.007914874
11443,65347,0.27470013
11444,94328,0.00012608214
11445,110190,0.00088565715
11446,55406,0.13730942
11447,20826,0.022053696
11448,81161,0.3619964
11449,9925,0.0029509936
11450,13951,0.6185612
11451,114983,0.52248293
11452,98349,0.007029523
11453,33387,0.5072981
11454,73411,0.033027504
11455,3496,0.5037168
11456,46802,0.00021992967
11457,106987,0.001539836
11458,102811,0.019602552
11459,16278,0.6982025
11460,43773,0.011324875
11461,21428,0.523312
11462,21298,0.016521992
11463,74370,0.14401716
11464,62874,0.5114135
11465,102406,0.007029523
11466,71119,0.5072981
11467,33315,0.16627684
11468,59673,0.009599542
11469,69689,0.5672082
11470,25007,0.01583257
11471,49950,0.039320398
11472,97366,0.0021231319
11473,77148,0.004326877
11474,41679,0.019013701
11475,5440,0.06289488
11476,13109,0.001353865
11477,71418,0.8282514
11478,92918,0.0005417838
11479,87125,0.0072877146
11480,27452,0.008132936
11481,21775,0.011324875
11482,11491,0.0018819763
11483,53666,0.14401716
11484,86569,0.068746984
11485,58377,0.002838057
11486,62142,0.032022864
11487,4577,0.7231015
11488,73874,0.31932625
11489,19842,0.03087039
11490,101887,0.005913723
11491,63696,0.016672801
11492,66316,0.01017783
11493,114484,0.5427143
11494,45267,0.013265102
11495,67039,0.7616917
11496,5159,0.00035894787
11497,110422,0.533381
11498,369,0.007029523
11499,35245,0.5072981
11500,29086,0.5427143
11501,11713,0.020197285
11502,40490,0.011324875
11503,67185,0.22588314
11504,25689,0.0131263975
11505,85759,0.00054604845
11506,105265,0.533381
11507,94215,0.028609423
11508,91349,0.43834177
11509,65523,0.00017773446
11510,106759,0.4107991
11511,28368,0.0061046057
11512,88095,0.059978444
11513,72280,0.31932625
11514,43118,0.27470013
11515,2805,0.05184201
11516,86680,0.0005218335
11517,112071,0.0019912887
11518,56630,0.7616917
11519,44801,0.5787994
11520,62369,0.17457265
11521,42866,0.0010284387
11522,114649,0.10240164
11523,77051,0.0005670565
11524,107427,0.7616338
11525,21617,0.971942
11526,111303,0.22952361
11527,29292,0.008132936
11528,102344,0.093126625
11529,114598,0.49550277
11530,25772,0.002090025
11531,61026,0.7481223
11532,613,0.01017783
11533,14278,0.5072981
11534,101895,0.7587832
11535,76131,4.94013e-05
11536,1292,0.042923756
11537,64355,0.004376268
11538,98734,0.14401716
11539,11863,5.4270524e-05
11540,7543,0.024892027
11541,47328,0.011324875
11542,16941,0.22914012
11543,18196,0.27636027
11544,8954,0.056783542
11545,22629,0.16627684
11546,31560,0.44410628
11547,10539,0.6482437
11548,19510,0.5072981
11549,65552,0.001621797
11550,47412,0.21979274
11551,33702,0.0034141187
11552,70473,0.00048590722
11553,68630,0.7616917
11554,35759,0.8072219
11555,44835,0.0006916552
11556,111514,0.059864704
11557,25093,0.0028984642
11558,5582,0.020744335
11559,114479,0.88546485
11560,89186,0.005185175
11561,38508,0.026718179
11562,81189,0.504411
11563,36874,0.0042766426
11564,78668,0.82215583
11565,20730,0.0011119965
11566,57470,0.6185612
11567,10334,0.1386075
11568,109093,0.023361359
11569,63140,0.8065387
11570,92277,0.033027504
11571,26853,0.019013701
11572,110227,0.31973323
11573,53070,0.00012826418
11574,80526,0.35487762
11575,23174,0.12634419
11576,4810,0.05184201
11577,60474,0.033661835
11578,16867,0.004306097
11579,92528,0.31932625
11580,20342,0.7933165
11581,39872,0.001353865
11582,13703,0.7231015
11583,115906,0.028048089
11584,69603,0.14401716
11585,39014,0.4107991
11586,8204,0.0054169586
11587,104792,0.006695762
11588,74221,0.7920622
11589,75659,0.5072981
11590,31770,0.17013359
11591,7579,0.71370685
11592,106715,0.6077621
11593,55020,0.59409255
11594,103605,0.7616338
11595,37979,0.0062839175
11596,78423,0.27470013
11597,67737,0.00031681938
11598,96208,0.033027504
11599,90672,0.12634419
11600,34465,0.6982025
11601,114517,0.16006243
11602,13520,0.021035152
11603,41567,0.036782403
11604,97174,0.6982126
11605,8662,0.25985828
11606,100843,0.82215583
11607,106619,0.39584038
11608,98742,0.00434667
11609,22002,0.051513985
11610,105875,0.16627684
11611,88346,0.002263189
11612,86968,0.0112617295
11613,112667,0.019060155
11614,106572,0.00018700708
11615,107398,0.20558783
11616,4653,0.0033046973
11617,89017,0.019060155
11618,96256,0.3619964
11619,69546,0.0053904853
11620,71620,0.005649104
11621,21351,0.033661835
11622,65563,0.0007201799
11623,85630,0.23185891
11624,2499,0.10499385
11625,63593,0.0014835565
11626,24537,0.0010283916
11627,29328,0.5427143
11628,39922,0.4700601
11629,69368,0.14401716
11630,24359,0.13730942
11631,82097,0.039372873
11632,105771,0.88546485
11633,102265,0.36589172
11634,89415,0.6063789
11635,13085,0.0026737459
11636,62784,0.0053904853
11637,88247,0.00047850108
11638,56373,0.008724595
11639,45195,0.20532317
11640,30048,0.015745888
11641,97337,6.928649e-05
11642,48124,0.033027504
11643,26156,0.6982025
11644,65089,0.016528634
11645,16131,0.002387224
11646,70495,0.88184494
11647,69577,0.91309136
11648,88743,0.6063789
11649,71638,0.00024523336
11650,33805,0.5427143
11651,60203,0.6185612
11652,11819,8.4289226e-05
11653,46014,0.7749112
11654,29351,0.8065387
11655,46294,0.0023082397
11656,100135,0.14335498
11657,98069,0.0046549975
11658,63676,0.003702381
11659,83139,0.504411
11660,45754,0.013143747
11661,61739,0.00022142587
11662,62800,0.7920622
11663,12694,0.14401716
11664,112658,0.019060155
11665,86881,0.13730942
11666,16669,0.002387224
11667,89096,0.06277273
11668,5599,0.0057591298
11669,6864,0.05184201
11670,56702,0.884334
11671,95657,0.59278125
11672,71151,0.00033226295
11673,17590,0.6982025
11674,47333,0.5114135
11675,66174,0.0005353969
11676,24872,0.014194789
11677,79565,0.03849383
11678,111538,0.5427143
11679,113368,0.59409255
11680,45649,0.022641659
11681,16976,0.6982025
11682,40276,0.13730942
11683,32976,0.025606757
11684,62221,0.5072981
11685,36475,0.08290729
11686,50678,0.17013359
11687,68255,0.033027504
11688,85155,0.0007795908
11689,96523,0.3619964
11690,85671,0.050986372
11691,114655,0.062454823
11692,73758,0.19737954
11693,23148,0.21865545
11694,26880,0.16627684
11695,2245,0.0054169586
11696,34756,0.6186621
11697,17444,0.001353865
11698,67758,0.033027504
11699,60458,0.00037324795
11700,86609,0.023442302
11701,8046,0.017014857
11702,115979,0.0033614086
11703,9993,0.00050065905
11704,58498,0.0011682477
11705,6775,0.0011818475
11706,85263,0.0062839175
11707,37568,0.21979274
11708,63494,0.0018901108
11709,5551,0.020197285
11710,12646,0.003769254
11711,75661,0.016528634
11712,90812,0.03767169
11713,52738,0.14401716
11714,103004,0.21865545
11715,63199,0.5672082
11716,71389,0.5787994
11717,68552,0.0022111223
11718,35212,0.17013359
11719,59092,0.59409255
11720,115857,0.033027504
11721,2816,0.015673688
11722,109242,0.5999409
11723,107241,0.49550277
11724,41039,0.5072981
11725,78128,0.22588314
11726,50523,0.00013331712
11727,31774,0.007574269
11728,29605,0.00079873146
11729,21469,0.39557743
11730,61871,0.061520338
11731,28278,0.002835869
11732,92897,0.011590193
11733,47441,0.0089681335
11734,43875,0.00276287
11735,47854,0.007029523
11736,91613,2.8036678e-05
11737,72102,0.026617533
11738,7911,0.0027796994
11739,46186,0.13040477
11740,32252,0.49550277
11741,76738,0.0009075414
11742,94088,0.033027504
11743,41546,0.007029523
11744,5613,0.033238497
11745,10874,0.020197285
11746,114863,0.0043211086
11747,22321,0.5375059
11748,3241,0.0060152453
11749,46193,0.0047204033
11750,99711,0.5134833
11751,89718,0.7616917
11752,87940,0.31932625
11753,115479,0.8139816
11754,108950,0.82162476
11755,21317,0.002151679
11756,40484,7.920161e-05
11757,88176,0.3619964
11758,92987,0.21979274
11759,85493,0.42621505
11760,45711,0.52248293
11761,2067,0.4715715
11762,93087,0.0016221753
11763,111258,0.31973323
11764,19846,0.88184494
11765,78683,0.14401716
11766,1954,0.009343762
11767,74813,0.22352907
11768,94541,0.63507825
11769,36065,0.5427143
11770,113220,0.2911606
11771,25947,0.068746984
11772,24470,0.006333401
11773,111868,0.065039895
11774,11108,0.015536463
11775,25,0.13278918
11776,89723,0.5427143
11777,33127,0.008132936
11778,59123,0.7920622
11779,32880,0.9751082
11780,52211,0.098801054
11781,28835,0.00011800694
11782,23919,0.0009928184
11783,59767,0.0017727629
11784,49978,0.5427143
11785,1627,0.0054169586
11786,54457,0.7323618
11787,115637,0.042725142
11788,26117,0.0047204033
11789,2216,0.018062472
11790,49962,0.0062839175
11791,70552,0.5787994
11792,2815,0.015673688
11793,112277,0.59409255
11794,90537,0.52364886
11795,109277,0.033027504
11796,80249,0.3619964
11797,14097,0.5787994
11798,46266,0.44410628
11799,93434,0.70420945
11800,27501,0.005364075
11801,93616,0.7616917
11802,60487,0.14401716
11803,19086,0.012661116
11804,50870,0.5444716
11805,26828,0.31973323
11806,70222,0.05476863
11807,16859,0.0088156825
11808,88659,0.59278125
11809,1350,0.08930279
11810,23969,0.00035894787
11811,32965,0.0018082673
11812,32066,0.5427143
11813,20196,0.10631808
11814,106827,0.5691658
11815,104565,3.2927175e-05
11816,45791,0.13730942
11817,105389,0.7616338
11818,47081,0.0054169586
11819,54629,0.00010820505
11820,95515,8.4744344e-05
11821,95357,0.7920622
11822,69435,0.0044722315
11823,92625,0.7616917
11824,3380,0.0054169586
11825,75793,0.11250516
11826,46248,0.13040477
11827,16095,0.49550277
11828,32477,0.0150690535
11829,28492,0.5787994
11830,39692,0.0030137459
11831,80960,0.00054187165
11832,35161,0.000103044615
11833,109215,0.0001368799
11834,53456,0.5427143
11835,24954,0.00632187
11836,34463,0.59409255
11837,21613,0.007029523
11838,98024,0.3619964
11839,89394,0.59278125
11840,8048,0.020077558
11841,95166,0.004266095
11842,7587,0.73766655
11843,87242,0.047093634
11844,32447,0.017626166
11845,80688,0.3619964
11846,84022,0.039320398
11847,2807,0.027836183
11848,102905,0.5427143
11849,47776,0.0025762145
11850,113304,0.033027504
11851,5593,0.0076308707
11852,93055,0.22588314
11853,71537,0.0037813291
11854,94462,0.17457265
11855,37166,0.6077621
11856,23433,0.0017586364
11857,111307,0.26011735
11858,111690,0.70420945
11859,4463,0.9159472
11860,26634,0.21979274
11861,45438,0.6982025
11862,78809,0.00054187165
11863,46621,0.21979274
11864,107203,0.00013587157
11865,49046,0.0030654797
11866,40526,0.001353865
11867,78295,0.23185891
11868,83092,0.3619964
11869,39337,0.5072981
11870,113305,0.42487767
11871,71730,0.31973323
11872,79526,0.0012442885
11873,56740,0.001353865
11874,104095,0.16627684
11875,87321,0.0009215004
11876,94872,0.05641823
11877,65352,0.0010645062
11878,82796,0.0050094095
11879,65685,0.27470013
11880,16535,0.008692204
11881,67720,0.5787994
11882,27711,0.021473201
11883,24241,0.13040477
11884,14128,0.19465666
11885,72276,0.3619964
11886,83654,0.0037813291
11887,50378,0.5960657
11888,21565,0.001353865
11889,38602,0.016969895
11890,8077,0.8758837
11891,53174,0.003859528
11892,49891,0.0007130726
11893,62026,0.016653307
11894,85498,0.3619964
11895,770,0.004306097
11896,99330,0.005193269
11897,8528,0.0028135278
11898,5515,0.05077686
11899,108933,0.020648248
11900,100738,0.27470013
11901,64197,0.0062839175
11902,83767,0.011011613
11903,78876,0.0025762145
11904,23352,0.0006286375
11905,69144,0.007029523
11906,56258,0.009470555
11907,83827,0.022053696
11908,90742,0.7616917
11909,92150,0.034388546
11910,34802,0.5427143
11911,51365,0.00039448403
11912,50197,0.0023066094
11913,18541,0.009826302
11914,80994,0.020478815
11915,105513,0.033027504
11916,49240,0.17457265
11917,18817,0.23185891
11918,9069,0.04065975
11919,95339,0.007029523
11920,82869,0.5787994
11921,66797,0.12634419
11922,57997,0.0030137459
11923,39087,0.7038658
11924,17043,0.7057373
11925,107540,0.533381
11926,75403,0.0029246383
11927,104058,0.0002922311
11928,1640,0.015673688
11929,83408,0.7481223
11930,21579,0.5787994
11931,115636,0.007099019
11932,101363,0.5999409
11933,68145,0.14401716
11934,102715,0.015545429
11935,29262,0.52248293
11936,86927,0.52248293
11937,33116,0.04571049
11938,86615,0.5072981
11939,27531,0.20558783
11940,42675,0.8590712
11941,105326,0.7616338
11942,30359,0.5427143
11943,93486,0.31932625
11944,18023,0.000110550645
11945,2059,0.040206905
11946,69767,0.3619964
11947,92912,0.7106482
11948,53978,0.14401716
11949,7016,0.02482173
11950,54371,0.0014484767
11951,44300,0.008138208
11952,82200,0.42768323
11953,81782,0.7920622
11954,63087,0.04478788
11955,109212,0.004282631
11956,102032,0.5427143
11957,39383,0.4700601
11958,106748,0.00595143
11959,57248,0.033027504
11960,66035,0.016521992
11961,15548,0.012808806
11962,74628,0.14401716
11963,85849,0.5072981
11964,2530,0.7749112
11965,99009,0.0058513167
11966,32255,0.8865087
11967,41756,0.013265102
11968,97624,0.034388546
11969,36482,0.5427143
11970,102372,0.31973323
11971,102807,0.74324876
11972,16043,0.00084398186
11973,21491,0.44410628
11974,16385,0.8848291
11975,6577,0.008072244
11976,103165,0.010565702
11977,25393,0.36848506
11978,84603,0.000103876504
11979,42539,0.004376268
11980,86816,0.007029523
11981,70958,0.3619964
11982,98281,0.54492104
11983,66271,0.8512548
11984,61702,0.030338515
11985,111005,0.022614978
11986,31320,0.022092532
11987,55545,0.007029523
11988,52488,0.43834177
11989,59042,9.77278e-05
11990,59832,0.002263189
11991,78101,0.012808806
11992,34782,0.802448
11993,75712,0.5072981
11994,392,0.033438776
11995,52885,0.5427143
11996,37755,0.13040477
11997,35414,0.59409255
11998,8774,0.0035316062
11999,23859,0.0028594204
12000,9453,0.0097670425
12001,46071,0.013143747
12002,84596,0.013400632
12003,15762,0.007588674
12004,108707,0.10240164
12005,64774,0.0024445422
12006,48198,0.0011527482
12007,115966,0.00010820505
12008,113318,0.00055758026
12009,27954,7.8677534e-05
12010,55112,0.0015625793
12011,59501,0.0021348423
12012,100163,0.0007745369
12013,88416,0.3619964
12014,80325,0.012808806
12015,1456,0.019013701
12016,95265,0.0038557483
12017,73369,0.033027504
12018,801,0.019868456
12019,71831,0.0014835565
12020,54935,0.25119156
12021,55799,0.9920439
12022,67413,0.3619964
12023,8173,0.015673688
12024,90342,0.5787994
12025,57152,0.7920622
12026,78738,0.3619964
12027,50164,0.5787994
12028,79783,0.006209508
12029,77478,0.0016585024
12030,115605,0.547256
12031,107266,0.3619964
12032,37932,0.5072981
12033,46171,0.008309482
12034,114356,0.0011930491
12035,15310,0.9378573
12036,26800,0.002387224
12037,62483,0.013143747
12038,55047,0.884334
12039,40930,0.34013027
12040,50380,0.13730942
12041,86146,0.06473958
12042,55092,0.12634419
12043,10409,0.0797583
12044,46956,0.001353865
12045,106402,0.7616338
12046,78657,0.0017117758
12047,98202,0.121940404
12048,84924,0.0037736187
12049,51127,0.27470013
12050,17245,0.27636027
12051,50457,0.5427143
12052,14067,3.0038173e-05
12053,12040,0.0033059793
12054,79663,0.005913723
12055,5800,0.88008237
12056,84957,0.0006461593
12057,43642,0.001286559
12058,40150,0.46285427
12059,70602,0.0009505258
12060,15305,0.0044722315
12061,23568,0.7933165
12062,17171,0.00027866627
12063,48877,0.019804802
12064,24381,0.0024094253
12065,109028,0.0059125572
12066,67240,0.7481223
12067,8153,0.0005607145
12068,71662,0.3619964
12069,85888,0.01017783
12070,101158,0.00069994724
12071,102633,0.033027504
12072,10383,0.45980817
12073,61991,0.36848506
12074,46697,0.013143747
12075,107686,0.0059125572
12076,74604,0.032022864
12077,90430,0.039320398
12078,74632,0.003006968
12079,103963,0.4104831
12080,75688,0.12634419
12081,6999,0.7231015
12082,48723,0.033027504
12083,103898,0.5999409
12084,32441,0.5072981
12085,94362,0.0013921055
12086,17651,8.25018e-05
12087,43706,0.019013701
12088,83490,0.0013953601
12089,83952,0.6063789
12090,49528,0.09590011
12091,114965,0.030124728
12092,50606,0.0014922644
12093,21891,0.7057373
12094,68978,0.5072981
12095,70986,0.7920622
12096,91816,0.3619964
12097,67476,0.026167093
12098,37489,0.001353865
12099,77154,0.0012045783
12100,48996,0.0015946166
12101,60908,0.7616917
12102,77204,0.033027504
12103,96070,0.3619964
12104,11631,0.0054169586
12105,105598,0.65751773
12106,72750,0.011992719
12107,24447,0.007029523
12108,91977,0.5787994
12109,40520,0.0043229
12110,97362,0.0066498383
12111,46130,0.0092549315
12112,83510,0.0068015214
12113,12443,0.523312
12114,112096,0.001773659
12115,66501,0.5375059
12116,24981,0.0016585024
12117,20712,0.007029523
12118,15382,0.0013958552
12119,85170,0.14401716
12120,54248,0.59409255
12121,54438,0.7910294
12122,111471,0.06997963
12123,91418,0.81563526
12124,10054,0.010016691
12125,8384,0.008450831
12126,78250,0.00012610307
12127,68911,0.5072981
12128,57908,0.17457265
12129,55296,0.17237909
12130,38945,0.010565702
12131,75231,0.11250516
12132,30290,0.0035694235
12133,69083,0.17457265
12134,53325,0.59409255
12135,20204,0.23185891
12136,41700,0.0036338558
12137,50899,0.27470013
12138,18498,0.08805262
12139,21149,0.44410628
12140,70360,0.12634419
12141,83203,0.82215583
12142,66982,0.5787994
12143,15980,0.007029523
12144,69185,8.188715e-05
12145,113043,0.0633947
12146,72727,0.49550277
12147,88013,0.00012164277
12148,101857,0.3588082
12149,12796,0.013486763
12150,32788,0.008298581
12151,51827,0.30839533
12152,98823,0.0032331299
12153,56271,0.7481223
12154,47179,0.0058268528
12155,90012,0.033027504
12156,114762,0.0016134646
12157,91587,0.0012358886
12158,64253,0.01017783
12159,13171,0.8966814
12160,12677,0.0073202727
12161,31045,0.026718179
12162,59906,0.5072981
12163,95414,0.018601326
12164,35940,0.5427143
12165,76302,0.7616917
12166,84430,0.005339724
12167,78011,0.09371252
12168,44055,0.004376268
12169,43428,0.0010818559
12170,37441,0.002151679
12171,32776,0.001353865
12172,19695,0.004306097
12173,66780,0.038033433
12174,37183,0.6982025
12175,67566,0.8426527
12176,89424,0.14401716
12177,38665,0.0025762145
12178,75991,0.31973323
12179,38305,0.16627684
12180,53842,0.0046426766
12181,44598,0.058116153
12182,77949,0.31973323
12183,57902,0.00048424982
12184,59995,0.025438204
12185,107728,0.533381
12186,40472,0.5072981
12187,43651,0.5168421
12188,46905,0.013143747
12189,25589,0.061520338
12190,39823,0.6185612
12191,60723,0.13730942
12192,83167,0.00050870463
12193,22282,0.10340345
12194,58520,0.5427143
12195,76696,0.97727555
12196,112788,0.001031172
12197,98418,0.0150690535
12198,17287,0.00011359863
12199,111302,0.13730942
12200,57381,0.5444716
12201,25801,0.13730942
12202,46887,0.0010818559
12203,49545,0.5427143
12204,47291,0.65522355
12205,55235,0.61799353
12206,24212,0.0015322297
12207,81276,0.0014853142
12208,10272,0.88008237
12209,82033,0.52248293
12210,109184,6.3435866e-05
12211,67154,0.032232128
12212,12981,0.96518296
12213,45590,0.0054169586
12214,49129,0.504411
12215,11257,0.08930279
12216,15837,0.00057711976
12217,91102,0.59278125
12218,94545,0.22588314
12219,64846,0.005329171
12220,19471,0.0088156825
12221,11392,0.018432667
12222,84947,0.6982025
12223,14166,0.008740516
12224,43919,0.020547971
12225,5280,0.8547576
12226,73347,0.13730942
12227,44514,0.011324875
12228,107240,0.0002999553
12229,62038,0.0062839175
12230,89923,0.006590371
12231,38791,0.001353865
12232,6495,0.063621655
12233,66352,0.027739413
12234,105877,0.27636027
12235,44460,0.13730942
12236,9244,0.73766655
12237,87674,0.7616917
12238,51159,0.0028437101
12239,56658,0.0014853142
12240,39436,0.13040477
12241,90426,0.0062839175
12242,87398,0.0018874767
12243,90553,4.676243e-05
12244,55484,0.007029523
12245,101554,0.26011735
12246,72563,0.5427143
12247,28989,0.10998746
12248,9928,0.020744335
12249,2058,0.59409255
12250,48873,0.81563526
12251,115028,0.0673286
12252,96560,9.572076e-05
12253,63881,0.0673286
12254,88006,0.0047887657
12255,84376,0.3619964
12256,72548,0.0102000525
12257,86047,0.7616917
12258,105668,0.005530555
12259,3120,0.033661835
12260,86592,0.3619964
12261,29741,0.5427143
12262,84340,0.5787994
12263,113340,0.0022117852
12264,30791,3.7423357e-05
12265,70440,0.3619964
12266,54879,0.0022567036
12267,12242,0.00035894787
12268,33542,0.008329132
12269,63966,0.59409255
12270,41173,0.011324875
12271,35005,0.006097519
12272,8517,0.7231015
12273,20033,0.046658676
12274,34921,0.5427143
12275,99064,0.26011735
12276,75942,0.37642527
12277,89400,0.59278125
12278,90019,0.59278125
12279,109053,0.5999409
12280,35632,0.5427143
12281,57004,0.5427143
12282,63297,0.85749614
12283,33731,0.026718179
12284,73773,0.12634419
12285,58003,0.13730942
12286,66819,0.032022864
12287,44545,0.31973323
12288,106172,0.3619964
12289,61891,0.033027504
12290,79270,0.001370749
12291,61270,0.27636027
12292,96206,0.0020164743
12293,50482,0.001353865
12294,54936,0.000335994
12295,63931,0.0022111223
12296,98356,0.046899207
12297,109672,0.062454823
12298,22259,0.523312
12299,74643,0.041646097
12300,4517,0.00035007863
12301,12991,0.0073202727
12302,30426,0.00038381832
12303,10799,0.0020784303
12304,81223,0.0015937369
12305,3863,0.020197285
12306,56853,0.22588314
12307,29460,0.6982025
12308,52247,0.5427143
12309,20611,0.02275957
12310,27234,0.0027399058
12311,69719,0.049573712
12312,72113,0.14401716
12313,10421,0.481222
12314,64422,0.0009837539
12315,108438,0.49364203
12316,57034,0.017595956
12317,82296,0.009115115
12318,66508,0.5375059
12319,1591,0.504411
12320,22745,0.0006000981
12321,47738,0.001353865
12322,83847,0.016528634
12323,13770,0.88184494
12324,54679,0.008625573
12325,31493,0.61799353
12326,77089,0.61799353
12327,38735,0.006333401
12328,70145,0.13730942
12329,51490,0.61799353
12330,52216,0.03714765
12331,4820,0.3851501
12332,3420,0.002387224
12333,26659,0.7057373
12334,69324,0.010483748
12335,70783,0.000335994
12336,74661,0.033027504
12337,100105,0.0017501002
12338,65855,0.00726674
12339,5714,0.0017537593
12340,4620,8.49864e-05
12341,79009,0.36848506
12342,574,0.008692204
12343,43778,0.0016747564
12344,101133,0.007099019
12345,66561,0.00014054711
12346,110876,0.3619964
12347,42212,0.0040797824
12348,14554,0.6982025
12349,75691,0.08805262
12350,4027,0.072836444
12351,91686,0.42193875
12352,42709,0.13040477
12353,66326,0.5497329
12354,112746,0.01017783
12355,69645,0.504411
12356,82438,0.8966814
12357,72724,0.5787994
12358,75665,0.0006560839
12359,70214,0.00036960124
12360,40573,0.52248293
12361,69976,0.033027504
12362,71583,0.00065140944
12363,11152,0.6482437
12364,23602,0.01371935
12365,48796,0.5427143
12366,54080,0.27636027
12367,32497,0.0015946166
12368,13699,0.012128702
12369,65388,0.0123029305
12370,21013,0.025932798
12371,30033,0.0016122113
12372,110983,0.00025231493
12373,8818,0.012533838
12374,42138,0.9677439
12375,65132,0.016521992
12376,19663,0.0088156825
12377,113652,7.3905416e-05
12378,98930,0.0018901108
12379,4192,0.0020484603
12380,61915,0.03714765
12381,56478,0.00054187165
12382,15904,0.5787994
12383,114538,0.019602552
12384,112509,0.05299258
12385,11670,0.08828476
12386,2356,5.796521e-05
12387,97075,0.14401716
12388,40525,0.3857383
12389,1293,0.042923756
12390,76202,0.31932625
12391,21543,0.044770245
12392,18167,0.007029523
12393,106769,0.07112719
12394,27165,0.65522355
12395,89981,0.036180433
12396,35320,0.5427143
12397,103154,0.012808806
12398,58371,0.033027504
12399,46303,0.019013701
12400,36460,0.5787994
12401,84633,0.10240164
12402,35905,0.0069744345
12403,75796,0.00011628967
12404,44521,0.52248293
12405,2840,0.0012047562
12406,107655,0.033027504
12407,91028,0.010911473
12408,90709,0.14401716
12409,72538,0.00054187165
12410,69897,0.0026566465
12411,112173,0.040443577
12412,15184,0.4528236
12413,20404,0.00025655204
12414,4842,0.51642954
12415,28724,0.013143747
12416,87296,0.74324876
12417,3834,0.0012531864
12418,81397,0.032022864
12419,31042,0.0013575203
12420,25146,0.13040477
12421,103341,0.01172875
12422,101823,0.008592238
12423,3885,0.019294314
12424,8500,0.00018369575
12425,27879,0.59409255
12426,97591,0.47653252
12427,82133,0.0002331781
12428,86023,0.016528634
12429,38206,0.90956336
12430,81668,0.020183578
12431,114777,0.82215583
12432,75715,0.0020164743
12433,56895,0.0046774005
12434,96888,0.021033138
12435,27907,0.0060585644
12436,107586,0.0022353046
12437,31444,0.0026947088
12438,114717,0.0102000525
12439,114781,0.006256266
12440,112781,0.83969736
12441,68264,0.003006968
12442,23284,0.0047080396
12443,49565,0.5427143
12444,61276,0.56752956
12445,26691,0.6982025
12446,100901,0.0028219095
12447,15447,0.6185612
12448,5091,0.08992581
12449,107094,0.3619964
12450,84766,0.7481223
12451,21211,0.008952463
12452,110678,0.16627684
12453,84346,0.7481223
12454,53301,0.5427143
12455,91482,0.3619964
12456,42406,0.23655774
12457,64206,0.27470013
12458,39660,0.024558479
12459,70633,0.002263189
12460,64154,0.12634419
12461,88772,0.63507825
12462,92138,0.20146517
12463,38565,0.4868459
12464,55541,0.04571049
12465,52485,0.012808806
12466,22445,0.31973323
12467,90485,0.13730942
12468,473,0.7057373
12469,97810,0.70420945
12470,46392,0.000807442
12471,52423,0.52248293
12472,18721,0.5072981
12473,30744,0.5427143
12474,69791,0.17457265
12475,96249,0.07400991
12476,62001,0.504411
12477,74266,0.34098592
12478,56490,0.0017355318
12479,111889,0.3588082
12480,101073,0.0012663744
12481,74795,0.43447396
12482,46007,0.0010646969
12483,41418,0.013143747
12484,21145,0.019193577
12485,35238,0.00015935772
12486,87481,0.0053904853
12487,464,0.063240916
12488,51378,0.006765302
12489,73632,0.3619964
12490,57945,0.14401716
12491,58317,0.6063789
12492,57485,0.7920622
12493,60008,0.00031681938
12494,18099,0.3387435
12495,115851,0.0036455593
12496,88103,0.7920622
12497,101613,0.26011735
12498,42360,0.5168421
12499,7577,0.41140634
12500,6226,0.16808857
12501,114623,0.5980179
12502,34468,0.04571049
12503,30181,0.5072981
12504,38934,0.016528634
12505,31701,0.007099019
12506,54305,0.007029523
12507,69314,0.0053904853
12508,98259,0.5999409
12509,44019,0.0025762145
12510,30442,0.0016221753
12511,71732,0.004326877
12512,40732,0.5787994
12513,48136,8.2975115e-05
12514,31510,0.061520338
12515,96889,0.7616917
12516,58276,0.14401716
12517,100497,0.3619964
12518,7921,0.00026884812
12519,101481,0.041028555
12520,39753,0.0059667677
12521,26302,0.039320398
12522,80499,0.0022111223
12523,65849,0.01017783
12524,11244,0.91477466
12525,43583,0.52248293
12526,36699,0.5168421
12527,58387,0.04976746
12528,104980,0.12634419
12529,64109,0.0056045433
12530,13833,0.6185612
12531,6562,0.0014108194
12532,103288,0.0038886375
12533,59038,0.00010820505
12534,39386,0.013265102
12535,94160,0.011992719
12536,63670,0.6355375
12537,111916,0.8368745
12538,26173,0.13040477
12539,32224,0.6077621
12540,96706,0.0017576037
12541,115522,0.43834177
12542,74594,0.27470013
12543,29806,0.01371935
12544,637,0.44410628
12545,56776,0.0077049853
12546,82047,0.007029523
12547,52655,0.0048150397
12548,77233,0.033027504
12549,377,0.08992581
12550,96056,0.12634419
12551,92954,0.14401716
12552,97874,0.097158805
12553,23880,0.5427143
12554,49399,0.5427143
12555,11320,0.0045889844
12556,60273,0.59409255
12557,9856,0.05184201
12558,24556,0.5168421
12559,105216,0.0059125572
12560,34306,0.5427143
12561,60397,0.0017869497
12562,107992,0.033027504
12563,109472,0.0035267617
12564,16758,0.0045732562
12565,70652,0.0022970976
12566,83921,0.31932625
12567,46324,0.0092549315
12568,24843,0.013991339
12569,110159,0.0042502503
12570,40476,0.013265102
12571,101193,0.016969895
12572,23920,0.0014913888
12573,80987,0.016528634
12574,96937,0.71354675
12575,21983,0.003148801
12576,100650,0.94367266
12577,15630,0.0048150397
12578,44887,0.01017783
12579,52180,0.5427143
12580,33286,0.00017542279
12581,83208,0.31932625
12582,47356,0.0010284387
12583,38434,0.13040477
12584,112786,0.061520338
12585,62797,0.004287984
12586,89370,0.0025674966
12587,54809,0.13730942
12588,98706,4.4347078e-05
12589,66360,0.000161625
12590,95846,0.49364203
12591,114871,0.65229774
12592,79484,0.3619964
12593,39194,0.0031462142
12594,15565,0.49550277
12595,100188,0.0037563895
12596,28355,0.20558783
12597,76211,0.002610639
12598,95950,0.6063789
12599,89493,0.59278125
12600,5901,0.018524658
12601,41869,0.001353865
12602,18302,0.009115115
12603,94744,0.08290729
12604,14390,0.5787994
12605,18086,0.00010926502
12606,63114,0.7616917
12607,10483,0.0027796994
12608,90620,0.14401716
12609,43071,0.21979274
12610,16848,0.008692204
12611,59417,0.0020261605
12612,106971,0.000417238
12613,51730,0.93684494
12614,44590,0.16627684
12615,59779,0.0017727629
12616,15215,0.019368267
12617,60216,0.7295774
12618,38557,0.017478535
12619,48799,0.0015946166
12620,74136,0.0015946166
12621,83015,0.012588315
12622,71222,0.02823047
12623,36262,0.9572552
12624,114242,0.6077621
12625,98458,0.006563969
12626,42015,0.5072981
12627,79304,0.6878115
12628,74250,0.032022864
12629,9653,0.11613206
12630,86008,0.033027504
12631,12755,0.002387224
12632,81754,0.5722562
12633,87243,0.006455187
12634,18712,0.001353865
12635,18929,0.001353865
12636,52538,0.006578858
12637,112487,0.7616338
12638,78991,0.002151679
12639,87115,0.31973323
12640,10678,0.09673064
12641,107960,0.72096616
12642,783,0.8151711
12643,83109,0.0148394825
12644,23308,0.0015150345
12645,115443,0.00056770025
12646,30674,0.5427143
12647,102438,0.036180433
12648,21170,0.0005711812
12649,42142,0.00022200025
12650,69030,0.0034198945
12651,34757,0.4107991
12652,32004,0.017595956
12653,66143,0.03838473
12654,23132,0.007029523
12655,83402,0.49550277
12656,38343,0.0035505733
12657,83137,0.6480605
12658,106491,0.08805262
12659,112331,0.16627684
12660,40898,0.002838057
12661,105742,0.00011546196
12662,26479,0.13040477
12663,84595,0.038769457
12664,109410,0.007029523
12665,4246,0.016786836
12666,93928,0.71354675
12667,34070,0.59409255
12668,92186,0.16627684
12669,45145,0.85790324
12670,108051,0.035068862
12671,34473,0.001353865
12672,87787,0.7616917
12673,19640,0.523312
12674,112043,0.585949
12675,78676,0.6878115
12676,88808,0.7920622
12677,52775,0.5427143
12678,38438,0.13040477
12679,31965,0.7749112
12680,79781,0.0031482726
12681,15312,0.033661835
12682,115419,0.021981161
12683,46584,0.020547971
12684,8656,0.008072244
12685,8334,0.010420639
12686,31347,0.6982025
12687,46835,0.0011369777
12688,98856,0.00054187165
12689,98431,0.00013960825
12690,13009,0.504411
12691,82666,0.31932625
12692,35616,0.028225413
12693,69964,0.631487
12694,47091,0.01017783
12695,816,0.09762265
12696,87307,0.8072219
12697,32025,0.5427143
12698,32595,0.13730942
12699,26639,0.018788539
12700,58188,0.14401716
12701,48067,0.5427143
12702,111618,0.059322838
12703,88918,0.7616917
12704,36550,0.004326877
12705,14778,3.150825e-05
12706,73110,0.0006970715
12707,13757,0.016521992
12708,38457,0.003935671
12709,41053,0.0092549315
12710,99269,0.3588082
12711,1331,0.0027796994
12712,89594,0.001983336
12713,22760,0.0015946166
12714,63941,0.00726674
12715,48842,0.31973323
12716,69823,0.3619964
12717,33758,0.002158454
12718,100058,0.38591406
12719,77736,0.007029523
12720,32278,0.31973323
12721,20654,0.01376545
12722,58334,0.02253995
12723,94664,0.033027504
12724,113940,0.001773659
12725,86654,0.015545429
12726,26915,0.31973323
12727,88531,0.43834177
12728,31674,0.5787994
12729,114506,0.6077621
12730,103422,0.10240164
12731,53129,0.31973323
12732,103105,0.8417476
12733,19292,0.0088156825
12734,113034,0.0633947
12735,5360,0.007314987
12736,39684,0.61799353
12737,51673,0.42057085
12738,15789,0.0024610888
12739,35439,0.0003937533
12740,93631,0.006932296
12741,108138,0.3125016
12742,50713,0.5427143
12743,66733,0.065039895
12744,37018,0.0028984642
12745,50908,0.52248293
12746,31752,0.0026947088
12747,63838,0.0006881872
12748,25866,0.13040477
12749,99007,0.0006796158
12750,68459,0.3619964
12751,92921,0.7616917
12752,47751,0.0055454527
12753,18084,0.0088156825
12754,90499,0.68632334
12755,84876,0.016521992
12756,109431,9.940418e-05
12757,21680,0.13040477
12758,25018,0.001672708
12759,79208,0.7375964
12760,91269,0.0011077615
12761,27816,0.20558783
12762,42370,0.88184494
12763,10669,0.00024912585
12764,88616,0.5787994
12765,64674,0.0037342526
12766,59950,0.7481223
12767,82044,0.23185891
12768,53989,0.0010326053
12769,4040,0.0054169586
12770,47747,0.0131263975
12771,76413,0.61799353
12772,15129,0.49550277
12773,91002,0.0053904853
12774,14260,0.0006916552
12775,110752,0.59724283
12776,45792,0.008138208
12777,48006,0.5427143
12778,114889,0.4503174
12779,8937,0.00035688406
12780,40599,0.006333401
12781,47535,0.49550277
12782,66034,0.22588314
12783,57335,0.27470013
12784,65811,0.00021253384
12785,52344,0.59409255
12786,59349,0.59409255
12787,11668,0.022641659
12788,88991,0.59278125
12789,99807,0.033027504
12790,37824,0.13730942
12791,93968,0.005185175
12792,6308,0.51642954
12793,86381,0.033027504
12794,15629,0.523312
12795,75706,0.009222873
12796,48104,0.00010987028
12797,10492,0.0028135278
12798,15322,0.001832165
12799,35843,0.13730942
12800,97710,0.74324876
12801,49945,0.0014696156
12802,24602,0.0092549315
12803,8155,0.022601707
12804,77660,0.0123029305
12805,95724,0.12634419
12806,112675,0.547256
12807,88462,0.62831575
12808,92351,0.01841496
12809,3382,0.0057714456
12810,33931,0.009014587
12811,31035,0.0003774069
12812,93614,0.31973323
12813,70165,0.14401716
12814,110412,0.3619964
12815,29571,0.0005262937
12816,16093,0.56752956
12817,61334,0.0088156825
12818,109381,0.13741142
12819,92459,0.74324876
12820,108185,0.91200477
12821,6596,0.020077558
12822,5692,0.2000427
12823,1696,0.0092549315
12824,94605,0.033027504
12825,107499,0.0016051572
12826,39037,0.0006000981
12827,66164,0.027739413
12828,73611,0.033027504
12829,109468,0.033644553
12830,83977,0.7481223
12831,72087,0.7616917
12832,68989,0.007029523
12833,65828,0.4377116
12834,83519,0.504411
12835,99570,0.054399993
12836,22659,0.058414623
12837,109735,0.005185175
12838,101179,0.0010342967
12839,52516,0.14401716
12840,8463,0.0015619679
12841,106243,0.0152743915
12842,47735,0.13040477
12843,96776,0.13730942
12844,12161,0.008472884
12845,30318,0.011834749
12846,105905,0.26011735
12847,109984,0.6077621
12848,27842,0.13730942
12849,37413,0.5072981
12850,51533,0.008138208
12851,60657,0.8065387
12852,101573,0.88752764
12853,77834,0.030779244
12854,1811,0.018106917
12855,21318,0.0005089294
12856,46809,0.068746984
12857,89992,0.31932625
12858,72748,0.009650331
12859,5074,0.14743158
12860,43484,0.4868459
12861,56565,0.6982025
12862,62501,0.44410628
12863,88835,0.7920622
12864,97927,0.0005950352
12865,101327,0.7616338
12866,60962,0.0056405365
12867,107724,0.033027504
12868,5913,0.007689026
12869,29486,0.008132936
12870,63662,0.030907951
12871,74208,0.0018901108
12872,57572,0.27116704
12873,33993,0.01017783
12874,13538,0.001353865
12875,108622,4.732536e-05
12876,1509,0.3857383
12877,17864,0.5650655
12878,33058,0.46285427
12879,7891,0.0008180918
12880,16266,0.001353865
12881,101440,0.43834177
12882,64088,0.032022864
12883,100636,0.033027504
12884,3710,0.7895489
12885,72535,0.71354675
12886,46256,0.03087039
12887,58112,0.007029523
12888,88925,0.0052277152
12889,113850,0.7920622
12890,54609,0.0059368378
12891,10022,0.0029955192
12892,82181,0.7920622
12893,112891,0.0034434209
12894,94359,0.027030254
12895,58008,0.13730942
12896,62978,0.024647798
12897,62509,0.0010759123
12898,110215,0.42487767
12899,70166,0.5787994
12900,88724,0.88546485
12901,106141,0.3619964
12902,36253,0.8072219
12903,72031,0.0030137459
12904,94147,0.034388546
12905,38638,0.0018854269
12906,6613,0.0019444025
12907,97226,0.3619964
12908,102890,0.012808806
12909,55416,0.17457265
12910,99179,0.033027504
12911,72188,0.3619964
12912,60967,0.5672082
12913,105027,0.7602656
12914,99342,0.0035041845
12915,48652,0.48317924
12916,6954,0.51642954
12917,12628,0.046658676
12918,18616,0.046658676
12919,97952,0.0036338558
12920,95229,0.7602656
12921,79631,0.504411
12922,111745,0.88546485
12923,114025,0.0025432997
12924,57220,0.5427143
12925,73066,0.5072981
12926,54468,0.008132936
12927,31348,0.6185612
12928,13694,0.6982025
12929,87373,0.00024766015
12930,112329,0.036778376
12931,86302,0.3619964
12932,75133,0.11250516
12933,26814,0.12832367
12934,21869,0.004306097
12935,4982,0.0012531864
12936,63753,0.27470013
12937,62944,0.009115115
12938,25663,0.44410628
12939,59582,0.6063789
12940,67526,0.7481223
12941,19751,0.39557743
12942,89892,0.14401716
12943,11416,0.0019523379
12944,30620,0.026718179
12945,80892,0.0030654797
12946,12841,0.0030137459
12947,54146,0.005006525
12948,112053,0.31973323
12949,82102,0.0014853142
12950,87764,0.0935514
12951,15745,0.00018697677
12952,24902,0.019013701
12953,87137,0.31973323
12954,61190,0.0796306
12955,37629,0.16627684
12956,4644,0.0028135278
12957,11327,0.05663376
12958,50294,0.001353865
12959,24893,0.068746984
12960,10783,0.2000427
12961,64411,0.12634419
12962,48769,0.033121984
12963,69417,0.033027504
12964,97808,0.00010926502
12965,114966,0.015783614
12966,100053,0.008107328
12967,19165,0.016521992
12968,22518,0.021035152
12969,60346,0.5672082
12970,40775,0.91200477
12971,107157,0.0031033724
12972,98443,0.11677547
12973,67805,0.057694536
12974,67428,0.026718179
12975,59215,0.03767169
12976,24932,0.011324875
12977,99968,0.021033138
12978,14863,0.0123029305
12979,89291,0.6063789
12980,24020,0.0010284387
12981,9743,0.05936022
12982,95346,0.003813615
12983,10571,0.0001684175
12984,57425,0.0006583921
12985,32172,0.032022864
12986,38238,0.56445324
12987,77973,0.009361611
12988,13866,0.52248293
12989,103742,0.7106482
12990,114306,0.0007809169
12991,26520,0.0090177655
12992,60831,0.9871367
12993,2215,0.10499385
12994,14258,0.523312
12995,88748,0.12634419
12996,34316,0.5072981
12997,100824,0.59409255
12998,2950,0.05184201
12999,35682,0.0015946166
13000,35576,0.17013359
13001,114589,0.016720226
13002,90023,0.14401716
13003,18009,0.001353865
13004,105580,0.0011334027
13005,114349,0.27470013
13006,56276,0.0010733191
13007,100784,0.017859625
13008,1496,0.01371935
13009,97367,0.01017783
13010,102052,0.0010269774
13011,12125,0.02604607
13012,9798,0.0010725245
13013,48449,0.0015946166
13014,56777,0.7481223
13015,72890,0.009260293
13016,6703,0.04528893
13017,47104,0.49550277
13018,73023,0.108328365
13019,49801,0.001353865
13020,76964,0.086897664
13021,110168,0.0633947
13022,11388,0.6000436
13023,80964,0.0021116743
13024,65439,0.0026346094
13025,48231,0.011011613
13026,81053,0.033027504
13027,110878,0.039366227
13028,79063,0.0006124656
13029,67600,0.0007104069
13030,25169,0.21979274
13031,3638,0.0028135278
13032,46194,0.0011226893
13033,37004,0.0016543012
13034,19253,0.01371935
13035,71797,0.3619964
13036,43495,0.5427143
13037,61482,0.7920622
13038,22601,0.523312
13039,51683,0.5787994
13040,49232,0.009222873
13041,89893,0.608854
13042,32056,0.72096616
13043,42468,0.00085262227
13044,66437,0.0008146356
13045,78760,0.3619964
13046,41523,0.0007569243
13047,100492,0.0006932086
13048,83480,0.0010326053
13049,105510,0.7616338
13050,50345,0.005541767
13051,28738,0.88184494
13052,75769,0.5072981
13053,22056,0.019013701
13054,102427,0.65744025
13055,85670,0.004832083
13056,80094,0.01017783
13057,60349,0.7481223
13058,96119,0.016672801
13059,9399,0.14593886
13060,86907,0.7481223
13061,86989,0.0059368378
13062,14105,0.003148801
13063,9560,0.0023507176
13064,64672,4.3383654e-05
13065,11006,0.04314553
13066,53215,0.0015843154
13067,73170,0.011600402
13068,83868,0.3619964
13069,55476,0.9525565
13070,25377,0.0032538706
13071,30654,0.002835869
13072,98988,0.11001589
13073,17490,0.6771808
13074,91338,0.31932625
13075,76564,0.6982025
13076,66365,0.00010032608
13077,29991,0.5960657
13078,19273,0.045445696
13079,74691,0.02961867
13080,60463,0.65744025
13081,49139,0.13730942
13082,44530,0.52248293
13083,69567,0.7051278
13084,58724,0.59409255
13085,59472,0.7920622
13086,108807,0.009222873
13087,17847,0.0131263975
13088,10290,0.6000436
13089,44165,0.03087039
13090,21460,0.10631808
13091,115894,0.016528634
13092,18357,0.46285427
13093,20395,0.851379
13094,11978,0.044770245
13095,108556,0.00034245828
13096,67977,0.8865087
13097,86534,0.00084809004
13098,29908,0.5427143
13099,170,0.13208735
13100,17770,0.5650655
13101,61426,0.0007404428
13102,18754,0.8233484
13103,88251,0.025606757
13104,57634,0.003660996
13105,105106,0.42193875
13106,83773,0.008329132
13107,88869,0.033027504
13108,5082,0.022601707
13109,57319,0.016565625
13110,9581,0.51642954
13111,56633,0.5672082
13112,3169,0.008021838
13113,75655,0.03767169
13114,82513,0.5427143
13115,52767,0.97727555
13116,23656,0.13040477
13117,27056,0.027104618
13118,54806,0.0131263975
13119,16252,0.6133949
13120,100936,0.3619964
13121,37087,0.16627684
13122,3094,0.029926157
13123,107332,0.00019839444
13124,49016,0.13730942
13125,4647,0.0028135278
13126,71455,0.01912897
13127,79876,0.88546485
13128,17051,0.0088156825
13129,107618,0.20558783
13130,83107,0.5072981
13131,107156,0.0059125572
13132,76261,0.007029523
13133,58844,0.0131263975
13134,87949,0.019060155
13135,55743,0.007029523
13136,19124,0.0035075862
13137,112425,0.11001589
13138,38070,0.002243549
13139,62482,0.033027504
13140,9331,0.45980817
13141,46496,0.0044765603
13142,69177,0.82215583
13143,64722,0.19465666
13144,21009,0.523312
13145,100856,0.40550706
13146,65396,0.0025762145
13147,59932,0.5072981
13148,71826,0.0104701575
13149,53281,0.0006000981
13150,57803,0.00060390704
13151,112553,0.00020925805
13152,38048,0.81498784
13153,73766,0.12634419
13154,106337,0.22588314
13155,24314,0.5787994
13156,95990,0.14401716
13157,80225,0.14401716
13158,26361,0.5072981
13159,53955,0.00033337984
13160,96324,0.13730942
13161,46616,0.13040477
13162,2175,0.59409255
13163,16337,0.00024449654
13164,82480,0.5375059
13165,84775,0.00044769916
13166,72723,0.0025239403
13167,11312,0.031393405
13168,85544,0.23185891
13169,30565,0.0006744556
13170,89372,0.033027504
13171,94779,0.008138208
13172,40997,0.13040477
13173,112040,0.01044007
13174,107323,0.023286212
13175,86308,0.00054187165
13176,40066,0.27470013
13177,40083,0.0015946166
13178,64909,0.027345562
13179,29903,0.375916
13180,71790,0.7616917
13181,85277,0.5787994
13182,53780,0.5427143
13183,22109,0.019013701
13184,81722,0.016528634
13185,66305,0.065039895
13186,72309,0.3619964
13187,43720,0.21979274
13188,49384,0.0054169586
13189,95137,0.007763665
13190,16811,0.0088156825
13191,71093,0.012405036
13192,23234,0.0092549315
13193,26364,0.21979274
13194,10300,0.0033046973
13195,87374,0.31973323
13196,86897,0.14401716
13197,89497,0.71354675
13198,39570,0.27032498
13199,77010,0.009393362
13200,41395,0.13040477
13201,108459,0.00019486906
13202,114789,0.39557743
13203,18054,0.00051118113
13204,33889,0.6077621
13205,91924,0.7616917
13206,59669,0.7481223
13207,50182,0.504411
13208,52376,0.5427143
13209,99156,0.02967053
13210,71287,0.7920622
13211,15824,0.0088156825
13212,50587,0.5787994
13213,17316,0.0088156825
13214,16753,0.0001520745
13215,29865,0.06955133
13216,5161,0.05936022
13217,2603,0.0003298941
13218,107526,0.13730942
13219,58807,0.0123029305
13220,28360,0.5427143
13221,77494,0.12634419
13222,69812,0.0015946166
13223,46021,0.00057956757
13224,84395,0.14401716
13225,13125,0.015228716
13226,73935,0.31932625
13227,31651,0.00884271
13228,55179,0.5072981
13229,10997,0.6000436
13230,94906,0.5427143
13231,79229,0.004382093
13232,78871,0.82215583
13233,5402,0.00083558174
13234,82887,0.031275123
13235,90278,0.7106482
13236,87110,0.14401716
13237,12585,0.44410628
13238,40903,0.25119156
13239,13010,0.00012285686
13240,56504,0.037517305
13241,35494,0.0092549315
13242,30560,0.019602552
13243,55613,0.5072981
13244,49482,0.01474586
13245,52352,0.59409255
13246,63411,0.21865545
13247,87724,0.036180433
13248,90397,0.02612399
13249,39857,0.003411673
13250,20243,0.0088156825
13251,31435,0.012813111
13252,86095,0.00032831123
13253,33782,0.029539535
13254,88846,0.4107991
13255,23886,0.4868459
13256,72728,0.7616917
13257,110479,0.00056829717
13258,90849,0.9621254
13259,26875,0.08334664
13260,113679,0.9153462
13261,61561,0.0012452388
13262,46583,0.13040477
13263,17506,0.858194
13264,24989,0.13040477
13265,76711,0.3619964
13266,4017,0.028931994
13267,21876,0.0054972903
13268,31244,0.0068509015
13269,45054,0.81563526
13270,91328,0.11001589
13271,99947,0.5999409
13272,94801,0.00010820505
13273,100296,0.20558783
13274,51754,0.97461444
13275,92805,0.5375059
13276,66893,0.3619964
13277,11753,0.0019135016
13278,6248,0.14743158
13279,49116,0.5072981
13280,45258,0.00080585823
13281,86894,0.008481337
13282,50891,0.00027848117
13283,73246,0.12634419
13284,53466,0.14401716
13285,42056,0.027606798
13286,43617,0.0012802065
13287,67212,0.7616917
13288,12033,0.49507686
13289,4800,0.15823199
13290,26830,0.5427143
13291,110204,0.8417476
13292,114402,0.03837891
13293,13864,0.1370283
13294,72509,0.009392346
13295,67018,0.007029523
13296,16167,0.0088156825
13297,78392,0.14401716
13298,77130,0.0008061612
13299,98142,0.88546485
13300,79024,0.108328365
13301,77864,0.0016357844
13302,35703,0.004455762
13303,108050,0.8139816
13304,78034,0.0040421546
13305,92895,0.008481337
13306,50470,0.13730942
13307,2213,0.7387657
13308,90939,0.000409194
13309,112097,0.42193875
13310,64410,0.22588314
13311,50204,0.5427143
13312,109669,0.007029523
13313,10662,0.0028135278
13314,79661,5.6177254e-05
13315,41319,0.13040477
13316,2931,0.09335998
13317,26620,0.013143747
13318,93367,0.10240164
13319,58129,0.038769457
13320,70591,0.004376268
13321,91765,0.012808806
13322,75612,0.016528634
13323,36284,0.0006827475
13324,15752,0.028048089
13325,57228,0.6063789
13326,51415,0.6185612
13327,103794,0.034388546
13328,64010,0.12634419
13329,113163,0.0633947
13330,104000,0.025511008
13331,76448,0.7243738
13332,78575,0.00014419646
13333,37575,0.5427143
13334,20626,0.001353865
13335,46773,0.27470013
13336,74247,0.10240164
13337,107145,0.26011735
13338,42750,0.6185612
13339,68655,0.14401716
13340,20170,0.5072981
13341,52855,0.052630268
13342,109380,0.0019135016
13343,12016,0.02604607
13344,93679,0.03837891
13345,93461,0.49364203
13346,36038,0.7057373
13347,65184,0.001468326
13348,43606,0.0092549315
13349,56182,0.0077049853
13350,66264,0.01632905
13351,110533,0.013746379
13352,90804,0.504411
13353,51604,0.01371935
13354,1432,0.0007837655
13355,38478,0.0003158832
13356,722,0.020077558
13357,41455,0.5787994
13358,20627,0.0092549315
13359,55507,0.5427143
13360,20946,0.003006968
13361,83956,0.6185612
13362,114403,0.00039009558
13363,6946,0.019829253
13364,104001,0.007029523
13365,100590,0.3619964
13366,77783,0.17457265
13367,30320,0.6077621
13368,70716,0.5787994
13369,24010,0.0005667347
13370,50291,0.5427143
13371,49678,0.5427143
13372,21978,0.0044722315
13373,41822,0.004376268
13374,25188,0.13040477
13375,97932,0.000113261056
13376,13168,0.072836444
13377,53009,0.19763254
13378,57173,0.10240164
13379,61691,0.8072219
13380,102923,0.6032943
13381,548,0.039320398
13382,28071,0.00020292834
13383,43309,0.001353865
13384,69799,0.3619964
13385,66703,0.005843123
13386,114490,0.75960886
13387,15504,0.3588082
13388,72372,0.27032498
13389,13706,0.016742066
13390,31710,0.0004436122
13391,115235,0.42193875
13392,100998,0.34098592
13393,104336,0.033027504
13394,73621,0.023799386
13395,29131,0.5427143
13396,99302,0.11155692
13397,67424,0.0616587
13398,20330,0.0088156825
13399,88833,0.00023027937
13400,99259,0.14401716
13401,90122,0.1746938
13402,7457,0.022601707
13403,54788,0.00726674
13404,2189,0.8576125
13405,28102,0.013143747
13406,13533,0.001353865
13407,106434,0.3588082
13408,66705,0.006932296
13409,68375,0.5787994
13410,102711,0.026718179
13411,80896,0.6982025
13412,77920,0.0012802065
13413,85200,0.00010820505
13414,67968,0.011011613
13415,73590,0.3619964
13416,99850,0.009519253
13417,109658,0.27032498
13418,16622,0.31973323
13419,208,0.020197285
13420,76905,0.14401716
13421,14601,0.5960657
13422,60841,0.5672082
13423,17621,0.09167843
13424,77491,0.027030254
13425,113186,0.5427143
13426,33650,0.6982025
13427,68483,0.17457265
13428,35420,0.9580782
13429,108218,0.69631094
13430,12417,0.06399289
13431,102212,0.004151303
13432,31937,0.016653307
13433,73725,0.3619964
13434,87530,0.504411
13435,9619,0.0022219012
13436,24469,0.002835869
13437,30888,0.5427143
13438,36188,0.5427143
13439,92679,0.0041553676
13440,99567,0.0017473358
13441,57016,0.4449736
13442,65837,0.00071790867
13443,92782,0.8233484
13444,79821,0.004697797
13445,75233,0.0123029305
13446,50517,0.46285427
13447,87196,0.0007232429
13448,96317,0.5787994
13449,63879,0.06256816
13450,26394,0.5787994
13451,16864,0.002387224
13452,90196,0.0035153013
13453,47116,0.0016753187
13454,81136,0.0015937369
13455,75901,0.061520338
13456,1519,0.004306097
13457,66359,0.000161625
13458,35369,0.13730942
13459,103659,0.0005883188
13460,11900,0.6133949
13461,82460,0.43834177
13462,90371,0.59278125
13463,30928,0.026718179
13464,18315,0.0011769964
13465,58771,0.7481223
13466,102571,0.42487767
13467,36066,0.022940226
13468,46903,0.019013701
13469,94984,0.14401716
13470,22742,0.13730942
13471,113302,0.23185891
13472,74899,0.11250516
13473,78129,0.014237268
13474,2774,0.10499385
13475,59273,0.17013359
13476,70502,0.7051278
13477,4918,0.0054169586
13478,109270,0.012808806
13479,12756,0.41754964
13480,97707,0.0001111467
13481,59302,0.17013359
13482,14058,0.001353865
13483,35117,0.59409255
13484,64681,4.5546476e-05
13485,20789,0.0022640636
13486,110017,0.033027504
13487,107343,0.0067506013
13488,14663,0.5072981
13489,78031,0.25119156
13490,35660,0.5427143
13491,72794,0.52248293
13492,49752,0.01583257
13493,61192,0.012808806
13494,91442,0.8313084
13495,6016,0.05138559
13496,96466,0.5787994
13497,15429,0.084790766
13498,115283,0.0026340506
13499,98,0.26647896
13500,74589,0.00080393266
13501,111579,0.034388546
13502,88454,0.7602656
13503,97849,0.3619964
13504,109703,0.0015559508
13505,30235,0.009379946
13506,54105,0.033661835
13507,48929,0.5787994
13508,42154,0.13040477
13509,9351,0.0009939068
13510,92532,0.3619964
13511,49331,0.6982126
13512,51458,0.029565545
13513,107160,0.001539836
13514,113966,0.65744025
13515,112564,0.8139816
13516,75291,0.82215583
13517,104408,0.5999409
13518,95429,0.032022864
13519,75832,0.027606798
13520,554,0.0005679847
13521,97355,0.022053696
13522,96825,0.39557743
13523,54884,0.032022864
13524,88868,0.033027504
13525,40791,0.0010818559
13526,72445,0.033027504
13527,86557,0.0042011044
13528,42580,0.21979274
13529,37864,0.16627684
13530,47161,0.021425985
13531,33257,0.6077621
13532,44558,0.13040477
13533,4375,0.020197285
13534,85942,0.7481223
13535,69488,0.032762922
13536,26309,0.20558783
13537,34195,0.5427143
13538,20650,0.02275957
13539,4725,0.7895489
13540,12243,0.0023082397
13541,81670,0.0027553693
13542,52692,0.007029523
13543,74528,0.14401716
13544,25234,0.008708272
13545,86233,0.6063789
13546,73008,0.6063789
13547,66186,0.1463934
13548,91838,0.5787994
13549,45654,0.649481
13550,106594,0.004928952
13551,79174,0.022169856
13552,82726,0.039320398
13553,77732,0.5427143
13554,97237,0.10240164
13555,301,0.040206905
13556,109496,0.8417476
13557,39346,0.4700601
13558,67074,0.023919187
13559,43721,0.13730942
13560,68143,0.00053449615
13561,29734,0.12634419
13562,89847,0.011997303
13563,41899,0.04823579
13564,43195,3.9878705e-05
13565,76726,0.0016357844
13566,35451,0.033661835
13567,108134,0.9688393
13568,85647,0.0024172592
13569,91138,0.1746938
13570,36856,0.0131263975
13571,38971,0.032022864
13572,85526,0.31973323
13573,109256,0.31932625
13574,46353,0.0102000525
13575,91104,0.7920622
13576,21279,0.5787994
13577,9822,0.62831575
13578,77020,0.033027504
13579,2995,0.040206905
13580,84396,0.7481223
13581,40417,0.0002469125
13582,14017,0.23185891
13583,46590,0.00039129148
13584,62751,0.8065387
13585,100230,0.31973323
13586,76626,0.36297506
13587,40965,0.014433683
13588,45775,0.65522355
13589,27159,0.01017783
13590,57357,0.7616917
13591,91115,0.88752764
13592,85790,0.5072981
13593,98518,0.8966814
13594,114681,0.016528634
13595,52789,0.0005417838
13596,43969,0.13040477
13597,105886,0.025511008
13598,43568,0.48939523
13599,76618,0.0007404428
13600,57595,0.48317924
13601,9894,0.0005584075
13602,100639,0.74324876
13603,19205,0.0001520745
13604,12202,0.011166173
13605,110973,0.3588082
13606,40633,0.0024094253
13607,106914,0.5999409
13608,82875,0.3619964
13609,43972,0.13040477
13610,32091,0.0025762145
13611,34722,0.5072981
13612,108236,0.13730942
13613,75416,0.18456551
13614,56833,0.5427143
13615,7703,0.0017537593
13616,20873,0.7671338
13617,113550,0.0078622205
13618,70858,0.033027504
13619,106920,0.03714765
13620,62972,0.14401716
13621,59783,0.0025762145
13622,206,0.00015620844
13623,57840,0.023799386
13624,76616,0.032022864
13625,25715,0.0041992
13626,96877,0.018601326
13627,48378,0.23713417
13628,81310,0.0016839211
13629,44579,0.01371935
13630,7794,0.035684522
13631,5348,0.029340554
13632,29463,0.061520338
13633,26689,0.0045743547
13634,15798,0.5787994
13635,66746,0.00054187165
13636,60569,0.057965633
13637,83321,0.0053904853
13638,114316,0.81058615
13639,104153,0.06039743
13640,109854,3.7594764e-05
13641,26358,0.0029131933
13642,113787,0.89779866
13643,54209,0.5427143
13644,99126,0.26011735
13645,112753,0.011600402
13646,65767,0.00085262227
13647,10199,0.00055482617
13648,58840,0.13730942
13649,47442,0.006006337
13650,91675,0.7920622
13651,3239,0.056783542
13652,65240,0.007029523
13653,74147,0.08290729
13654,51969,0.007029523
13655,107353,0.0030137459
13656,76013,0.6982025
13657,4663,0.013370362
13658,26208,0.059469096
13659,86469,0.3619964
13660,62421,0.00033226295
13661,3294,0.05184201
13662,48161,0.003411673
13663,112352,0.59409255
13664,44050,0.8072219
13665,95390,0.02155596
13666,7863,0.059773423
13667,66648,0.0016357844
13668,34907,0.018931476
13669,1586,0.0050943755
13670,84559,0.7616917
13671,106970,0.20558783
13672,54904,0.5427143
13673,1281,0.3857383
13674,51372,0.5072981
13675,93298,0.3619964
13676,94031,0.23201084
13677,52782,0.0025674966
13678,72291,0.43834177
13679,27421,0.21979274
13680,110070,0.01017783
13681,69385,0.033027504
13682,110661,0.0035041845
13683,100076,0.10187763
13684,34689,0.5427143
13685,6753,0.025764976
13686,58272,0.8072219
13687,14428,0.04543586
13688,84874,0.016528634
13689,51004,0.021854846
13690,776,0.027050344
13691,1102,0.02055002
13692,98477,0.5999409
13693,36681,0.59409255
13694,100588,0.02442155
13695,8135,0.0013665056
13696,58814,0.27636027
13697,101455,0.00042815396
13698,75023,0.11250516
13699,48647,0.7481223
13700,108422,0.06115445
13701,53451,0.01486506
13702,35690,0.22588314
13703,66000,0.0052276957
13704,109349,1.7134498e-05
13705,107569,0.01017783
13706,23286,0.013143747
13707,101963,0.005185175
13708,115470,0.00010820505
13709,79817,0.49550277
13710,29909,0.6077621
13711,94915,0.0004301208
13712,67716,0.3619964
13713,32596,0.5427143
13714,85344,0.0012306378
13715,10506,0.024047464
13716,66148,0.0031033724
13717,29766,0.00019288626
13718,31101,0.008132936
13719,6026,0.0016325426
13720,68720,0.005185175
13721,11316,0.020197285
13722,20091,7.2083734e-05
13723,98213,0.00011439346
13724,105337,0.0059125572
13725,21249,0.02275957
13726,92783,0.2507172
13727,106004,7.9680154e-05
13728,7466,0.0035316062
13729,17374,0.00054187165
13730,57716,0.5672082
13731,75679,0.6982025
13732,77074,0.084354386
13733,26647,0.0011353289
13734,73963,0.5072981
13735,89431,0.12634419
13736,71707,0.0053904853
13737,34883,0.0002548227
13738,42746,0.007029523
13739,48415,0.032022864
13740,73591,0.3619964
13741,55547,0.8865087
13742,5739,0.7231015
13743,63275,0.000104839775
13744,10624,0.020077558
13745,87982,0.014590426
13746,102560,0.01872234
13747,98101,0.055310417
13748,1105,0.020077558
13749,19194,0.0027499686
13750,24074,0.00090594613
13751,110905,0.3588082
13752,110724,0.9452984
13753,30685,0.6077621
13754,50984,0.5072981
13755,38822,0.0017752209
13756,112136,0.26011735
13757,97785,0.7602656
13758,46027,0.001353865
13759,86877,0.00128457
13760,92279,0.033027504
13761,19944,0.0039189574
13762,112385,0.7616338
13763,56086,0.7616917
13764,6684,0.022601707
13765,72338,0.12634419
13766,79537,0.019060155
13767,106580,0.012405036
13768,113060,0.5427143
13769,69876,0.012808806
13770,91127,0.88752764
13771,104493,0.70420945
13772,3481,0.01371935
13773,29207,0.9512673
13774,96082,0.8865087
13775,21685,0.3387435
13776,28386,0.006932296
13777,70314,0.31973323
13778,103396,0.7616338
13779,59833,0.19465666
13780,83387,0.0007722166
13781,67404,0.7739774
13782,58026,0.5427143
13783,94436,0.12634419
13784,103279,0.3588082
13785,114155,0.014023372
13786,36979,0.5072981
13787,86866,0.0005586415
13788,27195,0.0092549315
13789,82630,0.504411
13790,32157,0.12634419
13791,23565,0.49550277
13792,76026,0.23185891
13793,69671,0.031823326
13794,97654,0.88752764
13795,31465,0.5427143
13796,77876,0.9422598
13797,95882,0.007029523
13798,34801,0.00013085586
13799,27249,0.20558783
13800,53611,0.13730942
13801,10269,0.01371935
13802,86773,0.14401716
13803,18684,0.6771808
13804,50202,0.0005696217
13805,105034,0.31973323
13806,99884,0.14401716
13807,20491,0.003006968
13808,72071,0.13730942
13809,56547,0.0059368378
13810,52570,0.31973323
13811,84111,0.82215583
13812,23951,0.6077621
13813,105196,0.6485016
13814,24220,0.0020794235
13815,103470,0.5999409
13816,44322,0.00010089703
13817,29017,0.5427143
13818,4345,0.0012047562
13819,682,0.034433797
13820,55295,0.0059368378
13821,28994,0.59409255
13822,11434,0.020744335
13823,29239,0.5427143
13824,9404,0.018432667
13825,73179,0.033027504
13826,44872,0.016653307
13827,102478,0.0006391695
13828,73720,0.43834177
13829,14921,0.005778605
13830,113237,0.7879012
13831,9666,0.88008237
13832,96159,0.022675619
13833,95954,0.00020051107
13834,55362,0.5427143
13835,21130,0.01017783
13836,32607,0.013143747
13837,88100,0.36704037
13838,83544,0.033027504
13839,64718,0.0034516482
13840,17860,0.0045587593
13841,112104,0.001773659
13842,66577,0.10240164
13843,14800,0.4107991
13844,73505,0.006333401
13845,72824,0.3619964
13846,24867,0.0066498383
13847,12446,0.002778161
13848,105702,0.65751773
13849,11430,0.056950733
13850,93719,0.49550277
13851,53945,0.005541767
13852,51626,0.5427143
13853,83428,0.5375059
13854,41633,0.020547971
13855,100095,0.0026927718
13856,84892,0.21865545
13857,70982,0.12634419
13858,31069,0.5072981
13859,84227,0.14401716
13860,97334,0.0005007653
13861,15251,0.044409733
13862,38391,0.011013165
13863,107589,0.028048089
13864,61443,0.0088156825
13865,55695,0.5427143
13866,101451,0.005913723
13867,92785,0.14401716
13868,96559,0.00021885385
13869,5422,0.0032786948
13870,80516,0.0024172592
13871,18913,0.39557743
13872,66431,0.0016357844
13873,76311,0.0070438194
13874,95367,0.59409255
13875,38388,0.5787994
13876,31449,0.31973323
13877,3951,0.028931994
13878,3039,0.8688992
13879,53868,0.5787994
13880,112491,0.21865545
13881,7389,0.028931994
13882,29802,0.72096616
13883,21253,0.0088156825
13884,69966,0.12634419
13885,104267,0.547256
13886,40073,9.6016214e-05
13887,45239,0.0015244953
13888,100913,0.034388546
13889,8600,0.0028135278
13890,32519,0.6077621
13891,49266,0.61799353
13892,29921,0.6077621
13893,50102,0.27470013
13894,68844,0.31932625
13895,63971,7.480977e-05
13896,111940,0.0020744423
13897,240,0.00039733507
13898,51503,0.03714765
13899,86535,0.000508977
13900,90774,0.0024896516
13901,1879,0.023694726
13902,102296,0.65744025
13903,3787,0.4039887
13904,77600,0.14401716
13905,34036,0.006333401
13906,110675,0.0029174152
13907,64862,0.0011667713
13908,29595,0.82215583
13909,59837,0.008132936
13910,38921,0.013143747
13911,49869,0.5427143
13912,31237,0.6077621
13913,21742,0.0026270696
13914,98386,0.48301587
13915,103339,0.0072582033
13916,102189,0.14401716
13917,28359,0.0011746158
13918,85873,0.09171479
13919,94286,0.0018592683
13920,57713,0.13730942
13921,13303,0.061520338
13922,99729,0.3588082
13923,69464,0.08290729
13924,21971,0.61799353
13925,81820,0.62946284
13926,16411,0.016521992
13927,64727,0.0014922644
13928,91893,0.011305415
13929,67000,0.12634419
13930,53356,0.5427143
13931,44210,0.0092549315
13932,108325,0.31932625
13933,80336,0.3588082
13934,35382,0.5427143
13935,107652,0.5999409
13936,17965,0.043799154
13937,88549,0.00071102096
13938,71430,0.0029017213
13939,36289,0.0673286
13940,48725,0.27470013
13941,24279,0.004376268
13942,41,0.12634419
13943,94280,0.007763665
13944,58149,0.033027504
13945,35925,0.00056578557
13946,103883,0.012808806
13947,81427,0.14401716
13948,45566,0.0031593165
13949,12409,0.00043506676
13950,6062,0.00884271
13951,73057,0.43834177
13952,87729,0.31932625
13953,37632,0.52248293
13954,97971,0.0025138694
13955,66175,0.001843305
13956,113424,0.12634419
13957,58183,0.5427143
13958,68638,0.0022111223
13959,64195,0.19465666
13960,15595,0.016521992
13961,112478,0.00050501735
13962,91054,0.15668462
13963,94896,0.00010820505
13964,65454,0.00054187165
13965,68602,0.3619964
13966,82478,0.7920622
13967,56213,0.3922606
13968,20676,0.6982025
13969,68270,0.022614978
13970,81140,0.34098592
13971,5880,0.034629997
13972,1510,0.3857383
13973,104337,0.81563526
13974,74023,0.00013029121
13975,89731,0.029243568
13976,68737,0.3619964
13977,91674,0.122441195
13978,71770,0.3619964
13979,102540,0.08609876
13980,29053,0.005364075
13981,82142,0.005185175
13982,30180,0.033121984
13983,93135,0.5787994
13984,72393,0.7616917
13985,76589,0.005339724
13986,31659,0.008132936
13987,67997,0.011011613
13988,101798,0.00079142634
13989,56255,0.5072981
13990,103488,0.00018352401
13991,99653,0.57065606
13992,77959,0.5072981
13993,89511,0.0614554
13994,30321,0.16627684
13995,2670,0.029926157
13996,108998,8.100146e-05
13997,40679,0.46285427
13998,69135,0.033027504
13999,64854,0.4377116
14000,108336,0.017411998
14001,48566,0.10240164
14002,79354,0.000320294
14003,60054,0.033027504
14004,85777,0.020299146
14005,114166,0.063201606
14006,84720,0.011863592
14007,45402,0.013265102
14008,26513,0.62831575
14009,61301,0.6982025
14010,21600,0.015545429
14011,54628,0.5072981
14012,90090,0.0025762145
14013,8795,0.006217278
14014,79296,0.000585215
14015,97618,0.14401716
14016,109567,0.0005892905
14017,64581,0.003578549
14018,6605,0.73766655
14019,42834,0.13730942
14020,31786,0.31973323
14021,35193,0.028048089
14022,98426,0.59278125
14023,114778,0.0010794804
14024,7753,0.022601707
14025,114583,0.22588314
14026,33520,0.7057373
14027,36449,0.0060585644
14028,110728,0.74324876
14029,98620,0.7602656
14030,76535,0.006932296
14031,60796,0.032232128
14032,53894,0.033027504
14033,97224,0.3619964
14034,24054,0.001353865
14035,44740,0.005374115
14036,110518,0.033027504
14037,20343,0.007447375
14038,9394,0.09673064
14039,59559,0.0009948967
14040,98602,0.19737954
14041,77903,0.00054187165
14042,38102,0.0147029925
14043,77359,0.19465666
14044,103421,0.011992719
14045,69486,0.033027504
14046,37511,0.0060585644
14047,19780,0.8848291
14048,103440,0.025511008
14049,46976,0.7624394
14050,110609,0.504411
14051,2829,0.040206905
14052,36050,0.04361101
14053,84147,0.0022096753
14054,84262,0.018044394
14055,15414,0.3922606
14056,55340,0.5427143
14057,20360,0.0131263975
14058,66341,0.0019912887
14059,87992,0.0614554
14060,61772,0.0012073296
14061,65861,0.001983336
14062,85597,0.0029894288
14063,61652,0.021318514
14064,50346,0.007029523
14065,42424,0.7295774
14066,94019,0.70420945
14067,98781,0.076594226
14068,60917,0.012808806
14069,33344,0.022115959
14070,41310,0.009592123
14071,28004,0.5427143
14072,92352,0.54492104
14073,48317,0.0025762145
14074,34915,0.003935671
14075,108360,0.3619964
14076,74898,0.003935671
14077,45399,0.019013701
14078,44816,0.21979274
14079,87542,0.21979274
14080,38789,0.62831575
14081,115206,0.11982748
14082,45039,0.00012559605
14083,51857,0.00580908
14084,79705,0.6472324
14085,42632,0.020547971
14086,57297,0.00053876254
14087,12207,0.44410628
14088,101725,0.0036728077
14089,101591,7.013151e-05
14090,1751,0.029340554
14091,97863,0.026588343
14092,39460,0.0015681417
14093,73094,0.7051278
14094,23189,0.013143747
14095,2302,0.040206905
14096,21083,0.03677497
14097,49072,0.59409255
14098,80718,0.9930442
14099,85433,0.007029523
14100,49698,0.0038557483
14101,101718,0.0024328504
14102,85149,0.00097636535
14103,114748,0.6077621
14104,12862,0.0003442816
14105,23090,0.21865545
14106,35838,0.5787994
14107,46277,0.0040797824
14108,33391,0.0068509015
14109,6505,0.0054169586
14110,114436,0.70420945
14111,91155,0.21979274
14112,103618,0.52248293
14113,72399,0.008132936
14114,67769,0.31932625
14115,32386,0.008138208
14116,94263,0.29056785
14117,5034,0.0054169586
14118,28217,0.5427143
14119,54267,0.033027504
14120,70962,0.5787994
14121,84055,0.14401716
14122,34511,0.59409255
14123,25678,0.65522355
14124,40189,0.03087039
14125,27458,0.5427143
14126,62189,0.9572552
14127,55078,0.013051755
14128,90659,0.14401716
14129,41143,0.013143747
14130,106785,0.0022117852
14131,14055,0.0051087826
14132,62488,0.013143747
14133,65926,0.22588314
14134,85653,0.3619964
14135,68085,0.07400991
14136,102555,5.994815e-05
14137,111481,0.0062839175
14138,112229,0.7616338
14139,92760,0.14401716
14140,13251,0.016521992
14141,10918,0.5787994
14142,84337,0.5787994
14143,95471,0.16627684
14144,44844,0.00028049914
14145,3030,0.008072244
14146,17170,0.56752956
14147,47610,0.7957152
14148,110564,0.0005458666
14149,58515,0.13730942
14150,5514,0.7463245
14151,19724,0.523312
14152,11150,0.20019254
14153,64212,0.9670699
14154,82099,0.033027504
14155,101998,0.007029523
14156,36019,0.59409255
14157,89727,0.01376545
14158,18010,0.523312
14159,87282,0.0026927718
14160,98574,0.0032852897
14161,61425,0.25119156
14162,102688,0.002731237
14163,67746,0.016939042
14164,99599,0.5999409
14165,96896,0.13730942
14166,10428,0.0054169586
14167,105142,0.0001653903
14168,25532,0.21979274
14169,78990,0.4107991
14170,8393,0.05663376
14171,50488,0.00062649924
14172,115413,0.14335498
14173,61916,0.00080393266
14174,53244,0.25119156
14175,98498,0.021641083
14176,34621,0.6982025
14177,80701,0.0065211
14178,55889,0.7616917
14179,95377,0.14401716
14180,14158,4.4074382e-05
14181,66048,0.005541767
14182,101155,0.00027324373
14183,64245,0.00080585823
14184,27359,0.0017342848
14185,64110,0.00084398186
14186,43395,0.013265102
14187,45987,0.13040477
14188,27653,0.001773659
14189,16775,0.008625573
14190,29736,0.017054755
14191,71750,0.0022111223
14192,63279,0.013143747
14193,76286,0.02961867
14194,61186,0.13730942
14195,104198,0.0014302002
14196,29238,0.1449014
14197,77507,0.981544
14198,20901,0.0015635095
14199,89226,0.0002919362
14200,49843,0.59409255
14201,65549,0.00054187165
14202,82456,0.85749614
14203,11340,0.0043055713
14204,40733,0.61799353
14205,23721,0.042725142
14206,34396,0.6185612
14207,30113,0.23185891
14208,78354,0.22588314
14209,108564,0.5999409
14210,82573,0.11250516
14211,61638,0.82215583
14212,4320,0.033438776
14213,40768,0.61799353
14214,43162,0.007141663
14215,40970,0.0092549315
14216,94092,0.005541767
14217,52005,0.6063789
14218,73845,0.59409255
14219,35765,0.0011524118
14220,98572,0.0032157276
14221,98792,0.022750335
14222,103263,0.31973323
14223,76086,0.0056088557
14224,7484,5.5870165e-05
14225,29990,0.59409255
14226,57914,0.029565545
14227,48966,0.0023111273
14228,24120,0.49550277
14229,8813,0.0005566436
14230,89286,0.00054187165
14231,87885,0.3619964
14232,83176,0.14401716
14233,2753,0.015673688
14234,110206,0.8139816
14235,4712,0.20190752
14236,114258,0.0005586415
14237,111230,0.025438204
14238,25134,0.008309482
14239,114174,0.00092854234
14240,89563,0.88546485
14241,87154,0.7220712
14242,101085,0.59278125
14243,78748,0.0006602146
14244,59586,0.6185612
14245,78477,0.31973323
14246,32711,0.25119156
14247,28771,0.0023422362
14248,28556,0.0023082397
14249,63301,0.01017783
14250,59713,0.0046426766
14251,108132,0.13730942
14252,6269,0.51642954
14253,43885,0.21979274
14254,24934,0.0131263975
14255,107348,0.033027504
14256,91481,0.3619964
14257,54236,0.0131263975
14258,38344,0.52248293
14259,17229,0.7671338
14260,2930,0.09335998
14261,37142,0.6185612
14262,88219,0.39557743
14263,8959,0.0054169586
14264,46157,0.0034141187
14265,77125,0.12634419
14266,64297,0.019602552
14267,67179,0.487051
14268,93404,0.034388546
14269,2482,0.05184201
14270,103307,0.0017237779
14271,109609,0.033027504
14272,58000,0.00034245828
14273,21699,3.3271543e-05
14274,106341,0.00017212145
14275,166,0.7888377
14276,79381,0.0040972005
14277,24516,0.019013701
14278,16375,0.0028902118
14279,11736,0.0004168774
14280,13206,0.10756271
14281,99218,0.26011735
14282,40782,0.8590712
14283,59031,0.18456551
14284,79402,0.70420945
14285,40461,0.016528634
14286,16842,0.523312
14287,12926,0.045445696
14288,104192,0.65751773
14289,49897,0.504411
14290,68924,0.00029742572
14291,67169,0.8233484
14292,9330,0.69758046
14293,43550,0.81498784
14294,115233,0.0007502679
14295,40957,0.504411
14296,11673,0.09917402
14297,92412,0.10240164
14298,2823,0.00077433884
14299,55934,0.5427143
14300,94310,0.00024106151
14301,78667,0.013113673
14302,87844,0.005185175
14303,31941,0.3387435
14304,68067,0.5787994
14305,37872,0.006380819
14306,14824,0.006590371
14307,30931,0.24478038
14308,79481,4.5928904e-05
14309,77749,0.009599542
14310,34002,0.025606757
14311,91235,0.504411
14312,83282,0.3619964
14313,9234,0.02452263
14314,41134,0.0010284387
14315,93411,0.71354675
14316,105828,0.36848506
14317,2344,0.02154932
14318,59071,0.00010820505
14319,91179,0.5787994
14320,7306,0.78215474
14321,96680,0.01017783
14322,12191,0.6771808
14323,30913,0.5787994
14324,80699,0.31973323
14325,76463,0.14401716
14326,73498,0.3619964
14327,92345,0.14401716
14328,3238,0.59409255
14329,16323,0.0008580949
14330,101687,0.70420945
14331,54159,0.59409255
14332,106460,0.72096616
14333,85668,0.5787994
14334,70699,0.00011117786
14335,39462,0.011792064
14336,17145,0.0012307339
14337,24218,0.0048150397
14338,19855,0.8688992
14339,103425,0.6077621
14340,50094,0.01371935
14341,67732,0.038752552
14342,46398,0.21979274
14343,72812,0.7829698
14344,76216,0.037220772
14345,91227,0.7553353
14346,47924,0.5427143
14347,12561,0.0002350381
14348,44494,0.033661835
14349,45225,0.5787994
14350,31350,0.10010698
14351,82539,0.00024580242
14352,85223,0.14401716
14353,112576,0.7616338
14354,83932,0.0031405988
14355,19767,0.01371935
14356,1559,0.68698704
14357,25870,0.21979274
14358,26183,0.004455762
14359,58629,0.5427143
14360,70863,0.5375059
14361,90570,0.12634419
14362,29746,0.002997129
14363,16815,0.006032224
14364,11651,0.08930279
14365,64034,0.022940226
14366,14975,0.0021588574
14367,77289,0.0035153013
14368,36197,0.0007320619
14369,46949,0.0035889067
14370,97306,0.37642527
14371,91731,0.033027504
14372,94852,0.5427143
14373,3373,0.034433797
14374,63685,0.00084398186
14375,40931,0.032823958
14376,56422,0.030173529
14377,20306,0.03087039
14378,1961,0.09335998
14379,83501,0.027606798
14380,101745,0.14401716
14381,3768,0.00033986915
14382,41203,0.001353865
14383,103061,0.71354675
14384,91358,0.7616917
14385,113985,0.0010725245
14386,50161,0.0059368378
14387,105410,0.19465666
14388,71479,0.007029523
14389,93712,0.16627684
14390,34042,0.025606757
14391,102224,0.033027504
14392,53019,0.13730942
14393,41277,0.8590712
14394,103550,0.5999409
14395,41111,0.018444546
14396,67435,0.14768377
14397,76651,0.3619964
14398,105112,0.42193875
14399,78191,0.01017783
14400,2196,0.10499385
14401,99680,0.002838057
14402,15439,0.00047626384
14403,31423,0.013143747
14404,41342,0.62831575
14405,43529,0.7624394
14406,100248,0.0003102101
14407,110117,0.00031056404
14408,52857,0.008132936
14409,32093,0.6185612
14410,114477,0.0062839175
14411,56862,0.5427143
14412,47156,0.001353865
14413,51733,0.17013359
14414,40228,0.5787994
14415,91495,0.008732731
14416,16579,0.06290693
14417,87057,0.70472854
14418,105093,0.7616338
14419,80390,0.7920622
14420,46867,0.00085262227
14421,26850,0.013143747
14422,69597,0.0005912295
14423,77337,0.12634419
14424,38938,0.004287459
14425,109106,0.39584038
14426,99183,0.63507825
14427,71008,0.0024896516
14428,44782,0.16479003
14429,96633,0.033027504
14430,106040,0.10240164
14431,12858,0.00021992967
14432,34232,0.6185612
14433,3056,0.00068218785
14434,37646,0.21979274
14435,7078,0.0006955416
14436,21040,0.0030654797
14437,85963,0.015428621
14438,25331,0.13040477
14439,43536,0.0011829293
14440,83055,0.5072981
14441,102281,0.31973323
14442,49088,0.9572552
14443,75918,0.033027504
14444,83564,0.00023325504
14445,19472,0.5072981
14446,115027,0.10756271
14447,45740,0.029382886
14448,62163,0.033027504
14449,1864,0.008876673
14450,73700,0.3619964
14451,72189,0.19465666
14452,73587,0.010751739
14453,59901,0.8210756
14454,74107,0.89112633
14455,11893,0.27636027
14456,98394,0.5999409
14457,113449,0.8368462
14458,43184,0.0046426766
14459,30382,0.5427143
14460,38445,0.00090019364
14461,58061,0.5427143
14462,46669,0.0005405399
14463,70891,0.27470013
14464,85343,0.52248293
14465,113826,0.39557743
14466,16564,0.0003476403
14467,65504,0.01278899
14468,62888,0.032232128
14469,31571,0.008263774
14470,71063,0.0005159557
14471,15567,0.8214854
14472,7698,0.04065975
14473,3731,0.094868705
14474,63995,0.49550277
14475,37109,0.31973323
14476,102914,0.7602656
14477,24566,0.021035152
14478,97640,0.7553353
14479,32244,0.046199236
14480,66073,0.12634419
14481,30390,0.5427143
14482,111505,0.008132936
14483,108825,0.0037813291
14484,95150,0.00029012212
14485,23554,0.033661835
14486,40707,0.7057373
14487,92167,0.7616917
14488,104864,0.004570986
14489,67194,0.19465666
14490,55015,0.0013259805
14491,56513,0.5427143
14492,70523,0.5787994
14493,15952,0.7439202
14494,40429,0.038769457
14495,81030,0.3922606
14496,8868,0.0334506
14497,68852,0.3619964
14498,78333,0.043095794
14499,15490,0.00023026332
14500,8159,0.0054169586
14501,90534,0.3619964
14502,22185,0.015571487
14503,86479,0.3619964
14504,97619,0.00054187165
14505,96393,0.88752764
14506,83277,0.012808806
14507,31257,0.22564824
14508,105386,0.10187763
14509,88658,0.024083555
14510,111221,0.036027845
14511,79720,0.3588082
14512,53529,0.31973323
14513,64542,0.0022111223
14514,33473,0.007099019
14515,102080,0.88546485
14516,44875,0.016565625
14517,32445,0.018510072
14518,107065,0.00071790867
14519,111990,0.01017783
14520,580,0.504411
14521,80119,0.043095794
14522,108428,0.5980179
14523,84656,0.31932625
14524,24965,0.01017783
14525,105704,0.033027504
14526,4681,0.034433797
14527,79493,0.3619964
14528,63014,0.17457265
14529,23449,0.008499368
14530,36025,0.59409255
14531,54618,0.0046774005
14532,71036,0.7616917
14533,5390,0.020197285
14534,74978,0.5072981
14535,72076,0.0796306
14536,99234,0.00044928162
14537,1025,0.020197285
14538,26683,0.007099019
14539,71123,0.00030090567
14540,32832,0.013143747
14541,61542,0.008592238
14542,23535,0.0024094253
14543,70457,0.27032498
14544,76182,0.14401716
14545,63048,0.013143747
14546,50219,0.033027504
14547,52832,0.49550277
14548,92751,0.7220712
14549,309,0.009782592
14550,69440,0.021033138
14551,71293,0.00054373185
14552,77874,0.4107991
14553,19662,0.005423205
14554,15281,0.0088156825
14555,113384,0.029579176
14556,5600,0.008021838
14557,8878,0.0054226676
14558,9342,0.011992719
14559,110755,0.012808806
14560,27477,0.016653307
14561,56411,0.004414493
14562,28493,0.7957152
14563,14708,0.0019135016
14564,30826,0.023674505
14565,14794,0.01376545
14566,92239,0.9621254
14567,83517,4.9054375e-05
14568,15799,0.523312
14569,99818,0.5497329
14570,87707,0.7616917
14571,114105,0.0005713563
14572,29205,0.039320398
14573,106861,0.006578858
14574,94763,0.038752552
14575,90733,0.026015587
14576,85351,0.0013112606
14577,48803,0.003323753
14578,38446,0.61799353
14579,11096,0.019068945
14580,55842,0.8072219
14581,67773,0.008961343
14582,37612,0.014611502
14583,66674,0.3582536
14584,31601,0.6077621
14585,109621,0.0046145217
14586,15055,0.00025231516
14587,17680,0.008625573
14588,83024,0.00039272165
14589,39457,0.006333401
14590,60702,0.14401716
14591,39023,0.1198357
14592,30684,0.01583257
14593,41979,0.88184494
14594,34608,0.8590712
14595,38975,0.001353865
14596,33959,0.5787994
14597,113696,0.00084809004
14598,86108,0.031092249
14599,42269,0.13040477
14600,12294,0.011360723
14601,34893,0.0020178717
14602,17356,0.002387224
14603,84130,0.3619964
14604,113360,0.39557743
14605,94304,0.0033865822
14606,40644,0.16627684
14607,18827,0.00077433884
14608,12761,0.007029523
14609,31137,0.5427143
14610,24043,0.013143747
14611,98194,0.4104831
14612,78472,0.005185175
14613,26408,0.016565625
14614,47385,0.0131263975
14615,61968,0.038769457
14616,80943,0.42193875
14617,95462,0.14401716
14618,7192,0.0007903494
14619,68481,0.4107991
14620,100815,0.22588314
14621,75251,0.12634419
14622,42136,0.0018221344
14623,109782,0.8368462
14624,108241,0.5999409
14625,108487,0.70420945
14626,109725,0.030338515
14627,77313,0.7739774
14628,52231,0.5787994
14629,18437,0.004306097
14630,88883,0.504411
14631,83651,0.6185612
14632,56288,0.000403471
14633,68212,0.006590371
14634,94925,0.017782997
14635,101284,0.5999409
14636,95543,0.6878115
14637,88696,0.0035153013
14638,89297,0.14401716
14639,80728,0.00078419765
14640,54115,0.033661835
14641,18999,0.001353865
14642,38855,0.001353865
14643,51499,0.0104701575
14644,54535,0.011709839
14645,103170,0.14121832
14646,17496,0.001353865
14647,53650,0.5427143
14648,74186,0.31932625
14649,7784,0.81498784
14650,75932,0.82215583
14651,11770,0.00054187165
14652,28034,0.0006733413
14653,108551,0.43834177
14654,18021,0.0027499686
14655,89787,0.0053904853
14656,50837,0.31973323
14657,79338,0.20008291
14658,74841,0.032022864
14659,49748,0.31973323
14660,110740,0.52364886
14661,10535,0.5960122
14662,8346,0.09970423
14663,62232,0.14401716
14664,213,0.001353865
14665,79183,0.7920622
14666,35072,0.034303382
14667,9634,0.7895489
14668,48164,0.0092549315
14669,83119,0.0016183208
14670,88091,0.3619964
14671,19424,0.0003860938
14672,13978,0.0018256658
14673,48709,0.5444716
14674,113437,0.10240164
14675,91767,0.08802684
14676,92076,0.1296621
14677,104681,0.3619964
14678,112447,0.3153181
14679,26684,0.097158805
14680,18130,0.7391453
14681,54832,0.61799353
14682,16391,0.016521992
14683,51963,0.06379404
14684,102293,0.65744025
14685,97938,0.04361101
14686,73984,0.7481223
14687,70651,0.0002397079
14688,94663,0.27470013
14689,9816,0.05286063
14690,60821,0.5072981
14691,89134,0.7616917
14692,37039,0.61799353
14693,75296,0.007480808
14694,87077,0.8072219
14695,89589,0.0078008794
14696,101943,0.8139816
14697,28398,0.31973323
14698,15802,0.063240916
14699,32578,0.026718179
14700,55171,0.0096385535
14701,27712,0.032821257
14702,32341,0.12634419
14703,24270,0.019013701
14704,71141,0.3619964
14705,69634,0.3619964
14706,86678,0.0614554
14707,26137,0.011324875
14708,50978,0.0068646325
14709,70265,0.0046327054
14710,81881,0.033027504
14711,70973,0.00057249586
14712,78090,0.44410628
14713,98395,0.050900344
14714,68639,0.033027504
14715,39711,0.0026656725
14716,89142,0.027030254
14717,105134,0.37642527
14718,41694,0.013143747
14719,99371,0.011590193
14720,12718,0.523312
14721,56216,0.5427143
14722,4561,0.0035316062
14723,39453,0.003935671
14724,98296,0.74545777
14725,15297,0.5787994
14726,35741,0.59409255
14727,14584,0.00011079581
14728,38843,0.820729
14729,47255,0.52248293
14730,9768,0.0028135278
14731,30418,0.010948139
14732,83312,0.000192597
14733,52722,0.007029523
14734,19821,0.8072219
14735,66228,0.007029523
14736,92920,0.6982126
14737,96960,0.00052555726
14738,73042,0.12634419
14739,28889,0.81498784
14740,115433,3.1240736e-05
14741,44702,0.0131263975
14742,7892,0.022601707
14743,7363,0.05936022
14744,70400,0.097158805
14745,2124,0.08992581
14746,6692,0.05184201
14747,68763,0.3619964
14748,105608,0.22588314
14749,59583,0.61799353
14750,71052,0.16627684
14751,48016,0.012405036
14752,67733,0.820729
14753,67539,0.0022111223
14754,65369,0.89112633
14755,30917,0.0035153013
14756,12382,0.16627684
14757,99560,0.13730942
14758,61470,0.012808806
14759,109459,0.036027845
14760,77157,0.22901475
14761,44924,0.0131263975
14762,34613,0.03087039
14763,56444,0.6063789
14764,90956,0.7616917
14765,67461,0.033027504
14766,110249,0.052030146
14767,15491,0.00048518865
14768,89014,0.009636036
14769,115192,0.0016134646
14770,20559,0.89158785
14771,107708,0.025511008
14772,65644,0.016521992
14773,25911,0.00075417926
14774,100252,0.034388546
14775,98304,0.00058682327
14776,8519,0.0011131226
14777,24640,0.027104618
14778,43809,0.31973323
14779,91272,0.18150069
14780,115861,0.4503174
14781,82429,0.033027504
14782,47087,0.7624394
14783,104257,0.72834224
14784,59816,0.0016357844
14785,77623,0.0015946166
14786,6898,0.04528893
14787,12206,0.8966814
14788,71721,0.43834177
14789,12302,0.0024083618
14790,5932,0.0016256155
14791,42104,0.011324875
14792,87740,0.3619964
14793,9779,0.8576125
14794,89149,0.0011693175
14795,13086,0.0092549315
14796,898,0.015673688
14797,78362,0.003874918
14798,14684,0.504411
14799,52942,0.6185612
14800,88900,0.7920622
14801,7432,0.14743158
14802,84674,0.01553973
14803,38728,0.0010284387
14804,8670,0.020744335
14805,105455,0.027376603
14806,75900,0.032022864
14807,55113,5.3401778e-05
14808,108408,0.0059125572
14809,54426,0.7380137
14810,72787,0.023799386
14811,63207,0.65744025
14812,69572,0.7616917
14813,27544,0.21979274
14814,39057,0.019602552
14815,45567,0.016565625
14816,57672,0.39557743
14817,46120,0.0052084737
14818,79581,0.005541767
14819,94899,0.74324876
14820,96193,0.19465666
14821,635,0.0054169586
14822,35626,0.31973323
14823,94656,0.504411
14824,28487,0.59409255
14825,11792,0.045445696
14826,103627,0.01017783
14827,99867,0.54492104
14828,1259,0.7895489
14829,25077,0.0011455799
14830,96329,0.045722723
14831,49446,0.0040797824
14832,89995,0.005185175
14833,63872,0.22588314
14834,5359,0.007314987
14835,49666,0.001353865
14836,63499,0.3582536
14837,25354,0.013143747
14838,4920,0.008021838
14839,713,0.020547971
14840,55341,0.17013359
14841,112712,0.0633947
14842,51137,0.0002796724
14843,72218,0.011600402
14844,49527,0.9849321
14845,85070,0.3619964
14846,65358,0.0004613204
14847,6807,0.020077558
14848,2130,0.0033046973
14849,3739,0.024545887
14850,53212,1.9047984e-05
14851,16013,0.0010599712
14852,69590,0.6063789
14853,112724,0.0059125572
14854,67669,0.002805695
14855,12501,0.016521992
14856,59554,0.27470013
14857,32015,0.5072981
14858,103130,0.084584385
14859,112161,0.020648248
14860,114103,0.007029523
14861,58381,0.0059368378
14862,99026,0.8896136
14863,24648,0.0015418233
14864,55061,0.13730942
14865,52931,0.5072981
14866,11634,0.020197285
14867,3644,0.9159472
14868,50709,0.00023026332
14869,66644,0.08290729
14870,53249,0.5427143
14871,1238,0.02275957
14872,89837,0.0007795908
14873,78071,0.010170061
14874,67059,0.5787994
14875,110795,0.00300084
14876,28848,0.5427143
14877,73762,0.033027504
14878,59959,0.00030327972
14879,93430,0.63507825
14880,51175,0.04571049
14881,73776,0.012201298
14882,20657,0.003889177
14883,71372,0.43834177
14884,104783,0.0003292076
14885,3221,0.027050344
14886,110222,0.07027599
14887,43961,0.1449014
14888,49632,0.5072981
14889,68697,0.31932625
14890,98944,0.17457265
14891,99951,0.009505451
14892,21097,0.33346373
14893,94816,0.5427143
14894,79390,0.00011545943
14895,17793,0.00010190126
14896,88872,0.003813615
14897,80145,0.3619964
14898,40740,0.013058236
14899,36384,0.0092549315
14900,104948,0.8139816
14901,51609,0.005541767
14902,71147,0.8552017
14903,90577,0.3922606
14904,40009,0.004376544
14905,85883,0.0068015214
14906,26425,0.884334
14907,106423,0.5980179
14908,29339,0.0059368378
14909,50253,0.25119156
14910,92081,0.42193875
14911,43936,0.88184494
14912,17857,0.0012502207
14913,82525,0.7616917
14914,52015,0.001353865
14915,52149,0.31973323
14916,50994,0.0059368378
14917,102031,0.6878115
14918,68895,0.2830719
14919,31954,0.5427143
14920,55956,0.0024722116
14921,103208,0.8417476
14922,50440,0.6982025
14923,15881,0.31973323
14924,102531,0.008625573
14925,35150,0.5427143
14926,12673,0.0092549315
14927,2900,0.10499385
14928,52867,0.007029523
14929,17200,0.0033929322
14930,105761,0.8139816
14931,21648,0.016521992
14932,24022,0.5787994
14933,45634,0.27116704
14934,105441,0.7159881
14935,115363,0.007529821
14936,47609,0.007588674
14937,10575,0.8545729
14938,12674,0.039320398
14939,9172,0.0005992222
14940,86514,0.006932296
14941,37829,0.61799353
14942,63578,0.032022864
14943,58087,0.017054755
14944,21210,0.54887426
14945,87979,0.043557074
14946,69169,0.6982025
14947,88688,0.43899864
14948,31878,0.018140957
14949,71356,0.43834177
14950,79008,0.13730942
14951,13292,0.031275123
14952,98382,0.007816137
14953,70287,0.31973323
14954,101918,0.017411998
14955,3587,0.056950733
14956,34821,0.5072981
14957,76181,0.10240164
14958,82015,0.01520607
14959,44703,0.27470013
14960,22388,0.523312
14961,104885,0.029382886
14962,113365,0.8417476
14963,77796,0.01017783
14964,52874,0.14401716
14965,88489,0.59278125
14966,11356,0.3857383
14967,106227,0.033027504
14968,89936,0.032022864
14969,15575,0.033661835
14970,3709,0.05286063
14971,90528,0.003587451
14972,23331,0.27032498
14973,41120,0.012620819
14974,32500,0.00034352916
14975,47757,0.01371935
14976,96094,0.001345321
14977,58385,0.7920622
14978,113531,0.025511008
14979,51231,0.12634419
14980,76691,0.7243738
14981,68691,0.09271501
14982,18031,0.008458243
14983,112130,0.005435345
14984,108756,0.3619964
14985,36452,0.04018099
14986,12753,0.0002003473
14987,96076,0.10404422
14988,109910,0.00024044885
14989,42814,0.31973323
14990,27569,0.21979274
14991,5701,0.05184201
14992,36409,0.62831575
14993,40649,0.4107991
14994,38579,0.6185612
14995,96781,0.3619964
14996,58961,0.000503945
14997,49454,0.05286063
14998,86463,0.006791405
14999,60077,0.052030146
15000,44005,0.0029715013
15001,72250,0.011992719
15002,98917,0.13730942
15003,69255,0.7920622
15004,37972,0.0061046057
15005,44337,0.27470013
15006,33982,0.5427143
15007,49572,0.5072981
15008,80131,0.005185175
15009,56627,0.007099019
15010,91637,0.0011754419
15011,99976,0.009652961
15012,58335,0.07400991
15013,3005,0.019608071
15014,81109,0.0035153013
15015,8535,0.009596813
15016,69866,0.008726452
15017,7903,0.04065975
15018,109414,0.3619964
15019,110152,8.659555e-05
15020,80053,0.004638767
15021,85841,0.012820641
15022,47128,0.014194789
15023,112237,0.5427143
15024,42865,0.00012282464
15025,23949,0.00019514146
15026,70175,0.033027504
15027,80907,0.005185175
15028,55990,0.5427143
15029,83881,0.006723416
15030,48138,0.0105835525
15031,3459,0.20019254
15032,26091,0.13040477
15033,82939,0.012808806
15034,31251,0.5787994
15035,56947,0.005513244
15036,58599,0.7616917
15037,27010,0.85749614
15038,7864,0.006578858
15039,97669,0.3619964
15040,72506,0.14401716
15041,25672,0.00884271
15042,87839,0.23185891
15043,84644,0.14401716
15044,104057,0.26011735
15045,81570,0.69899946
15046,82221,0.3619964
15047,44029,0.00072389044
15048,7993,0.013569391
15049,78699,0.0016357844
15050,55189,0.007099019
15051,110731,0.7587832
15052,85929,0.008132936
15053,15678,0.0104701575
15054,83118,0.016725212
15055,83229,0.5787994
15056,71782,0.62831575
15057,106596,0.000424359
15058,33192,0.6982025
15059,28298,0.014194789
15060,58984,0.3582536
15061,63391,0.012808806
15062,15390,0.01371935
15063,7397,0.21336825
15064,70997,0.033027504
15065,12893,0.0029224213
15066,73463,0.0018455883
15067,106860,0.043720666
15068,107298,0.007249176
15069,57669,0.13730942
15070,25985,0.019013701
15071,103769,0.0041816006
15072,90588,0.31973323
15073,108602,0.74545777
15074,77562,0.7920622
15075,84318,0.504411
15076,78654,0.00650984
15077,102065,0.020547971
15078,60101,0.12634419
15079,71345,0.0017727629
15080,39869,0.31973323
15081,6038,0.00040254433
15082,54192,0.024995051
15083,52508,0.033027504
15084,61465,0.033027504
15085,115230,0.1746938
15086,109593,0.00016418076
15087,86075,0.5787994
15088,12291,0.8590712
15089,57290,0.22588314
15090,18785,0.56752956
15091,32183,0.5427143
15092,110984,0.3619964
15093,72070,0.055714354
15094,65850,0.0036580262
15095,41056,0.4615527
15096,19443,0.01632905
15097,17459,0.002387224
15098,66820,0.39144364
15099,55388,0.12634419
15100,87871,0.59409255
15101,97609,0.0055454527
15102,77741,0.013143747
15103,59395,0.7481223
15104,32468,0.59409255
15105,115383,0.003092528
15106,2850,0.3851501
15107,7263,0.08930279
15108,109934,0.00084398186
15109,52368,0.0017117758
15110,6846,0.91477466
15111,40109,0.0013445542
15112,23117,0.0002627842
15113,114241,0.0443266
15114,100961,0.0056340117
15115,92097,0.88184494
15116,90826,0.7616917
15117,41261,0.013143747
15118,71308,0.008309482
15119,112517,0.024571659
15120,10101,0.0053348537
15121,25851,0.014194789
15122,95668,0.0008202944
15123,2814,0.040206905
15124,47961,0.005364075
15125,108724,0.10240164
15126,62917,0.7616917
15127,33343,0.59409255
15128,18495,0.8865087
15129,87000,0.0614554
15130,62809,0.00034487687
15131,35030,0.5072981
15132,49503,0.5072981
15133,111428,0.000250418
15134,107171,0.49550277
15135,2181,0.00076180446
15136,45312,0.01017783
15137,51161,0.46285427
15138,1336,0.523312
15139,105988,0.037220772
15140,74030,0.033027504
15141,52949,0.001338419
15142,51149,0.52248293
15143,67521,0.006333401
15144,87670,0.6480605
15145,82682,0.52248293
15146,114547,0.0025762145
15147,19529,0.27636027
15148,84025,0.005339724
15149,79141,0.504411
15150,101771,0.0014595093
15151,99778,0.012808806
15152,47686,0.013143747
15153,55040,0.01583257
15154,19675,0.39557743
15155,13305,0.49507686
15156,1516,0.0023082397
15157,24980,0.061520338
15158,91223,0.007029523
15159,61919,0.0011391084
15160,52748,0.10240164
15161,12550,0.27636027
15162,67590,0.3922606
15163,18461,0.0010725245
15164,86889,0.014505086
15165,79,0.008692204
15166,11294,0.00040244573
15167,56076,9.679487e-05
15168,82816,0.7043261
15169,109715,0.52364886
15170,26407,0.21979274
15171,48962,0.013407366
15172,15072,0.56752956
15173,113252,0.05776599
15174,100880,0.0022970035
15175,84063,0.8590712
15176,67253,0.8552017
15177,92958,0.3619964
15178,114269,0.029067291
15179,110793,0.0021182953
15180,86621,0.3619964
15181,9298,0.008876673
15182,89162,0.01376545
15183,108716,0.585949
15184,49880,0.01371935
15185,46252,0.036093347
15186,105684,4.0530635e-05
15187,61589,0.12634419
15188,66321,0.0031033724
15189,64541,3.4619e-05
15190,16955,0.001353865
15191,80135,0.3619964
15192,58390,0.005849697
15193,21935,0.523312
15194,40832,0.5072981
15195,9045,0.28529176
15196,35650,0.007029523
15197,8390,0.023362257
15198,1005,0.523312
15199,70587,0.22588314
15200,89996,0.02612399
15201,75440,0.43834177
15202,15759,0.71812063
15203,71385,0.3619964
15204,69462,0.0026927718
15205,19936,0.08938677
15206,2962,0.75960886
15207,90547,0.3619964
15208,15572,0.030338515
15209,30112,0.012160034
15210,46658,0.52248293
15211,72545,0.012808806
15212,41137,0.0001712156
15213,105132,0.4107991
15214,52799,0.022614978
15215,22917,0.21865545
15216,58209,0.17457265
15217,58113,0.000447476
15218,60401,0.005179966
15219,100530,0.0015625793
15220,99122,0.26011735
15221,51480,0.003162509
15222,110189,0.8417476
15223,36108,0.01017783
15224,21231,0.31973323
15225,83323,0.011331418
15226,61774,0.0031409948
15227,53143,0.0023066094
15228,78685,0.016521992
15229,85267,0.033027504
15230,36118,0.9572552
15231,59929,0.5787994
15232,65715,0.0012715741
15233,12724,0.5254379
15234,52433,0.0022567036
15235,95337,0.88752764
15236,95919,0.8896136
15237,93072,0.0040797824
15238,58769,0.007029523
15239,35490,0.08132464
15240,62771,0.015686663
15241,23045,0.27636027
15242,52384,0.015571487
15243,60152,0.8072219
15244,113241,0.033027504
15245,28151,0.0006000981
15246,48411,0.13730942
15247,14238,0.0027796994
15248,34247,0.5427143
15249,72541,0.016939042
15250,108710,0.7602656
15251,109957,0.052030146
15252,6470,0.018836623
15253,67637,0.00045726626
15254,104542,0.7616338
15255,56191,0.5427143
15256,62664,0.013143747
15257,36240,0.8072219
15258,40989,0.16627684
15259,63545,0.00032229483
15260,17589,0.0088156825
15261,1504,0.018432667
15262,39624,0.18352728
15263,31790,0.5427143
15264,107218,0.39557743
15265,46624,0.001353865
15266,100987,0.6485016
15267,38322,0.504411
15268,57656,0.5072981
15269,18119,0.6982025
15270,55412,0.032232128
15271,59858,0.008292845
15272,85421,0.0015937369
15273,100503,0.034388546
15274,91651,0.002090025
15275,92596,0.7616917
15276,66313,0.19465666
15277,20502,0.523312
15278,12068,0.49507686
15279,7913,0.020077558
15280,93834,0.033027504
15281,58760,0.14401716
15282,114344,0.0016944049
15283,55884,0.65744025
15284,12172,0.02371643
15285,7456,0.0017537593
15286,84897,0.027030254
15287,4751,0.9310187
15288,88070,0.012405036
15289,64745,0.22588314
15290,53232,0.8512548
15291,99765,0.0062658214
15292,95764,0.032022864
15293,13535,0.02604607
15294,5609,0.012808806
15295,105800,0.3619964
15296,96694,0.009131671
15297,65691,0.10240164
15298,108849,0.005541767
15299,15241,0.52248293
15300,39240,0.52248293
15301,109807,0.005541767
15302,61537,0.0011299024
15303,70989,0.033027504
15304,110280,0.054652426
15305,27795,0.20558783
15306,44918,0.013143747
15307,11548,0.7139609
15308,34336,0.6982025
15309,59598,0.0022447319
15310,3341,0.056950733
15311,4321,0.8547576
15312,45245,0.00035894787
15313,80788,0.11250516
15314,55303,0.17013359
15315,33147,0.008132936
15316,109633,0.00049202004
15317,15722,0.0003724832
15318,58936,0.5427143
15319,57417,0.08805262
15320,63818,0.00026007756
15321,53438,0.007593164
15322,109942,0.01017783
15323,37356,0.9418105
15324,66628,0.0015150345
15325,1647,0.8545729
15326,65819,0.27470013
15327,86677,0.022053696
15328,33765,0.0013575203
15329,2661,0.608854
15330,29093,0.030338515
15331,51972,0.001773659
15332,84508,0.012808806
15333,106854,0.0006606174
15334,71742,0.042725142
15335,102142,0.01017783
15336,61870,0.002380497
15337,68634,0.043095794
15338,31357,0.7920622
15339,40425,0.0015418233
15340,97400,0.006791405
15341,84103,0.31932625
15342,16961,0.0031582247
15343,37811,0.0031386307
15344,108683,0.021976309
15345,95193,0.74324876
15346,115871,0.6077621
15347,57344,0.13730942
15348,56155,0.033027504
15349,56067,0.5427143
15350,39537,0.011324875
15351,102061,0.14401716
15352,101932,0.5375059
15353,44527,0.01017783
15354,79575,0.52248293
15355,2554,0.035460703
15356,34564,0.005364075
15357,38734,0.81498784
15358,43190,0.7624394
15359,79674,0.504411
15360,92405,0.66643053
15361,11849,0.001502817
15362,50521,0.00086798804
15363,9010,0.054310396
15364,83316,0.00080393266
15365,45492,0.00060390704
15366,54821,0.0058439407
15367,6813,0.0054169586
15368,12162,0.0092549315
15369,3482,0.5037168
15370,79367,0.43834177
15371,33471,0.5427143
15372,52705,0.27636027
15373,35416,0.6982025
15374,85492,0.10240164
15375,64338,0.005849697
15376,18469,0.001353865
15377,63115,0.5787994
15378,69053,0.7920622
15379,90962,0.7920622
15380,112214,0.00037350084
15381,85868,0.5072981
15382,112822,0.00081982004
15383,3473,0.21336825
15384,63447,0.5072981
15385,3066,0.056950733
15386,42838,0.0012187916
15387,110725,0.0049902285
15388,42635,0.31973323
15389,94029,0.022053696
15390,40280,0.1300984
15391,26886,0.5072981
15392,79202,0.007101934
15393,60884,0.7616917
15394,98789,0.0067506013
15395,87717,0.689935
15396,12993,0.9264241
15397,102390,0.48317924
15398,62264,0.17457265
15399,59803,0.0046426766
15400,88992,0.0016221753
15401,45452,0.035460703
15402,13946,0.0026848682
15403,6697,0.04528893
15404,63918,0.27470013
15405,32727,0.61799353
15406,2328,0.006868593
15407,39564,0.13040477
15408,87938,0.631487
15409,94485,0.034388546
15410,93760,0.5999409
15411,36164,0.17013359
15412,89340,0.82215583
15413,91090,0.0012480167
15414,57401,0.10240164
15415,12492,0.00097610627
15416,97629,0.0003066524
15417,103727,0.35473958
15418,36003,0.8072219
15419,91853,0.076594226
15420,23405,0.17013359
15421,74204,0.7295774
15422,83948,0.3619964
15423,71538,0.3619964
15424,35699,0.001353865
15425,39790,0.0016357844
15426,14563,0.523312
15427,56079,0.7920622
15428,55136,0.59409255
15429,44225,0.007276774
15430,56681,0.12634419
15431,47031,0.031057993
15432,52708,0.5787994
15433,80827,0.012808806
15434,56922,0.25119156
15435,90987,8.477668e-05
15436,22391,0.044770245
15437,75798,0.7920622
15438,15632,0.007754565
15439,110434,0.3619964
15440,10766,0.73766655
15441,111835,0.6077621
15442,41253,0.6186621
15443,49834,0.00011602031
15444,68305,0.033027504
15445,73176,0.0004885626
15446,1399,0.05184201
15447,96163,0.3619964
15448,26161,0.0027399058
15449,12816,0.00019812584
15450,69851,0.14493833
15451,75383,0.7920622
15452,109816,0.0017521098
15453,71199,0.00054187165
15454,67480,0.002387224
15455,2359,0.019606471
15456,47043,0.019013701
15457,31381,4.6793793e-05
15458,53856,0.8210756
15459,92132,0.034388546
15460,11158,0.6482437
15461,84946,0.00062940875
15462,55001,0.8072219
15463,38695,0.001262547
15464,64921,0.025608798
15465,6474,0.0343704
15466,82612,0.7616917
15467,57829,0.13730942
15468,87721,0.7616917
15469,7742,0.09917402
15470,100477,0.70420945
15471,45557,0.0013575203
15472,113395,0.008132936
15473,83652,0.003702381
15474,95411,0.008096196
15475,73319,0.033027504
15476,73953,0.03308083
15477,67102,0.1449014
15478,57324,0.008732731
15479,61449,0.028048089
15480,56320,0.008681093
15481,35672,0.004376268
15482,102384,0.7481223
15483,26537,0.0026495138
15484,104731,0.3619964
15485,51843,0.0038557483
15486,110618,0.008625169
15487,95348,0.7920622
15488,29141,0.00041846864
15489,103562,0.06927882
15490,98767,0.14401716
15491,17001,0.14401716
15492,50169,0.6185612
15493,71837,0.007029523
15494,3438,0.022750335
15495,46766,0.21979274
15496,5524,0.0015366714
15497,30898,0.7834908
15498,82198,0.00033226295
15499,91306,0.3857383
15500,56083,0.007209013
15501,41856,0.009722014
15502,98068,0.22588314
15503,65647,0.0011880192
15504,17858,0.001353865
15505,70058,0.61799353
15506,52602,0.43834177
15507,65913,0.062454823
15508,68180,0.00054187165
15509,107205,0.20558783
15510,81449,5.146758e-05
15511,106017,0.0002090971
15512,115801,0.0023677184
15513,45128,0.6982126
15514,20150,0.0088156825
15515,12806,0.00084398186
15516,86541,0.006932296
15517,83178,0.00036006205
15518,94162,0.14401716
15519,32686,0.0035041845
15520,59353,0.5427143
15521,74772,0.12634419
15522,71413,0.033027504
15523,27962,0.001353865
15524,42739,0.6185612
15525,31950,0.013143747
15526,103775,0.033027504
15527,27713,0.21979274
15528,57571,0.5427143
15529,87218,0.00032595405
15530,93892,0.5999409
15531,24762,0.3387435
15532,50419,0.5787994
15533,94045,0.16627684
15534,14244,0.5960657
15535,51482,0.17013359
15536,54204,0.8210756
15537,16963,0.6133949
15538,108322,0.029579176
15539,59298,0.5497329
15540,20455,0.49550277
15541,28518,0.6982025
15542,78914,0.014590426
15543,58763,0.9282315
15544,37088,0.00035894787
15545,52,0.0324319
15546,70003,0.0022117852
15547,11258,0.00055482617
15548,78548,0.0005912295
15549,89685,0.022053696
15550,81714,0.0018004726
15551,35888,0.6982025
15552,95209,0.0003276027
15553,76066,0.0071900496
15554,4414,0.007588674
15555,113952,0.39557743
15556,74564,0.032022864
15557,42785,0.013143747
15558,39605,0.9972339
15559,83399,0.00010784811
15560,72933,0.14401716
15561,15697,0.31973323
15562,86378,0.3619964
15563,54704,0.10240164
15564,17840,0.19465666
15565,114028,0.9153462
15566,59358,0.7481223
15567,81116,0.00013588284
15568,79614,0.52248293
15569,84015,0.009368853
15570,84086,0.14401716
15571,64481,0.79058677
15572,54872,0.009866323
15573,27144,0.62831575
15574,115309,0.0001427232
15575,3074,0.02154932
15576,38061,0.0011749867
15577,66042,0.030469673
15578,28136,0.20558783
15579,71761,0.032135032
15580,20014,0.00018119352
15581,114067,0.42487767
15582,41352,9.2085254e-05
15583,65125,0.002838057
15584,97739,0.88752764
15585,98832,0.42193875
15586,109951,0.42487767
15587,31133,0.21865545
15588,90984,0.48317924
15589,54108,0.5427143
15590,111608,0.26011735
15591,76907,0.0102000525
15592,87193,0.018766848
15593,64417,0.032022864
15594,13587,0.0054205437
15595,29319,0.0010499661
15596,219,0.0024636714
15597,26677,0.21979274
15598,12779,0.7920622
15599,111395,0.3619964
15600,77752,0.00054187165
15601,112137,2.666988e-05
15602,82856,0.033027504
15603,29184,0.20558783
15604,93494,0.0012232809
15605,106136,0.006695762
15606,55595,0.5427143
15607,58774,0.001353865
15608,15647,0.012697511
15609,20500,0.7064379
15610,49390,0.038769457
15611,3595,0.018062472
15612,1319,0.029340554
15613,25132,0.0014922644
15614,60601,0.00034245828
15615,73360,0.01553973
15616,51357,0.04361101
15617,44570,0.36704037
15618,47577,0.001353865
15619,50623,0.00070342084
15620,21733,0.5072981
15621,63747,0.36848506
15622,29222,0.5168421
15623,97481,0.7553353
15624,59135,0.029781768
15625,84987,0.000585215
15626,23364,0.00051542406
15627,27424,0.5787994
15628,2786,0.006868593
15629,13996,0.010565702
15630,54257,0.0035694235
15631,58684,0.01450531
15632,63043,0.025606757
15633,68961,0.5072981
15634,46535,0.0092549315
15635,9484,0.006556449
15636,109594,0.26011735
15637,18595,0.61799353
15638,25822,0.013143747
15639,58176,0.14401716
15640,16743,0.0015946166
15641,50845,0.001353865
15642,22085,0.8868337
15643,30412,0.00025154653
15644,42777,0.5787994
15645,107608,0.42487767
15646,56687,0.3922606
15647,72604,0.14401716
15648,26823,0.014194789
15649,97527,0.8896136
15650,18056,0.4503174
15651,104075,0.43834177
15652,91729,0.7920622
15653,115358,0.5427143
15654,44127,0.13730942
15655,61195,0.0024536673
15656,87644,0.7159881
15657,80015,0.0015946166
15658,101949,0.88752764
15659,63628,9.558375e-05
15660,16646,0.00026007756
15661,12704,0.44410628
15662,102361,0.005185175
15663,113274,0.26011735
15664,85244,0.0026656725
15665,53290,0.0035153013
15666,22884,0.08401646
15667,57659,0.00037843295
15668,87908,0.11001589
15669,65605,0.10240164
15670,38167,0.13730942
15671,30200,0.9469042
15672,43547,0.13040477
15673,97982,0.31932625
15674,28029,0.8590712
15675,26758,0.17280069
15676,33191,0.91309136
15677,37912,0.019013701
15678,85961,0.005339724
15679,151,0.020744335
15680,43226,0.22588314
15681,37582,0.011324875
15682,104863,0.00024523336
15683,60002,0.19465666
15684,71877,0.39557743
15685,41185,0.020211212
15686,69956,0.0053904853
15687,59750,0.058559276
15688,5449,0.002529347
15689,95132,0.88752764
15690,6559,0.01033003
15691,28988,0.10163855
15692,65,0.034629997
15693,40162,0.06875968
15694,38868,0.0010284387
15695,26,0.1300984
15696,11128,0.0028580856
15697,84794,0.039747313
15698,114654,0.012319367
15699,35758,0.13730942
15700,47601,0.8865087
15701,110122,0.0023175152
15702,58362,0.5427143
15703,64638,0.0062839175
15704,46108,0.36704037
15705,77900,0.5072981
15706,53245,0.003006968
15707,26540,0.31973323
15708,89510,0.033027504
15709,91698,0.033027504
15710,113926,0.0064453813
15711,79357,0.49364203
15712,79956,0.5787994
15713,85947,0.033027504
15714,20105,0.008952463
15715,49706,0.6032943
15716,61658,0.7920622
15717,54295,0.49550277
15718,47375,0.5787994
15719,115669,0.00010820505
15720,18353,0.046658676
15721,89819,0.027030254
15722,105393,0.024647798
15723,13006,0.39557743
15724,63853,0.31932625
15725,73703,0.8072219
15726,10029,0.020197285
15727,28702,0.0092549315
15728,73608,0.033027504
15729,83766,0.015545429
15730,101013,0.42487767
15731,103112,0.025511008
15732,62974,0.007029523
15733,14433,0.008724595
15734,96384,0.010911473
15735,100220,0.5980179
15736,104805,0.00042542082
15737,75232,0.000585215
15738,84686,0.3619964
15739,29885,0.31973323
15740,114261,0.00012313011
15741,66334,0.019602552
15742,11512,0.0010782738
15743,48434,0.032022864
15744,4655,0.0009000204
15745,76890,0.005541767
15746,78742,0.007099019
15747,61170,0.0037728692
15748,22649,0.004306097
15749,50109,0.002090025
15750,95901,0.0025762145
15751,10124,0.008021838
15752,22602,0.046658676
15753,96970,0.59278125
15754,27467,0.5427143
15755,60043,0.0131263975
15756,35066,0.00028456433
15757,17092,0.0034030993
15758,35435,0.27032498
15759,69737,0.033027504
15760,115747,0.033027504
15761,2034,0.0023082397
15762,4801,0.022092532
15763,415,0.004326877
15764,108563,0.007099019
15765,26628,0.31973323
15766,63149,0.14401716
15767,65835,0.016521992
15768,68171,0.0131263975
15769,69319,0.3619964
15770,15422,0.17013359
15771,64735,0.12634419
15772,29661,0.019602552
15773,24034,0.0131263975
15774,5439,0.21923481
15775,57747,0.00017430134
15776,19633,0.046658676
15777,81472,0.14401716
15778,63580,0.053177986
15779,57777,0.00034736237
15780,64857,0.0016585024
15781,58347,0.033027504
15782,30246,0.5427143
15783,95653,0.3619964
15784,113215,0.0006846436
15785,60322,0.8233484
15786,50453,0.03480851
15787,8235,0.020197285
15788,39714,0.004214213
15789,59065,0.44872737
15790,11484,0.032544106
15791,5954,0.020197285
15792,107300,9.166166e-05
15793,96351,0.14335498
15794,105645,0.003198072
15795,25634,0.0034141187
15796,14715,0.000316319
15797,76977,0.49550277
15798,44363,0.01371935
15799,31151,0.0014072016
15800,99878,0.005185175
15801,91553,0.3619964
15802,10000,0.059469096
15803,16530,0.008952463
15804,101139,0.019368267
15805,42936,0.008499368
15806,81104,0.7481223
15807,74393,0.00054187165
15808,84988,0.7220712
15809,53211,0.5427143
15810,67879,0.0005912295
15811,4761,0.056783542
15812,26682,0.002090025
15813,84405,0.34098592
15814,34008,0.6077621
15815,48440,0.62831575
15816,725,0.045445696
15817,108791,0.26011735
15818,24134,0.0054169586
15819,37118,0.039320398
15820,31966,0.21865545
15821,27564,0.5427143
15822,13443,0.523312
15823,84629,0.3619964
15824,55249,0.5072981
15825,101267,0.032022864
15826,93105,0.17457265
15827,243,0.56752956
15828,22832,0.026718179
15829,87298,0.033027504
15830,68791,0.0053904853
15831,83907,0.52248293
15832,58173,0.0046327054
15833,80117,0.93920165
15834,12428,0.7231015
15835,46086,0.4870662
15836,52549,0.14401716
15837,86771,0.00012602794
15838,7886,0.38620245
15839,102162,0.3619964
15840,51109,0.15668462
15841,20637,0.523312
15842,99356,0.034388546
15843,9486,0.020197285
15844,52955,0.5427143
15845,96803,0.008724595
15846,65729,0.01017783
15847,55672,0.62831575
15848,1057,0.0028135278
15849,103741,0.74324876
15850,71879,0.3619964
15851,58526,0.49550277
15852,37704,0.007029523
15853,60314,0.59409255
15854,113355,0.86895704
15855,6645,0.73766655
15856,60078,0.5427143
15857,94388,0.6063789
15858,25483,0.36704037
15859,104164,0.5999409
15860,57836,0.0020057182
15861,18397,0.008458243
15862,57542,0.7920622
15863,52059,0.8233484
15864,25640,0.007099019
15865,54647,1.9486448e-05
15866,98641,0.0018334925
15867,45059,0.5787994
15868,11607,0.7937953
15869,70824,0.012808806
15870,32502,0.5427143
15871,102895,0.0053904853
15872,64148,0.038769457
15873,13641,0.78215474
15874,74709,0.041646097
15875,19929,0.00024641675
15876,84057,0.23185891
15877,29495,0.025606757
15878,52001,0.27032498
15879,91085,0.65522355
15880,2784,0.0028135278
15881,26912,0.0016693685
15882,64209,0.016672801
15883,10166,0.0054169586
15884,51940,0.5427143
15885,56548,0.0007157943
15886,33118,0.5427143
15887,5423,0.00022728638
15888,22967,0.0029549932
15889,13401,0.9264241
15890,46463,0.50492847
15891,75237,0.43834177
15892,34787,0.7937953
15893,22220,0.0007423366
15894,13041,0.18825164
15895,226,0.00019396924
15896,69618,0.17457265
15897,36159,0.5427143
15898,51901,0.5072981
15899,76043,0.00017498292
15900,1503,0.19465666
15901,73139,0.0005287096
15902,28185,0.4107991
15903,73316,0.012201298
15904,25992,0.002443496
15905,106366,0.018802593
15906,11996,8.189464e-05
15907,28158,0.007099019
15908,51983,0.19465666
15909,109364,0.0011205374
15910,411,0.01371935
15911,79625,0.26011735
15912,52903,0.0067462833
15913,16097,0.523312
15914,98847,0.0039890204
15915,42107,0.0010284387
15916,111711,0.3619964
15917,73951,0.14401716
15918,31890,0.0092549315
15919,102041,0.88752764
15920,66064,0.0123029305
15921,40099,0.0035153013
15922,39933,0.0092549315
15923,101766,0.8775108
15924,75745,0.7243738
15925,31912,0.00052720925
15926,6219,0.008072244
15927,89216,0.14401716
15928,96830,0.7616917
15929,73279,0.50492847
15930,59301,0.6982025
15931,65207,0.00082196255
15932,19870,0.5072981
15933,28866,0.014194789
15934,70126,0.033644553
15935,12948,0.05184201
15936,71575,0.6063789
15937,72938,0.36704037
15938,46098,0.21979274
15939,18682,0.62831575
15940,86244,0.033027504
15941,104797,0.034388546
15942,80065,0.71354675
15943,32973,0.0023066434
15944,19442,0.0016280063
15945,82673,0.10404422
15946,49219,0.0062839175
15947,68252,0.22588314
15948,67239,0.002387224
15949,5709,0.88008237
15950,15493,0.00035688406
15951,29823,0.039320398
15952,26325,0.13040477
15953,32506,0.0019496239
15954,35307,0.59409255
15955,9961,0.7895489
15956,2099,0.0040961793
15957,12977,4.37046e-05
15958,108516,0.82162476
15959,61523,0.6982025
15960,6015,0.006868593
15961,42189,0.0062839175
15962,4141,0.0027468367
15963,89312,0.52248293
15964,64004,0.00011656212
15965,531,0.0890648
15966,73043,0.0005417838
15967,9509,0.9433451
15968,91604,0.566198
15969,39069,0.019013701
15970,106852,0.3588082
15971,6073,0.023080284
15972,52152,0.0013259805
15973,107563,0.071609475
15974,89104,0.14401716
15975,114061,0.5427143
15976,78443,0.0038557483
15977,25310,0.85749614
15978,74928,0.033027504
15979,16144,0.49550277
15980,67147,0.7616917
15981,103614,0.7587832
15982,30954,0.02590443
15983,75619,0.033027504
15984,74386,0.01017783
15985,90113,0.06092041
15986,67700,0.004803421
15987,11609,0.01748146
15988,17175,0.81563526
15989,47540,0.31973323
15990,26791,0.5427143
15991,12308,0.0092549315
15992,78770,0.019368267
15993,84912,0.004697797
15994,56647,0.5427143
15995,86013,0.7481223
15996,17686,0.56752956
15997,38837,0.023559162
15998,77723,0.43834177
15999,110314,0.26011735
16000,80633,0.0048007066
16001,95772,6.2530635e-05
16002,115065,0.033027504
16003,75409,0.033027504
16004,18061,0.0088156825
16005,49229,0.007029523
16006,98953,0.033027504
16007,85178,0.00023721423
16008,26075,0.028225413
16009,51215,0.5072981
16010,80609,0.019692456
16011,2171,0.056783542
16012,114255,0.7920622
16013,30757,0.032022864
16014,76430,0.00048786477
16015,60822,0.14401716
16016,95616,0.31932625
16017,44726,0.0034516482
16018,20497,0.5072981
16019,88832,0.033027504
16020,93053,0.036180433
16021,18936,0.71812063
16022,45630,0.011324875
16023,68133,0.7616917
16024,13444,0.02604607
16025,60833,0.14401716
16026,27595,0.00041682474
16027,80738,0.16808857
16028,35297,0.021270191
16029,76783,0.0007795908
16030,105811,0.3619964
16031,87581,0.0028880495
16032,5128,0.019294314
16033,78926,0.0021318255
16034,69142,0.0008162456
16035,87158,0.0056155743
16036,37566,0.6185612
16037,51047,0.007029523
16038,12496,0.0014922644
16039,59532,0.6982025
16040,90951,0.008708272
16041,44097,0.115297206
16042,90479,0.0026927718
16043,114769,0.0036631622
16044,57927,0.10240164
16045,109517,0.009577389
16046,114638,0.053526543
16047,14872,0.016824726
16048,105708,0.00036894873
16049,97679,0.3619964
16050,4545,0.008072244
16051,67610,0.009636036
16052,13797,0.5072981
16053,76045,0.033027504
16054,28129,0.5787994
16055,8715,0.007314987
16056,30055,0.002243549
16057,105758,0.01017783
16058,85714,0.018125394
16059,106464,0.3588082
16060,94037,0.3582536
16061,68671,0.14401716
16062,102927,1.8685323e-05
16063,73730,0.6185612
16064,103152,0.00010987028
16065,109033,0.49550277
16066,36381,0.46285427
16067,22269,0.0033929322
16068,47107,0.019013701
16069,40582,0.01371935
16070,41653,0.5072981
16071,97021,0.5980179
16072,114425,0.008153607
16073,108048,0.0084523745
16074,85913,0.35487762
16075,33358,0.72096616
16076,105332,0.009970194
16077,96590,0.27470013
16078,99897,0.121940404
16079,94176,0.14401716
16080,109228,0.26011735
16081,63760,0.0012802065
16082,80211,0.43834177
16083,382,0.00075764634
16084,9285,0.8576125
16085,17050,0.0027499686
16086,41772,0.62831575
16087,66995,0.39144364
16088,84011,0.00054187165
16089,81866,0.0070438194
16090,6693,0.020197285
16091,115018,0.26011735
16092,24733,0.17013359
16093,97510,0.7602656
16094,64974,0.0049447636
16095,66869,0.032022864
16096,48974,0.6185612
16097,28470,0.5427143
16098,92665,0.9621254
16099,41135,0.5787994
16100,91490,0.3619964
16101,50199,0.0014922644
16102,25116,0.002387224
16103,68653,0.4107991
16104,54496,0.8072219
16105,104574,0.13730942
16106,9673,0.046500992
16107,50337,0.00044816648
16108,59641,0.8072219
16109,51416,0.5072981
16110,58902,0.5427143
16111,59398,0.033661835
16112,104658,0.00030452356
16113,31068,0.00043760397
16114,51531,0.016716033
16115,44652,0.00035387216
16116,82536,0.005339724
16117,74554,0.00080393266
16118,10763,0.008072244
16119,70754,0.030907951
16120,29307,0.023361359
16121,64568,0.0024896516
16122,73902,0.00021214268
16123,104546,0.01151713
16124,57007,9.556516e-05
16125,102881,0.017595956
16126,3921,0.002671514
16127,40031,0.02275957
16128,108372,0.26011735
16129,27570,0.013143747
16130,13175,0.6771808
16131,16717,0.22588314
16132,84843,0.001217731
16133,50469,0.8512548
16134,79279,0.0011942555
16135,102227,0.88752764
16136,33194,0.61799353
16137,70470,0.041615963
16138,95472,0.005185175
16139,9114,0.063621655
16140,34716,0.5427143
16141,104233,0.004397724
16142,33700,0.31973323
16143,106559,0.896449
16144,40570,0.027673233
16145,112943,0.6077621
16146,18657,0.0086377775
16147,43025,0.0023905514
16148,53762,0.17457265
16149,32606,0.0003402908
16150,15081,0.044409733
16151,86455,0.033027504
16152,114696,0.49550277
16153,67999,0.7057373
16154,35984,0.30839533
16155,59928,0.5427143
16156,65702,0.0006214882
16157,96714,0.31932625
16158,82574,0.49550277
16159,33647,0.13730942
16160,9219,0.45980817
16161,33952,0.6186621
16162,107918,0.07199749
16163,102453,0.0018616352
16164,59265,0.25119156
16165,962,0.084790766
16166,75128,0.0123029305
16167,11957,0.49507686
16168,110477,0.16627684
16169,23547,0.27470013
16170,39745,0.504411
16171,13518,0.6771808
16172,114326,0.063201606
16173,72065,0.075773686
16174,64706,0.00027136385
16175,29660,0.002008339
16176,61967,0.004455762
16177,18795,0.003895054
16178,86598,0.8123676
16179,88845,0.7616917
16180,60403,0.033027504
16181,47537,0.21979274
16182,100962,0.01961376
16183,98806,0.608854
16184,44240,0.5427143
16185,57790,0.5427143
16186,66474,0.22588314
16187,6185,0.0055609415
16188,39305,0.04823579
16189,110832,0.24344717
16190,71463,0.008292845
16191,99158,0.5134833
16192,104003,0.0314218
16193,25191,0.007099019
16194,37244,0.5427143
16195,57870,0.79158384
16196,19669,0.6185612
16197,6387,0.0010674752
16198,101399,0.10673003
16199,114266,0.025606757
16200,87867,0.036180433
16201,15985,0.001985289
16202,9176,0.08460447
16203,75927,0.3619964
16204,11159,0.19409364
16205,38640,0.6982025
16206,72480,0.14401716
16207,104064,0.0008947371
16208,74798,0.37642527
16209,20513,0.0040419474
16210,4064,0.05138559
16211,104212,0.36704037
16212,42466,0.3857383
16213,19444,0.0009452101
16214,26315,0.005364075
16215,113894,0.42487767
16216,79843,0.7920622
16217,95770,0.0026927718
16218,50940,0.5072981
16219,58304,0.05575801
16220,26041,0.00011449321
16221,57217,0.023799386
16222,24968,0.00416775
16223,45469,0.036093347
16224,71035,0.5072981
16225,66997,0.3619964
16226,93921,0.005185175
16227,96664,0.6355375
16228,50299,0.5427143
16229,23465,0.0026849143
16230,91362,0.4107991
16231,47717,0.8590712
16232,85782,0.5072981
16233,32952,0.31973323
16234,1675,0.010130632
16235,92115,0.00057249586
16236,54116,0.5427143
16237,94259,0.21865545
16238,59650,0.08609876
16239,64019,0.001768765
16240,81452,0.000585215
16241,29756,0.6077621
16242,84577,0.23185891
16243,48501,0.14401716
16244,35294,0.5072981
16245,79660,0.033027504
16246,8722,0.008021838
16247,72937,0.36297506
16248,22145,0.03087039
16249,14026,0.23185891
16250,75425,0.11250516
16251,36413,0.0062839175
16252,89746,0.56129164
16253,103942,0.3588082
16254,30957,0.5427143
16255,21585,9.441713e-05
16256,35722,0.5427143
16257,4490,5.4900996e-05
16258,50710,0.9572552
16259,58934,5.623975e-05
16260,10687,0.0048294445
16261,104977,0.72834224
16262,4241,0.0026836542
16263,31205,0.013143747
16264,82966,0.033027504
16265,67585,0.689935
16266,107449,0.3588082
16267,104380,0.70420945
16268,111565,0.31932625
16269,53007,0.00045990283
16270,3161,0.0017730437
16271,25098,0.13040477
16272,74590,0.033027504
16273,20794,0.046658676
16274,52925,0.0010176911
16275,4355,0.06289488
16276,101677,0.3619964
16277,33410,0.00054187165
16278,102490,0.017014313
16279,15660,0.54976434
16280,25545,0.0046426766
16281,106066,0.034388546
16282,80021,0.5960657
16283,84125,0.31932625
16284,53388,0.00013703191
16285,79571,0.3619964
16286,2727,0.015673688
16287,71074,0.00091426866
16288,25283,0.01017783
16289,105264,0.26011735
16290,12028,0.011078762
16291,53240,0.5072981
16292,66016,0.0016357844
16293,114939,0.5134833
16294,48832,0.001353865
16295,20499,0.14401716
16296,100877,0.26011735
16297,93139,0.22588314
16298,25055,0.0034434209
16299,85925,0.14401716
16300,78483,0.49550277
16301,31515,0.16627684
16302,32669,0.6982025
16303,88053,0.008191713
16304,114422,0.0059368378
16305,59752,0.0002461019
16306,56167,0.13730942
16307,52585,0.14401716
16308,80164,0.0007582891
16309,94187,0.94367266
16310,111775,0.3619964
16311,14699,0.0035933107
16312,22941,0.01017783
16313,32807,0.00085262227
16314,72706,0.504411
16315,9174,0.81751645
16316,14227,0.046658676
16317,47323,0.0012977775
16318,51238,0.0029418627
16319,49770,0.01234972
16320,27141,0.013143747
16321,92675,0.005185175
16322,65088,0.019602552
16323,1934,0.0014482153
16324,63566,0.5375059
16325,90372,0.3619964
16326,4640,0.1752005
16327,79733,0.504411
16328,1796,0.523312
16329,94053,0.7616917
16330,114463,0.00588752
16331,11506,0.481222
16332,69048,0.6185612
16333,98964,0.7375964
16334,42953,0.01017783
16335,64016,0.22588314
16336,32194,5.544428e-05
16337,62456,0.7920622
16338,10214,0.6482437
16339,99177,0.70420945
16340,49192,0.5375059
16341,42199,3.9444658e-05
16342,8619,0.8072219
16343,86805,0.025438204
16344,106995,0.028853998
16345,1074,0.00014982384
16346,81605,0.033027504
16347,70825,0.0018180332
16348,66202,0.8426527
16349,66624,0.00049426366
16350,110145,0.017859625
16351,60381,0.61799353
16352,23101,0.004306097
16353,65199,0.0123029305
16354,101489,0.8139816
16355,4953,0.0045743547
16356,86492,0.0012479126
16357,10913,0.0092181545
16358,63893,0.0025496304
16359,97684,0.8085603
16360,93800,0.00020051107
16361,87145,0.6982025
16362,99196,0.14401716
16363,24852,0.17280069
16364,16562,0.0030137459
16365,87955,0.7616917
16366,12332,0.0025762145
16367,43448,0.31973323
16368,65209,0.016521992
16369,92377,0.003813615
16370,76973,0.0009655278
16371,53652,0.033027504
16372,87222,0.6982025
16373,64487,0.005877323
16374,86473,0.039747313
16375,80878,0.0020164743
16376,93091,0.72987926
16377,43554,0.019013701
16378,99615,0.5999409
16379,12972,0.014998952
16380,95001,0.012820641
16381,29285,0.59409255
16382,20538,0.004306097
16383,17914,0.029565545
16384,75509,0.061520338
16385,34156,0.59409255
16386,63150,0.39557743
16387,11440,0.013569391
16388,104912,0.0059125572
16389,89651,0.6185612
16390,40415,0.0035153013
16391,95047,0.00080393266
16392,95439,0.00010820505
16393,4541,0.05184201
16394,49713,0.5427143
16395,17167,0.6718494
16396,74060,0.6186621
16397,11811,0.001353865
16398,3108,0.015673688
16399,27864,0.0005417505
16400,13263,0.013464442
16401,58131,0.7910294
16402,6113,0.008175477
16403,11469,0.0054169586
16404,74849,0.108328365
16405,82067,0.31973323
16406,41538,0.013265102
16407,72953,0.033027504
16408,29227,0.020547971
16409,101888,0.036526006
16410,3942,0.7231015
16411,37048,0.22588314
16412,11177,0.0334506
16413,112151,0.004266095
16414,48073,0.31932625
16415,94456,0.6185612
16416,7338,0.08930279
16417,59541,0.0030137459
16418,57665,0.7616917
16419,108440,0.033027504
16420,37746,0.001353865
16421,9640,0.008072244
16422,10816,0.73766655
16423,19070,0.0007466445
16424,26012,0.00032893877
16425,69686,0.08290729
16426,5976,0.0042250985
16427,94349,0.63507825
16428,103317,0.5999409
16429,21979,0.008692204
16430,62528,0.7295774
16431,77832,0.0018455883
16432,114801,0.04629763
16433,55785,0.5427143
16434,89481,0.5427143
16435,103471,0.0013603735
16436,28841,0.6982025
16437,9343,0.032410473
16438,47082,0.001353865
16439,105286,0.7616338
16440,5029,0.09673064
16441,74260,0.36704037
16442,25957,0.022955928
16443,70318,0.033027504
16444,25471,0.21979274
16445,26999,0.002008339
16446,67183,0.0053904853
16447,3261,0.029340554
16448,103448,0.0020010874
16449,45091,0.21979274
16450,52854,0.59409255
16451,19532,0.004415648
16452,58603,0.004326877
16453,55855,0.5427143
16454,75978,0.34098592
16455,50410,0.8072219
16456,27613,0.0014696156
16457,109487,0.52364886
16458,42287,0.016528634
16459,10835,0.010565702
16460,40075,0.13040477
16461,88359,0.015545429
16462,60394,0.0035153013
16463,96782,0.7220712
16464,56017,0.7920622
16465,20979,0.5072981
16466,80574,0.0011754419
16467,93961,0.0008615559
16468,113715,0.4503174
16469,25045,0.0014922644
16470,26515,0.0003966338
16471,115261,0.007754565
16472,57838,0.009393362
16473,28943,0.023799386
16474,52475,0.4868459
16475,12952,0.49507686
16476,103443,0.01632905
16477,19512,0.029565545
16478,96157,0.7439202
16479,48451,0.52248293
16480,20190,0.8072219
16481,21209,0.00015097814
16482,81519,0.10240164
16483,42347,0.013265102
16484,96191,0.00027331512
16485,42515,0.61799353
16486,77641,0.01486506
16487,44538,0.00020287241
16488,102067,0.3619964
16489,46334,0.001353865
16490,26927,0.019602552
16491,26660,0.019602552
16492,43907,0.49550277
16493,103006,0.007099019
16494,108574,0.5999409
16495,40184,0.0015937369
16496,115963,0.0008162456
16497,40232,0.0025887645
16498,88647,0.14401716
16499,10698,0.009166668
16500,81980,0.044036884
16501,71062,0.5787994
16502,71026,0.6185612
16503,26022,0.05476863
16504,20815,0.0054972903
16505,112472,0.0014853142
16506,66167,0.0018180332
16507,107685,0.017478535
16508,51406,0.030706884
16509,42728,0.0046774005
16510,61694,0.7616917
16511,72195,0.7920622
16512,33468,0.0068509015
16513,87174,0.5072981
16514,37177,0.008132936
16515,24206,0.49550277
16516,67226,0.5787994
16517,44622,0.81563526
16518,15459,0.045445696
16519,10758,0.0027796994
16520,106373,0.0009205658
16521,77613,5.9645132e-05
16522,17970,0.012128702
16523,63359,0.7616917
16524,83104,9.685414e-05
16525,84484,0.3619964
16526,107556,0.0006214636
16527,92440,0.39557743
16528,103546,0.034388546
16529,65275,0.016521992
16530,84933,0.5375059
16531,95904,0.00020601114
16532,22461,0.0092549315
16533,68094,0.00019455029
16534,90651,0.033027504
16535,13849,0.27636027
16536,82139,0.0019859807
16537,38926,0.054384273
16538,108620,0.0019099015
16539,13592,0.40706626
16540,31673,0.5787994
16541,100240,0.3619964
16542,56654,0.7739774
16543,86757,0.3619964
16544,92121,0.14401716
16545,108762,0.5999409
16546,12020,0.034388546
16547,82489,0.033027504
16548,25611,0.024977487
16549,79800,0.504411
16550,105287,0.6077621
16551,44046,0.13040477
16552,51774,0.0015946166
16553,115243,0.0016134646
16554,39270,0.0092549315
16555,18354,0.044770245
16556,33566,2.9504516e-05
16557,102705,0.6063789
16558,105759,0.72834224
16559,33820,0.013742469
16560,12919,0.012808806
16561,68022,0.0026927718
16562,9881,0.0024389823
16563,29201,0.00035871167
16564,113197,0.7616338
16565,104743,0.3588082
16566,69558,0.23185891
16567,9971,0.5042971
16568,61676,0.39383367
16569,71329,0.4107991
16570,61988,0.14401716
16571,38221,0.5981789
16572,85316,0.0031307705
16573,39530,0.61799353
16574,14786,0.36848506
16575,41795,0.851379
16576,96932,0.3619964
16577,49723,0.59409255
16578,48079,0.8512548
16579,4162,0.21336825
16580,50129,0.05476863
16581,80488,0.02275957
16582,26815,0.03767169
16583,67946,0.014096393
16584,33581,0.0019099015
16585,28704,0.5787994
16586,94684,0.504411
16587,82900,0.18239248
16588,19923,0.0088156825
16589,33203,0.5427143
16590,866,0.00072588096
16591,50531,0.5427143
16592,115557,0.72096616
16593,114604,0.025606757
16594,25993,7.9480036e-05
16595,36510,0.0078762
16596,80022,0.033027504
16597,7368,0.00022728638
16598,82449,0.028749755
16599,49663,0.6355375
16600,39026,0.006932296
16601,29829,0.011863592
16602,48681,0.27470013
16603,71172,0.7616917
16604,102054,0.43834177
16605,99628,0.00052839576
16606,32250,0.16627684
16607,12987,0.0026737459
16608,84079,0.006932296
16609,48119,0.6712019
16610,58367,0.17457265
16611,91377,0.0062839175
16612,7346,0.008072244
16613,52894,0.5427143
16614,90215,0.21979274
16615,37718,0.13040477
16616,69498,0.0053904853
16617,22409,0.0030183957
16618,26673,0.0059667677
16619,8373,0.0054169586
16620,34649,0.00028469675
16621,108664,0.14401716
16622,94700,0.008961343
16623,22325,0.004306097
16624,28673,0.0005789133
16625,42791,0.008292845
16626,46506,0.44410628
16627,114170,0.8233484
16628,53860,0.43834177
16629,83261,0.6480605
16630,63219,0.00019974266
16631,37349,0.024647798
16632,78301,0.42193875
16633,44054,0.0092549315
16634,60350,0.44410628
16635,5190,0.001353865
16636,95056,0.27470013
16637,100440,0.0034205038
16638,32326,0.884334
16639,34012,0.029565545
16640,50415,0.9415515
16641,8936,0.006578858
16642,73249,0.01172875
16643,68806,0.43834177
16644,57925,0.0003551187
16645,115507,0.5999409
16646,69270,0.0033630833
16647,35432,0.4107991
16648,112176,0.084584385
16649,6543,0.059773423
16650,31050,0.0044722315
16651,24191,0.6982025
16652,4305,0.033438776
16653,60201,0.0027620331
16654,29084,0.5427143
16655,104535,0.9094053
16656,6383,0.09673064
16657,14448,0.00077476725
16658,71727,0.5072981
16659,16345,0.02823047
16660,8085,0.0015587297
16661,11530,0.0005992222
16662,83785,0.021095676
16663,104562,0.7616338
16664,89301,0.012840197
16665,66229,0.065039895
16666,42064,0.8865087
16667,22755,0.008692204
16668,87472,0.7616917
16669,8634,0.00015209799
16670,81074,0.14401716
16671,4268,0.0061291214
16672,5116,0.0005938001
16673,88062,0.013782084
16674,22781,0.0030654797
16675,13718,0.0004838816
16676,53857,0.17237909
16677,104280,0.0053136116
16678,76367,0.001904468
16679,35403,0.61799353
16680,70330,0.4868459
16681,105974,0.018914152
16682,72780,0.7616917
16683,79092,0.011992719
16684,58233,0.01583257
16685,16276,0.56752956
16686,28849,0.61799353
16687,32095,0.022169856
16688,99598,0.033027504
16689,3890,0.36755353
16690,23598,0.5787994
16691,17810,0.00011751263
16692,10544,0.0012111455
16693,87566,0.504411
16694,56464,0.65744025
16695,72778,0.011992719
16696,60591,0.631487
16697,46205,0.00083558174
16698,50900,0.03677497
16699,109385,0.74324876
16700,53272,0.9572552
16701,98128,0.00010820505
16702,31344,0.009260293
16703,38790,0.038752552
16704,73237,0.008132936
16705,68479,0.8072219
16706,52068,0.00053961156
16707,108601,0.70420945
16708,106979,0.01017783
16709,105925,0.6077621
16710,82561,0.5427143
16711,50206,0.5427143
16712,24467,0.5168421
16713,112542,0.007029523
16714,22992,0.11094048
16715,31324,0.5427143
16716,95374,7.746575e-05
16717,17179,0.19737954
16718,99941,0.0067506013
16719,73740,0.43834177
16720,65350,0.004619891
16721,32886,0.6077621
16722,113140,0.0011549868
16723,17776,0.1300984
16724,23510,0.85749614
16725,73097,0.12634419
16726,56402,0.13730942
16727,66478,0.001621797
16728,18398,0.27470013
16729,99272,0.007029523
16730,108287,0.21865545
16731,107056,0.013102002
16732,3462,0.00065935723
16733,80016,0.0025762145
16734,55427,0.05792506
16735,9164,0.056715105
16736,99994,0.59278125
16737,14641,0.0025496304
16738,53796,0.0148394825
16739,59782,0.0005711812
16740,29357,0.00019504008
16741,66783,0.011992719
16742,59133,0.012201298
16743,113093,0.65744025
16744,24061,0.001353865
16745,59173,0.5672082
16746,39083,0.52248293
16747,69667,0.008292845
16748,25454,0.5168421
16749,54167,0.13730942
16750,21490,0.007029523
16751,55176,0.5787994
16752,67501,0.7616917
16753,65498,0.007029523
16754,2438,0.029340554
16755,99347,0.54492104
16756,77368,0.4107991
16757,59704,0.27470013
16758,65782,0.0020164743
16759,90693,0.3619964
16760,56465,0.039320398
16761,30734,0.8065387
16762,28410,0.00053145597
16763,93730,0.3619964
16764,50664,0.5375059
16765,860,0.046516992
16766,35453,0.6297508
16767,34589,0.59409255
16768,101196,0.34793967
16769,101611,0.8139816
16770,75065,0.18456551
16771,98460,0.88752764
16772,6051,0.0015587297
16773,88976,0.5787994
16774,59432,0.22588314
16775,100138,0.12116598
16776,10390,0.008021838
16777,82277,1.5478736e-05
16778,92507,0.0013920902
16779,107811,0.585949
16780,82491,0.11250516
16781,16002,0.007588674
16782,2946,0.0092549315
16783,9322,0.007909192
16784,39693,0.13040477
16785,53573,0.0131263975
16786,1481,0.44410628
16787,77129,0.8072219
16788,80702,0.6982025
16789,55007,0.22588314
16790,60426,0.033644553
16791,46400,0.001353865
16792,54572,0.5427143
16793,60328,0.54492104
16794,53575,0.00070061564
16795,16027,0.002387224
16796,112201,0.122441195
16797,32213,0.6077621
16798,115600,0.018802593
16799,29561,0.5427143
16800,82079,0.06255158
16801,52203,0.004287459
16802,21926,0.019013701
16803,7136,0.042923756
16804,107754,0.0059125572
16805,36740,0.003006968
16806,40637,0.0015150345
16807,25263,0.31973323
16808,107779,0.010582275
16809,70376,0.3619964
16810,83556,0.033027504
16811,112936,0.5427143
16812,40360,0.13040477
16813,65305,0.0022111223
16814,25026,0.019013701
16815,57098,0.7616917
16816,16737,0.0013078308
16817,92704,0.54492104
16818,41248,0.00054187165
16819,97077,0.98885673
16820,67419,0.0020698751
16821,67369,0.17457265
16822,187,0.0027832242
16823,39659,0.6185612
16824,104077,0.008681093
16825,41114,0.13040477
16826,112537,0.024571659
16827,17922,0.0088156825
16828,72140,0.5427143
16829,77793,0.00024760535
16830,54189,0.31973323
16831,13756,0.046658676
16832,107386,0.7616338
16833,71024,0.00034245828
16834,22889,0.5168421
16835,67953,0.0030654797
16836,53792,0.14401716
16837,17607,0.00011906593
16838,62576,7.484087e-05
16839,38450,0.00017808171
16840,104789,0.65751773
16841,47130,0.62831575
16842,54402,0.59409255
16843,101367,0.005913723
16844,50820,0.5427143
16845,47899,0.003148801
16846,18916,0.7624394
16847,51280,0.0024896516
16848,18588,0.0033313532
16849,106764,0.0020744423
16850,30937,0.7933165
16851,106082,0.1198357
16852,54987,0.8233484
16853,103787,0.0007502067
16854,25543,0.5787994
16855,11761,0.3588082
16856,108117,0.00016434741
16857,13226,0.033004504
16858,57991,0.14401716
16859,23871,0.13040477
16860,6973,0.006556449
16861,90164,0.59409255
16862,4405,0.0054169586
16863,21569,0.0088156825
16864,84313,0.10240164
16865,17463,0.008625573
16866,6517,0.029340554
16867,80507,0.65522355
16868,69179,0.31973323
16869,110286,0.0633947
16870,38272,0.39557743
16871,44896,0.44410628
16872,58310,0.002034971
16873,14056,0.014308327
16874,28930,0.5427143
16875,18421,0.01234972
16876,37926,0.001353865
16877,98491,0.025606757
16878,83757,0.008499368
16879,28437,0.00057646586
16880,44981,0.94310766
16881,66446,0.19465666
16882,56937,0.7920622
16883,19880,0.88184494
16884,79823,0.7481223
16885,96277,0.7920622
16886,107265,0.20558783
16887,43992,0.022940226
16888,42801,0.7624394
16889,26905,0.0059667677
16890,59239,0.00010764129
16891,3378,0.006868593
16892,33983,0.5427143
16893,28061,0.5427143
16894,85302,0.08709743
16895,26198,0.13730942
16896,22966,0.012808806
16897,12941,0.025606757
16898,13986,0.4868459
16899,67715,0.3857383
16900,109328,0.36704037
16901,103543,0.85704654
16902,61762,0.34098592
16903,27611,0.011834749
16904,38793,0.011324875
16905,76072,0.6472324
16906,44781,0.00023026332
16907,10080,0.05184201
16908,8336,0.008072244
16909,100099,0.00084398186
16910,24964,0.65522355
16911,52709,0.14401716
16912,79361,0.14401716
16913,100005,0.2865157
16914,34358,0.001353865
16915,108749,0.0012232809
16916,57630,0.009722014
16917,46087,0.022169856
16918,34663,0.6297508
16919,94783,0.14401716
16920,47279,0.48317924
16921,99905,0.59278125
16922,47079,0.013143747
16923,18547,0.27470013
16924,85547,0.033027504
16925,18208,0.0027662406
16926,68581,0.31932625
16927,934,0.9378573
16928,108660,0.26011735
16929,59574,0.5427143
16930,61621,0.07119869
16931,72058,0.00074675947
16932,33275,0.5427143
16933,747,0.004355526
16934,114481,0.5427143
16935,37909,0.5072981
16936,103917,0.16189902
16937,93307,0.7920622
16938,31508,0.61799353
16939,90381,0.00012383153
16940,54450,0.5427143
16941,75924,0.7616917
16942,40007,0.8072219
16943,90901,0.007029523
16944,105256,0.16023703
16945,78160,0.0015933303
16946,41128,0.003006968
16947,804,0.020197285
16948,87768,0.002129424
16949,107074,0.03714765
16950,64467,0.6297508
16951,106400,0.00010820505
16952,99945,0.061520338
16953,46529,0.0034141187
16954,14882,0.1449014
16955,14870,0.523312
16956,8476,0.47572675
16957,89561,0.3619964
16958,107684,0.0056949994
16959,77635,0.3619964
16960,57933,0.014045833
16961,15560,0.002048129
16962,90345,0.7159881
16963,13390,0.02604607
16964,61178,0.0074997195
16965,69012,0.0022111223
16966,8771,0.011537173
16967,33134,0.5427143
16968,97520,0.034388546
16969,2937,0.018062472
16970,41394,0.008681093
16971,44218,0.5427143
16972,68551,0.033027504
16973,35537,0.0014922644
16974,49575,0.01017783
16975,102980,0.00016006448
16976,64694,0.032022864
16977,56884,0.033121984
16978,108555,4.2588494e-05
16979,54688,0.3857383
16980,57730,0.032022864
16981,66888,0.3619964
16982,21753,0.14401716
16983,12064,0.008952463
16984,68313,0.5787994
16985,63083,0.14401716
16986,77324,0.5072981
16987,89807,0.005185175
16988,50458,0.5072981
16989,50780,0.001353865
16990,96447,0.04571049
16991,6196,0.056783542
16992,100725,0.52364886
16993,11207,0.481222
16994,22648,0.046658676
16995,42021,0.36848506
16996,196,0.033238497
16997,98231,0.14401716
16998,73340,0.7920622
16999,60978,0.86895704
17000,10461,0.05184201
17001,95822,0.31932625
17002,59051,0.9261275
17003,52935,0.13730942
17004,23933,0.0014432844
17005,21509,0.0021939091
17006,42773,0.31973323
17007,6122,0.0011209351
17008,68622,0.31932625
17009,109340,0.0012624911
17010,63454,0.004697797
17011,3265,0.7749112
17012,12774,0.03087039
17013,113539,0.504411
17014,110089,8.02116e-05
17015,30201,0.9469042
17016,32134,0.5427143
17017,36948,0.011324875
17018,80398,0.21865545
17019,7371,0.022601707
17020,110135,0.00024133446
17021,33361,0.00029256535
17022,94526,0.0006980235
17023,16379,0.001353865
17024,71087,0.01017783
17025,115877,0.03245519
17026,25699,0.21979274
17027,104877,0.3588082
17028,77143,0.13730942
17029,32682,0.50492847
17030,7441,0.010565702
17031,38207,0.19320838
17032,56166,0.0006147537
17033,40406,0.61799353
17034,63732,0.0006618201
17035,71219,0.6063789
17036,65629,0.00015637999
17037,97241,0.14401716
17038,43856,0.0058439407
17039,108954,0.49550277
17040,22730,0.00025174493
17041,90767,0.3619964
17042,59584,0.82215583
17043,2115,0.0059368378
17044,99757,8.4062944e-05
17045,68408,0.3619964
17046,33482,0.31973323
17047,52967,0.59409255
17048,15307,0.044409733
17049,30981,0.0014698564
17050,103113,0.75960886
17051,37381,0.14516844
17052,13386,0.016521992
17053,64556,1.838203e-05
17054,3297,0.24939398
17055,61736,0.7616917
17056,56951,0.13730942
17057,76341,0.042940665
17058,35465,0.00034487687
17059,52619,0.17457265
17060,90218,0.011600402
17061,20086,0.003711613
17062,100139,0.00010820505
17063,46366,0.005137281
17064,19741,0.004179484
17065,19079,0.0088156825
17066,103064,0.005185175
17067,25006,0.007746303
17068,83461,0.23185891
17069,41268,0.019368267
17070,35462,0.01583257
17071,64012,0.27470013
17072,12420,0.0024995452
17073,92356,0.608854
17074,31824,0.018802593
17075,2079,0.10499385
17076,48758,0.9801732
17077,104679,0.002205348
17078,51740,0.0131263975
17079,70762,0.000113922106
17080,18049,0.046658676
17081,15192,0.10631808
17082,115980,0.7616338
17083,47820,0.008132936
17084,30861,0.5427143
17085,34248,0.04314553
17086,31189,0.002008339
17087,108174,0.42193875
17088,41953,0.81498784
17089,112998,0.0059125572
17090,52206,0.5427143
17091,62152,0.013143747
17092,103715,0.7616338
17093,28891,0.008309482
17094,40940,0.31973323
17095,6945,0.0030654797
17096,76547,0.009222873
17097,68393,0.3619964
17098,77927,0.061520338
17099,81819,0.033027504
17100,55261,0.59409255
17101,110048,0.0059125572
17102,5112,0.9264241
17103,72289,0.0011643132
17104,88258,0.0005912295
17105,35953,0.10404422
17106,51211,0.003803074
17107,88541,0.015545429
17108,51142,0.5787994
17109,33043,0.0020164743
17110,99392,0.011886756
17111,23001,0.015132328
17112,65885,0.00054187165
17113,21691,0.084790766
17114,62328,0.12634419
17115,82242,0.00039645538
17116,53367,0.59409255
17117,104799,0.7587832
17118,23285,0.5072981
17119,58267,0.033027504
17120,19068,0.001353865
17121,97447,0.121940404
17122,16099,0.0026729235
17123,101152,0.032022864
17124,111430,0.00014240442
17125,75303,0.6186621
17126,56741,0.033027504
17127,3563,0.16761275
17128,61308,0.7481223
17129,38076,0.007029523
17130,17761,0.05664781
17131,27091,0.0004001775
17132,35421,0.0017230748
17133,6570,0.0010718778
17134,328,0.01371935
17135,63726,0.49550277
17136,74872,0.032022864
17137,49338,0.05315862
17138,91446,0.00032391262
17139,72662,0.52248293
17140,84285,0.14401716
17141,15306,0.0044722315
17142,40104,0.39557743
17143,42402,0.008309482
17144,69134,0.62426704
17145,80201,0.6063789
17146,111873,0.0021905163
17147,10226,0.003826568
17148,42862,0.008329132
17149,70903,0.033027504
17150,71083,0.7616917
17151,84353,0.14401716
17152,70339,0.6063789
17153,30880,0.59409255
17154,47739,0.011324875
17155,85770,0.005877323
17156,103725,0.07934547
17157,7259,0.73513407
17158,75268,0.16627684
17159,73106,0.49550277
17160,13571,0.49507686
17161,87920,0.7616917
17162,24748,0.001353865
17163,20603,0.00783156
17164,6149,0.05184201
17165,32834,0.3582536
17166,3049,0.00022281795
17167,99529,0.49364203
17168,83503,0.3619964
17169,32702,0.5168421
17170,36751,0.007754275
17171,49966,0.0177176
17172,9370,0.006578858
17173,95849,0.00011746468
17174,7817,0.7895489
17175,61857,0.0035153013
17176,34987,0.5427143
17177,27738,0.49550277
17178,65652,0.016521992
17179,10363,0.45980817
17180,87173,0.17457265
17181,87638,0.3619964
17182,39518,0.015961219
17183,8141,0.001550472
17184,16155,0.0030137459
17185,53467,0.0015946166
17186,64606,0.12634419
17187,71986,0.08396994
17188,61618,0.013143747
17189,91290,0.3619964
17190,64521,0.01017783
17191,59825,0.0016663102
17192,61442,0.0023202146
17193,81093,0.022053696
17194,94371,0.5427143
17195,75338,0.00044911227
17196,75084,0.000895239
17197,71604,0.012808806
17198,48634,0.0002989806
17199,26002,0.3922606
17200,54880,0.8072219
17201,77393,0.00018864864
17202,21950,0.3387435
17203,50184,0.52248293
17204,61380,0.5787994
17205,10995,0.0005259868
17206,57661,0.5427143
17207,41366,0.021270191
17208,25426,0.0042011044
17209,112666,0.00024523336
17210,106174,0.00014650237
17211,6853,0.0023677375
17212,47293,0.13040477
17213,43858,0.12634419
17214,12379,0.523312
17215,91047,0.504411
17216,54476,0.5427143
17217,114701,0.006728
17218,75319,0.016528634
17219,62175,0.5072981
17220,78755,0.5427143
17221,20152,0.015256737
17222,68494,0.3619964
17223,8049,0.0009000204
17224,32212,0.16627684
17225,69265,0.0053904853
17226,86373,0.41298148
17227,72039,0.82215583
17228,45365,0.033661835
17229,40685,0.020547971
17230,24845,0.004376268
17231,51552,0.0014922644
17232,101464,0.033027504
17233,63036,0.013143747
17234,59726,0.6063789
17235,89513,0.7616917
17236,22285,0.001353865
17237,12210,0.014237268
17238,16128,0.0020271007
17239,31825,0.61799353
17240,106340,0.5999409
17241,40027,0.5168421
17242,96696,0.3619964
17243,58737,0.00010820505
17244,58004,0.5672082
17245,40596,0.0025432997
17246,42611,0.0015946166
17247,100726,0.033027504
17248,97745,0.75546914
17249,30288,0.0035041845
17250,63741,0.0022111223
17251,53791,0.033027504
17252,73211,0.31932625
17253,19189,0.00035894787
17254,1560,0.059773423
17255,29036,0.008132936
17256,44216,0.5427143
17257,70167,0.0035153013
17258,80926,0.015545429
17259,23079,0.21865545
17260,82364,0.017014313
17261,50939,0.13730942
17262,26738,0.007276774
17263,53152,0.01017783
17264,31877,0.0006916552
17265,106522,0.04289046
17266,108053,0.0014172264
17267,19425,0.0070240037
17268,49475,0.0060585644
17269,4347,0.033438776
17270,78771,0.00026007756
17271,64030,0.042725142
17272,13410,0.00019486832
17273,38918,0.019013701
17274,25344,0.36848506
17275,52928,0.033027504
17276,53323,0.36848506
17277,103195,6.56284e-05
17278,111340,0.49364203
17279,93858,3.5410238e-05
17280,95643,0.0035153013
17281,30715,0.003243539
17282,30651,0.5427143
17283,100952,0.0001342444
17284,23858,0.13040477
17285,66657,0.0005711812
17286,62560,0.0088156825
17287,88438,0.05909461
17288,96556,0.0022117852
17289,23316,0.27032498
17290,32582,0.6077621
17291,108914,0.007029523
17292,111209,0.0633947
17293,9006,0.0324319
17294,4738,0.05184201
17295,115919,0.6846839
17296,30322,0.00020639492
17297,89741,0.7616917
17298,13487,0.03087039
17299,45210,0.0031593165
17300,98098,0.3619964
17301,57771,0.5072981
17302,43908,0.011324875
17303,28018,0.008138208
17304,46784,0.019013701
17305,5717,0.022601707
17306,86355,0.5072981
17307,65499,0.13730942
17308,87848,0.0062839175
17309,72021,0.01017783
17310,38810,0.79190236
17311,12436,0.6982025
17312,86041,0.7920622
17313,33602,0.13730942
17314,97709,0.054342207
17315,19154,0.8233484
17316,51680,0.037220772
17317,33243,0.17013359
17318,107301,0.063201606
17319,94458,0.5427143
17320,18733,0.00015394313
17321,83859,0.004933992
17322,51396,0.004326877
17323,113503,0.39557743
17324,25599,0.002387224
17325,106934,0.020648248
17326,43156,0.16627684
17327,54458,0.0010283916
17328,32067,0.5427143
17329,64601,0.0071900496
17330,78810,0.5427143
17331,26172,0.8590712
17332,101947,7.664418e-05
17333,21766,0.13040477
17334,74288,0.015604971
17335,114143,0.033027504
17336,99406,0.5999409
17337,33963,0.008132936
17338,96868,0.034388546
17339,31756,0.013143747
17340,5611,0.018432667
17341,63341,0.0088156825
17342,102502,0.0038557483
17343,94264,0.42920652
17344,5398,0.00018700743
17345,63521,0.0012045783
17346,20297,0.23185891
17347,66066,0.011600402
17348,26569,0.016565625
17349,15446,3.7552625e-05
17350,78455,0.039320398
17351,100175,0.008220183
17352,80546,0.00081225095
17353,18725,0.001353865
17354,105885,0.21865545
17355,48224,0.5072981
17356,6143,0.0007710658
17357,49291,0.052630268
17358,41303,0.00011665497
17359,113251,0.002785904
17360,64216,0.36848506
17361,62218,0.39557743
17362,58411,0.8072219
17363,52791,0.05776599
17364,14143,0.033661835
17365,49122,0.06290693
17366,100441,0.27470013
17367,10606,0.27636027
17368,91694,0.7616917
17369,78769,0.00034245828
17370,16286,0.81498784
17371,98285,0.05776599
17372,87297,0.033027504
17373,5908,0.013816166
17374,4334,0.020197285
17375,106014,0.21865545
17376,24450,0.033130627
17377,47073,0.043799154
17378,77155,0.0004937904
17379,91854,0.3619964
17380,113146,0.59409255
17381,89217,0.7616917
17382,47184,0.019013701
17383,43261,0.00071655767
17384,48432,0.31932625
17385,73573,0.0032409227
17386,47662,0.00020778262
17387,3593,0.08930279
17388,66663,0.12634419
17389,25080,0.0034286473
17390,96315,0.014237268
17391,104812,0.533381
17392,81870,0.023799386
17393,6835,0.32853734
17394,18073,0.523312
17395,19658,0.016521992
17396,62164,0.033027504
17397,4127,0.020197285
17398,85663,0.05792506
17399,37666,0.015030122
17400,57743,0.042094257
17401,64236,0.6297508
17402,50386,0.0037805499
17403,81321,0.015545429
17404,18440,0.17013359
17405,90007,0.00807344
17406,54158,0.017054755
17407,23817,0.002835869
17408,9675,0.0054169586
17409,21156,0.25119156
17410,61866,0.0015946166
17411,46984,0.31973323
17412,39439,0.13040477
17413,97361,0.5151552
17414,11743,0.6771808
17415,103174,0.0052271355
17416,98190,0.122441195
17417,26998,0.0150690535
17418,90579,0.59278125
17419,91827,0.03410196
17420,81695,0.14401716
17421,2867,0.08930279
17422,35250,0.5427143
17423,11547,0.015550318
17424,33390,0.00042945793
17425,68583,0.7616917
17426,48488,0.005185175
17427,93040,0.033027504
17428,35020,0.5072981
17429,68184,0.0006432278
17430,16004,0.019602552
17431,99571,0.00043610443
17432,46273,0.011324875
17433,3116,0.387595
17434,20224,0.014937877
17435,38440,0.000116189694
17436,28449,0.5427143
17437,101292,0.008211045
17438,6680,0.0017537593
17439,54443,0.14401716
17440,18168,0.0016361916
17441,38004,0.005558253
17442,80660,0.033027504
17443,7303,0.072836444
17444,19932,0.010288136
17445,4279,0.056783542
17446,109917,0.007763665
17447,28225,0.0007859872
17448,11046,0.009760076
17449,108454,0.49364203
17450,96641,0.3619964
17451,21076,0.6771808
17452,14020,0.523312
17453,72747,0.01376545
17454,84393,0.5427143
17455,114383,0.6077621
17456,109808,0.7159881
17457,106294,0.01017783
17458,51964,0.08879201
17459,95551,0.00878813
17460,36653,0.20558783
17461,73723,0.02961867
17462,102783,0.7481223
17463,104856,0.0006214636
17464,81204,0.061520338
17465,111061,0.014987678
17466,99125,0.5999409
17467,63429,0.032821257
17468,2686,0.5730957
17469,91566,0.10240164
17470,11009,0.0324319
17471,90293,0.7920622
17472,86070,0.21805082
17473,59517,0.12634419
17474,9391,0.05184201
17475,49564,0.5427143
17476,74489,0.8072219
17477,70361,4.8476155e-05
17478,96707,0.033027504
17479,82983,0.6355375
17480,60929,0.59409255
17481,18866,0.0046426766
17482,15130,0.0131263975
17483,28477,0.65522355
17484,104965,0.00016540404
17485,73653,0.42193875
17486,5336,0.00082357955
17487,85401,0.0016869907
17488,100468,0.0007363735
17489,46440,0.001353865
17490,103114,6.162286e-05
17491,92961,0.10240164
17492,63486,0.003578549
17493,102699,0.034388546
17494,84260,0.7616917
17495,30611,0.06289564
17496,33337,0.0131263975
17497,17584,0.89158785
17498,73101,0.8590712
17499,67256,0.17700206
17500,97777,0.33730337
17501,67188,0.3619964
17502,38476,0.013003092
17503,90470,0.027030254
17504,103857,0.7616338
17505,106471,0.3588082
17506,6103,0.017256657
17507,56553,0.17013359
17508,40795,0.00067766197
17509,97673,0.033027504
17510,56346,0.7920622
17511,33220,0.59409255
17512,64958,0.024647798
17513,271,0.5042971
17514,43175,0.0034434209
17515,17828,0.0047204033
17516,5807,0.481222
17517,76239,0.5072981
17518,84728,0.033027504
17519,75700,0.7920622
17520,59581,0.44410628
17521,28982,0.5787994
17522,50541,0.033661835
17523,59322,0.0026695353
17524,88672,0.0021357485
17525,91906,0.14401716
17526,99074,0.26011735
17527,99427,0.8139816
17528,9407,0.015463561
17529,58681,0.0002461019
17530,14689,0.015967939
17531,38854,0.002387224
17532,20658,0.6771808
17533,109665,0.8139816
17534,54154,0.36704037
17535,55792,0.17013359
17536,113908,0.004707072
17537,67538,0.026718179
17538,1307,0.020197285
17539,102456,0.31932625
17540,68815,0.6982025
17541,62526,0.013143747
17542,79157,0.033027504
17543,46828,0.0092549315
17544,27490,0.025606757
17545,63892,0.6297508
17546,36204,0.0018520455
17547,78113,4.6451358e-05
17548,13372,0.87925065
17549,19153,0.026718179
17550,20777,8.804118e-05
17551,13474,0.6771808
17552,96596,0.858194
17553,77531,0.00726674
17554,16221,0.46285427
17555,90488,0.31932625
17556,86391,0.039320398
17557,13549,0.36297506
17558,39627,0.6982126
17559,3427,0.0035316062
17560,3591,0.73766655
17561,80274,0.5072981
17562,35548,0.0024243928
17563,49504,0.028440367
17564,22910,0.010935342
17565,113886,2.0719346e-05
17566,27878,0.13730942
17567,113363,0.77069926
17568,61239,0.5072981
17569,62923,0.7616917
17570,113315,0.0059125572
17571,19227,0.047322333
17572,105821,0.65751773
17573,64867,0.00018286826
17574,61790,0.00084398186
17575,81745,0.0114292
17576,64161,0.00054187165
17577,65121,0.7295774
17578,70404,0.3619964
17579,91311,0.036180433
17580,40737,0.001353865
17581,33165,0.0011126392
17582,65501,0.22588314
17583,67273,0.3619964
17584,24221,0.0040797824
17585,34066,0.014064315
17586,18907,0.046658676
17587,69492,0.23185891
17588,59030,0.033661835
17589,28926,0.0037425125
17590,111049,0.0881926
17591,20629,0.00075867656
17592,69920,0.3582536
17593,62050,0.5072981
17594,100571,0.94166595
17595,583,0.006578858
17596,4276,0.02482173
17597,31876,0.72096616
17598,64331,0.032022864
17599,73163,0.013450946
17600,26730,0.013143747
17601,43512,0.013265102
17602,110177,0.0038966767
17603,7851,0.01556092
17604,23355,0.5168421
17605,63749,0.00056364364
17606,98433,0.608854
17607,56782,0.030173529
17608,86915,0.00054187165
17609,105185,0.011239282
17610,33933,0.7843891
17611,56333,0.4107991
17612,3070,0.008072244
17613,27228,0.1296621
17614,60483,0.7616917
17615,96320,0.689935
17616,57749,0.0004946242
17617,101056,0.43834177
17618,10625,0.020077558
17619,72111,0.14401716
17620,107144,0.4981109
17621,37862,0.00091923133
17622,1231,0.0027796994
17623,8154,0.01371935
17624,13049,0.3387435
17625,49904,0.0027404714
17626,28211,0.5960657
17627,53092,0.0058439407
17628,102694,0.0009505258
17629,107763,0.033027504
17630,82152,0.0055642705
17631,113754,0.001539836
17632,66993,0.7481223
17633,13615,0.6982025
17634,24267,0.31973323
17635,69148,0.0016585024
17636,73510,0.0024955217
17637,32374,0.10998746
17638,90936,0.86259705
17639,86852,0.0053904853
17640,89249,0.015545429
17641,93828,0.7580624
17642,87723,0.004526328
17643,102287,0.6185612
17644,98430,0.5999409
17645,112030,0.7220712
17646,51575,0.91309136
17647,89406,0.001173118
17648,88666,0.0007997002
17649,72053,0.007029523
17650,112808,0.0035672025
17651,106930,0.49364203
17652,67104,0.00020782958
17653,93711,0.59278125
17654,38845,0.032022864
17655,97821,3.5159053e-05
17656,15537,0.19465666
17657,8224,0.05184201
17658,98454,0.5999409
17659,15071,0.5072981
17660,36802,0.0092549315
17661,49584,0.49550277
17662,105100,0.26011735
17663,102506,0.0026656725
17664,40170,0.8072219
17665,59249,0.27470013
17666,99409,0.5980179
17667,76001,0.7243738
17668,71317,0.7616917
17669,42944,0.0001579719
17670,29677,0.5427143
17671,73901,0.6185612
17672,7402,0.0005689404
17673,83693,0.022053696
17674,11623,0.01371935
17675,72450,0.5072981
17676,56758,0.504411
17677,30327,0.0005432625
17678,53097,0.24478038
17679,15291,0.001353865
17680,93402,0.31932625
17681,58620,0.005329171
17682,69902,0.14401716
17683,74549,0.00726674
17684,22277,0.0010818559
17685,77229,0.14401716
17686,71967,0.005185175
17687,43228,0.21979274
17688,14999,0.0092549315
17689,36712,0.004455762
17690,107216,0.0059125572
17691,5685,0.7895489
17692,95196,0.14401716
17693,27496,0.00060390704
17694,98123,0.27032498
17695,58898,0.7616917
17696,75127,0.12634419
17697,16911,0.0011587726
17698,98028,6.563497e-05
17699,76164,0.7243738
17700,33377,0.504411
17701,114527,0.00029012543
17702,34462,0.0075795795
17703,76717,0.3619964
17704,86950,0.14401716
17705,86910,0.3619964
17706,112549,0.7616338
17707,64809,0.0033898477
17708,45772,0.0022763459
17709,108996,0.000401438
17710,56169,0.0014853142
17711,76041,0.015545429
17712,62861,0.00726674
17713,12265,0.01376545
17714,65029,0.00033226295
17715,69409,0.7616917
17716,106806,0.5980179
17717,75197,0.00034584865
17718,17220,0.27636027
17719,28686,0.017478535
17720,89205,4.0532334e-05
17721,70805,0.7616917
17722,73990,0.8072219
17723,92931,0.13730942
17724,115858,0.8675685
17725,23301,0.010723046
17726,32991,0.041615963
17727,5389,0.8868337
17728,55807,0.038769457
17729,47562,0.5072981
17730,102731,0.13730942
17731,95694,0.016521992
17732,21853,0.7295774
17733,54243,0.85749614
17734,113803,0.063201606
17735,42666,0.13730942
17736,60887,0.4107991
17737,52578,0.14401716
17738,36250,0.0014922644
17739,33087,0.003761745
17740,97368,0.17013359
17741,17931,0.0614554
17742,88072,0.027030254
17743,41325,0.8072219
17744,45620,0.6982025
17745,15159,0.89158785
17746,679,0.0018705095
17747,42609,0.02451699
17748,103374,0.43834177
17749,70068,0.7920622
17750,56507,0.027030254
17751,74888,0.5072981
17752,766,0.4503174
17753,30748,0.1363911
17754,100613,0.70420945
17755,77945,1.1323852e-05
17756,31522,0.5168421
17757,72906,0.31932625
17758,28089,0.022053696
17759,57282,0.021004777
17760,95864,0.0067506013
17761,19638,0.08090623
17762,2442,0.040206905
17763,34684,0.00073283253
17764,75481,0.042940665
17765,46739,0.021035152
17766,98794,0.93920165
17767,62414,0.0088156825
17768,33975,0.5427143
17769,54485,0.0015367182
17770,88678,0.896449
17771,70784,0.3619964
17772,63104,0.021786267
17773,77301,0.00029300526
17774,113914,0.48875964
17775,62093,0.14401716
17776,97715,0.6301365
17777,84872,0.033027504
17778,106080,0.22588314
17779,23689,0.0013248376
17780,60878,0.27470013
17781,74712,0.43447396
17782,91016,0.3619964
17783,57567,0.002335478
17784,11115,0.0054169586
17785,54270,0.0018123585
17786,98269,0.12161389
17787,89523,0.7920622
17788,99459,0.00020601114
17789,112602,8.329016e-05
17790,90885,0.003006968
17791,37299,0.59409255
17792,86930,0.14401716
17793,62000,0.7616917
17794,107843,0.0633947
17795,110823,0.5999409
17796,25821,0.6032943
17797,34184,0.0004885626
17798,63802,0.00031681938
17799,82967,0.7616917
17800,3247,0.56675076
17801,107869,0.033027504
17802,44482,0.00019307321
17803,49819,0.001353865
17804,25043,0.0004926421
17805,99798,0.005441499
17806,40305,0.011324875
17807,2883,0.019608071
17808,85764,0.039747313
17809,96270,0.033027504
17810,24971,0.13040477
17811,67243,0.0008632915
17812,93646,0.016061112
17813,102062,0.008132936
17814,101156,0.00027324373
17815,67861,0.5787994
17816,51471,0.6185612
17817,9096,0.020197285
17818,55028,0.5427143
17819,70094,0.0005417838
17820,30098,0.14592786
17821,73368,0.0025194823
17822,35155,0.0059368378
17823,99591,7.095909e-05
17824,35027,0.007029523
17825,8461,0.05693387
17826,65164,0.00012692921
17827,27876,0.013143747
17828,9981,0.7895489
17829,6682,0.0054169586
17830,111000,0.24344717
17831,73817,0.5072981
17832,109815,2.5286066e-05
17833,11055,0.008876673
17834,46695,0.006333401
17835,75746,0.5072981
17836,18813,0.000117665455
17837,55616,0.013143747
17838,19700,0.046658676
17839,20930,0.0088156825
17840,55404,0.01017783
17841,70355,0.7920622
17842,51822,0.008132936
17843,58947,0.5787994
17844,45671,0.013143747
17845,15676,0.1198357
17846,28203,0.0008450356
17847,31617,0.0019496239
17848,59753,0.12634419
17849,28608,0.0010075767
17850,93936,0.019844448
17851,101224,0.032022864
17852,35657,0.038752552
17853,77998,0.5787994
17854,88635,0.8833963
17855,45401,0.015571487
17856,43050,0.6355375
17857,39065,0.039320398
17858,12056,0.7231015
17859,41771,0.007952821
17860,12,0.002387224
17861,27815,0.5072981
17862,64457,4.271556e-05
17863,16115,0.002387224
17864,87425,0.033027504
17865,81286,0.14401716
17866,8697,0.000774737
17867,83871,0.00064511417
17868,70274,0.5072981
17869,56445,0.01583257
17870,109057,0.014128404
17871,61683,0.033027504
17872,18893,0.007588674
17873,68842,0.3619964
17874,8834,0.5037168
17875,19152,0.0001293804
17876,91302,0.7220712
17877,77569,0.0042766426
17878,85705,0.00010820505
17879,99420,0.7220712
17880,102684,0.6185612
17881,90391,0.3619964
17882,71781,0.7616917
17883,43281,0.008138208
17884,24711,0.36704037
17885,75180,0.032022864
17886,11196,0.0016274452
17887,99047,0.17457265
17888,83571,0.0028594204
17889,70091,0.4868459
17890,95208,0.00084809004
17891,50806,0.34098592
17892,35078,0.59409255
17893,56028,0.5427143
17894,105108,0.037220772
17895,5379,0.0028135278
17896,83023,0.3619964
17897,97995,0.06399289
17898,99497,0.10240164
17899,108733,0.49550277
17900,51907,0.0062839175
17901,5930,0.0017537593
17902,6832,0.0064578913
17903,58409,0.61799353
17904,6434,0.1008233
17905,34562,0.004376268
17906,110278,0.3619964
17907,11003,0.020077558
17908,1735,0.0039292662
17909,58116,0.00066212105
17910,30995,0.0060585644
17911,19095,0.0088156825
17912,37887,0.01486506
17913,12650,0.016521992
17914,63020,0.13730942
17915,26278,0.13040477
17916,107286,0.8065387
17917,60600,0.0002461019
17918,36205,0.1296621
17919,48009,0.3582536
17920,105601,0.5999409
17921,60896,0.05776599
17922,24353,0.021035152
17923,33878,0.16627684
17924,12708,0.0028135278
17925,20057,0.523312
17926,38467,0.001353865
17927,8534,0.5037168
17928,77548,0.0016585024
17929,73570,0.011992719
17930,19362,0.0023377703
17931,49551,0.5072981
17932,53948,0.0009505258
17933,56978,0.001353865
17934,47057,0.013143747
17935,47974,0.0020463404
17936,9301,0.086525634
17937,100045,0.022507805
17938,16982,0.85749614
17939,36037,0.27470013
17940,17809,0.0018543431
17941,27005,0.5427143
17942,111687,0.5999409
17943,49776,0.021035152
17944,15801,0.016521992
17945,77045,0.058548525
17946,11752,0.6771808
17947,3743,0.040206905
17948,58468,0.026167093
17949,50967,0.0015946166
17950,15300,0.56752956
17951,14000,0.36704037
17952,83498,0.005185175
17953,115155,0.42487767
17954,99981,0.3588082
17955,5616,0.5042971
17956,14756,0.00014982384
17957,37680,0.7957152
17958,19268,0.86895704
17959,26384,0.09171479
17960,93076,0.49364203
17961,79967,0.14401716
17962,90211,0.59278125
17963,91642,0.17457265
17964,103287,0.0005408203
17965,34439,0.00085262227
17966,110375,0.008078019
17967,106033,0.14401716
17968,100790,0.7553353
17969,113997,0.01573686
17970,39752,0.013143747
17971,39720,0.013143747
17972,214,0.0029509936
17973,55373,0.10240164
17974,100524,0.59278125
17975,8337,0.0027796994
17976,40529,0.3857383
17977,43431,0.013265102
17978,96663,0.027030254
17979,24591,0.00060154835
17980,11941,0.3857383
17981,57887,0.31973323
17982,44679,0.0054169586
17983,10778,0.0027796994
17984,77370,0.02263053
17985,36145,0.5072981
17986,47046,0.001353865
17987,91995,0.0112617295
17988,12792,0.0054088673
17989,3046,0.8576125
17990,47926,0.5960657
17991,55259,0.5787994
17992,11226,0.020197285
17993,41596,0.004678455
17994,12166,0.3857383
17995,64788,0.019602552
17996,83060,0.008499368
17997,59284,0.00055099645
17998,7289,0.0006588987
17999,49611,0.6982025
18000,20566,0.82215583
18001,57049,0.5427143
18002,81217,7.625438e-05
18003,33504,0.6077621
18004,20616,0.09315548
18005,76057,0.020478815
18006,62122,0.73283136
18007,54190,0.002352504
18008,46331,0.0004331764
18009,81717,0.59409255
18010,8844,0.0054169586
18011,92847,0.043944627
18012,85801,0.31932625
18013,21416,0.13730942
18014,26040,0.0030453033
18015,92530,0.50492847
18016,57938,0.82215583
18017,99298,0.0052271355
18018,65488,0.0006246379
18019,93360,0.7920622
18020,43100,0.00026260538
18021,47067,0.005646453
18022,1003,0.0034008487
18023,32623,0.00066139543
18024,29789,0.20558783
18025,111645,0.7920622
18026,34044,0.97435534
18027,89630,0.7616917
18028,99019,0.01149769
18029,19799,0.00021625911
18030,101605,0.88752764
18031,105053,0.00013209727
18032,65247,0.0016146947
18033,78010,0.019602552
18034,52336,0.00037333477
18035,46090,0.13040477
18036,19530,0.0005251064
18037,60319,0.59409255
18038,25951,0.13040477
18039,81742,0.43834177
18040,67095,0.17457265
18041,105569,0.9094053
18042,48593,0.9418105
18043,57797,0.5072981
18044,94448,0.7920622
18045,40179,0.019013701
18046,46351,0.13040477
18047,31573,0.001353865
18048,5578,0.0015587297
18049,86462,0.002610639
18050,82880,0.016521992
18051,63503,0.10240164
18052,6204,0.051020447
18053,30502,0.00010278221
18054,34873,0.007141663
18055,24878,0.013143747
18056,91959,0.007029523
18057,96843,0.42193875
18058,54312,0.01017783
18059,55512,5.841558e-05
18060,30086,0.5427143
18061,101009,0.7602656
18062,44508,0.31973323
18063,106518,0.06115445
18064,19509,0.001353865
18065,91676,0.006578858
18066,97713,4.2604624e-05
18067,88042,0.015545429
18068,105360,0.116779774
18069,75522,0.16627684
18070,47741,0.5960657
18071,114474,0.0062839175
18072,1466,0.001353865
18073,78299,0.7920622
18074,58532,0.020547971
18075,6503,0.00019117811
18076,43502,0.36704037
18077,44340,0.65522355
18078,114125,0.0034180132
18079,4727,0.052364726
18080,17530,0.00029170973
18081,57465,0.007029523
18082,27169,0.01371935
18083,23327,0.0032538706
18084,86861,0.016521992
18085,48034,0.5427143
18086,1530,1.22102e-05
18087,99301,0.007029523
18088,84799,0.31932625
18089,108282,0.14401716
18090,105460,0.0059125572
18091,39580,0.27470013
18092,21806,0.0036459698
18093,52039,0.021035152
18094,59942,0.17457265
18095,14850,0.001286559
18096,66078,0.00030663516
18097,48654,0.0013338444
18098,12955,0.046658676
18099,13407,0.00091091584
18100,114375,0.26011735
18101,55899,0.7920622
18102,42599,0.004342553
18103,13138,0.017896725
18104,73932,0.14401716
18105,60892,0.7616917
18106,42950,0.21979274
18107,59229,0.65744025
18108,101260,0.0025762145
18109,54331,0.0060585644
18110,43460,0.013143747
18111,85122,0.65744025
18112,64883,0.0022889269
18113,78564,0.015030122
18114,62889,0.00034487687
18115,112630,0.020648248
18116,79974,0.013276436
18117,6232,0.010320805
18118,103380,0.5857753
18119,97206,0.14401716
18120,40554,0.12634419
18121,67711,0.82215583
18122,102360,0.033027504
18123,16432,0.009040348
18124,78686,0.5427143
18125,84328,0.36704037
18126,34399,0.0015107882
18127,79561,0.033027504
18128,29995,0.01583257
18129,78870,0.19465666
18130,41069,0.54020727
18131,23454,0.001353865
18132,57761,0.0037813291
18133,96718,0.43834177
18134,28314,0.21979274
18135,61253,0.7481223
18136,11627,0.015757537
18137,76083,0.020478815
18138,56328,0.00034736237
18139,91647,0.31932625
18140,7740,0.008096196
18141,81088,0.016528634
18142,99982,0.000120482015
18143,66814,0.01371935
18144,41328,0.01583257
18145,78819,0.8865087
18146,67441,0.007574269
18147,94978,0.8139816
18148,71702,0.689935
18149,68363,0.00485371
18150,107767,0.033027504
18151,74821,0.10240164
18152,55472,0.44410628
18153,67561,0.032232128
18154,18219,0.0056898254
18155,87251,0.3619964
18156,15889,1.16684405e-05
18157,108209,0.7616338
18158,3432,0.45980817
18159,48455,0.12755616
18160,30492,0.6077621
18161,54521,0.7888377
18162,46890,0.013143747
18163,32389,0.5427143
18164,114787,0.008237901
18165,83067,0.3619964
18166,82378,0.5072981
18167,107507,0.56445324
18168,97264,0.88752764
18169,33526,0.00051613257
18170,41392,0.0131263975
18171,44318,0.0035153013
18172,48522,0.03714765
18173,20169,0.04648292
18174,80401,0.3619964
18175,86718,0.8590712
18176,33981,0.31973323
18177,52189,0.038752552
18178,9876,0.0025342687
18179,8308,7.161003e-05
18180,53398,0.0026495138
18181,15813,0.00022153759
18182,24617,0.8233484
18183,101782,0.007029523
18184,33207,0.020547971
18185,102489,0.43834177
18186,60599,0.93920165
18187,43287,0.00035948705
18188,82584,0.0026927718
18189,91752,0.23185891
18190,69660,0.008724595
18191,36127,0.008374483
18192,38268,0.0092549315
18193,37405,0.032022864
18194,71121,0.4700601
18195,93246,0.001595597
18196,16051,0.002387224
18197,25693,0.0015418233
18198,97877,0.032022864
18199,73677,0.011992719
18200,14664,0.02055002
18201,102758,0.27032498
18202,22840,0.043874912
18203,109898,0.01450531
18204,55029,0.22588314
18205,115839,0.0014922644
18206,106703,0.0021298493
18207,84170,0.033027504
18208,93487,0.8896136
18209,75459,0.033027504
18210,81534,0.8072219
18211,75592,0.0003696141
18212,4156,0.022601707
18213,72834,0.14401716
18214,66773,0.504411
18215,67046,0.7051278
18216,68550,0.0023066094
18217,27373,0.013143747
18218,1412,0.21336825
18219,30753,0.0092549315
18220,84323,0.12634419
18221,69241,0.0004885626
18222,100489,0.17457265
18223,6848,0.7200866
18224,99854,0.3619964
18225,66398,0.016521992
18226,27603,0.7920622
18227,48614,0.5787994
18228,46097,0.0034755212
18229,44656,0.8465671
18230,99117,0.26011735
18231,99521,0.16023703
18232,23420,0.3387435
18233,14932,0.001353865
18234,44443,0.000786849
18235,78892,0.005185175
18236,80382,0.0018901108
18237,54600,0.6982025
18238,27776,0.05053366
18239,88644,0.12634419
18240,112599,0.0021357485
18241,87841,0.7920622
18242,50747,0.0016361916
18243,67527,0.00054187165
18244,33904,0.5427143
18245,44690,0.027104618
18246,66765,0.032232128
18247,40206,0.0005275418
18248,22350,0.0002161107
18249,76258,0.00013376267
18250,36442,0.001353865
18251,6063,0.015673688
18252,107053,0.5999409
18253,29636,0.032022864
18254,30789,0.097158805
18255,101755,0.007029523
18256,764,0.19465666
18257,17488,0.0005331991
18258,51549,0.001052189
18259,3870,0.8576125
18260,68205,0.22588314
18261,4200,0.011159773
18262,61387,0.61799353
18263,7006,0.016712124
18264,27388,0.81563526
18265,44636,0.0018864844
18266,68860,0.0012260275
18267,54068,0.14401716
18268,12758,0.017595956
18269,33159,0.8590712
18270,16847,0.063240916
18271,3343,0.7895489
18272,37077,0.016653307
18273,841,0.0097670425
18274,89092,0.0046327054
18275,100781,0.70420945
18276,95778,0.14401716
18277,87261,0.21805082
18278,52653,0.0048150397
18279,103780,0.005541767
18280,13119,0.0002003473
18281,83475,0.3619964
18282,55456,0.03714765
18283,36002,0.5787994
18284,60315,0.7481223
18285,10692,0.0054169586
18286,79564,0.14401716
18287,46720,0.043095794
18288,45024,0.016653307
18289,35094,0.5427143
18290,33382,0.031275123
18291,29210,0.5427143
18292,43977,0.04361101
18293,71383,0.3619964
18294,102101,0.005185175
18295,38415,0.52248293
18296,37712,0.5427143
18297,98745,0.09603108
18298,20400,0.7749112
18299,4188,0.00023799035
18300,80357,0.7220712
18301,104345,0.035684522
18302,5737,0.0037853443
18303,110616,0.08609876
18304,54475,0.20008291
18305,17874,0.063240916
18306,104128,0.70420945
18307,22401,0.00017103204
18308,74983,0.37642527
18309,47032,0.01017783
18310,28549,0.5787994
18311,21547,0.001353865
18312,43435,0.7057373
18313,57881,0.0037064112
18314,7473,0.037434716
18315,80219,0.003839517
18316,72324,0.055714354
18317,94261,0.00094200904
18318,84857,0.019844448
18319,16685,0.01583257
18320,16814,0.27636027
18321,35597,0.0062839175
18322,5757,0.0028135278
18323,63181,0.000285288
18324,74396,0.14401716
18325,49456,0.05286063
18326,57822,0.6982025
18327,35846,0.59409255
18328,90899,0.0017711587
18329,71223,0.3619964
18330,102559,0.7920622
18331,34635,0.5072981
18332,69448,0.032022864
18333,13892,0.003895054
18334,23520,0.00011424597
18335,84098,0.36704037
18336,84534,0.0031405988
18337,78414,5.74744e-05
18338,104344,0.7616917
18339,71157,0.14401716
18340,104610,0.70420945
18341,2276,0.040206905
18342,62075,0.6063789
18343,112353,0.26011735
18344,74876,0.019602552
18345,64576,0.22588314
18346,108744,0.033027504
18347,99045,0.0009505258
18348,58543,0.5427143
18349,69004,0.8590712
18350,9920,0.0008915042
18351,52047,0.0061884224
18352,96519,0.27470013
18353,97184,0.88752764
18354,12790,0.00032908336
18355,79643,0.1746938
18356,103610,0.043720666
18357,40397,0.49550277
18358,4394,0.0009562839
18359,794,0.044770245
18360,4140,0.00047791243
18361,24653,0.13040477
18362,76426,0.00012048777
18363,6069,0.0018221751
18364,83615,0.00089470606
18365,39188,0.6186621
18366,24303,0.0443266
18367,17052,0.9383795
18368,89926,0.0008781486
18369,44569,0.3387435
18370,89110,0.0053904853
18371,48595,0.8233484
18372,87180,0.36848506
18373,56389,0.0011648734
18374,37640,0.4700601
18375,12968,0.44410628
18376,98879,0.0062839175
18377,10594,0.02482173
18378,4472,0.0072986204
18379,106216,0.5980179
18380,87959,0.74324876
18381,16435,0.19465666
18382,89308,0.01172875
18383,28767,0.014194789
18384,26765,0.03087039
18385,79482,0.7243738
18386,24846,0.0010818559
18387,105255,0.6185612
18388,70085,0.91309136
18389,106888,0.8233484
18390,81827,0.31932625
18391,59834,0.44410628
18392,60634,0.5427143
18393,114512,0.059978444
18394,30571,0.0033865822
18395,94241,0.009104444
18396,41563,0.007029523
18397,109695,0.5999409
18398,109608,0.52248293
18399,67180,0.7051278
18400,99783,0.43834177
18401,77163,0.12634419
18402,114360,0.10240164
18403,28150,0.0014696156
18404,20663,0.001353865
18405,72126,0.43834177
18406,113464,0.5427143
18407,81070,0.21865545
18408,112126,0.038564123
18409,48700,0.00010820505
18410,107322,0.00024384308
18411,72473,0.14401716
18412,72179,0.032022864
18413,41600,0.007029523
18414,7367,0.0028135278
18415,95065,0.43834177
18416,9610,0.042923756
18417,3740,0.01093197
18418,72593,0.3619964
18419,32602,0.0016585024
18420,36203,0.8072219
18421,34402,0.0005134705
18422,16096,0.00084398186
18423,45823,0.7057373
18424,36131,0.0030654797
18425,26877,0.007029523
18426,51988,0.5072981
18427,12221,0.10631808
18428,80029,0.26011735
18429,13394,0.0010725245
18430,82808,0.8072219
18431,94358,0.59278125
18432,77198,0.13730942
18433,26013,0.49550277
18434,53046,0.0016104609
18435,100711,0.032022864
18436,63842,0.032022864
18437,108659,0.016220637
18438,105377,0.0025762145
18439,92971,0.3619964
18440,52510,0.14401716
18441,64985,0.016521992
18442,60576,0.0131263975
18443,32013,0.7749112
18444,103189,0.018423054
18445,8289,0.1087735
18446,223,0.01017783
18447,28969,0.0006000981
18448,29465,0.0029148324
18449,20095,0.6185612
18450,104711,0.70420945
18451,36973,0.0061046057
18452,99998,0.010459305
18453,32232,0.026718179
18454,105421,0.0056356043
18455,55788,0.0003710611
18456,104858,0.010582275
18457,91231,0.005185175
18458,26446,0.13730942
18459,106246,0.3588082
18460,21786,0.046658676
18461,60519,0.14401716
18462,22667,0.01017783
18463,37620,0.03087039
18464,13752,0.016521992
18465,34145,0.001353865
18466,82340,0.016528634
18467,85077,0.3619964
18468,21109,0.045445696
18469,67364,0.002387224
18470,102449,0.504411
18471,43488,0.0010284387
18472,34352,0.6185612
18473,32624,0.00096374203
18474,53678,0.6982025
18475,106249,0.10187763
18476,28701,0.20558783
18477,90825,0.012456033
18478,11169,0.0028135278
18479,93543,0.14401716
18480,34953,0.010846054
18481,110906,0.0030239986
18482,19060,0.6185612
18483,50570,0.8210756
18484,1755,0.0092549315
18485,70531,0.3619964
18486,47314,0.036093347
18487,103673,0.081857175
18488,107844,0.7616338
18489,83670,0.8065387
18490,96799,0.00084809004
18491,113563,0.27470013
18492,28055,0.20558783
18493,14192,0.5787994
18494,65330,0.0016357844
18495,104602,0.0059125572
18496,26330,0.03087039
18497,73425,0.7920622
18498,40426,0.009869776
18499,67943,0.7616917
18500,36616,0.0007320619
18501,30489,0.59409255
18502,65941,3.1251137e-05
18503,104469,0.043799154
18504,43560,0.00038224438
18505,26560,0.05776599
18506,104674,0.19465666
18507,36782,2.874947e-05
18508,101946,0.56445324
18509,94556,0.6185612
18510,111497,0.39557743
18511,15112,0.523312
18512,24678,0.0092549315
18513,23618,0.0092549315
18514,102473,0.0099649895
18515,8948,0.0028135278
18516,114499,0.00097636535
18517,49651,0.03087039
18518,59139,0.0059368378
18519,61934,0.013143747
18520,42924,0.019013701
18521,107313,0.8139816
18522,25406,0.5787994
18523,30569,0.5787994
18524,47284,0.5168421
18525,50344,0.22588314
18526,77193,0.007588674
18527,107719,0.00029063597
18528,4642,0.022601707
18529,1969,0.05184201
18530,22678,0.012620819
18531,39769,0.0007722166
18532,107676,0.49550277
18533,6947,0.3780569
18534,78539,0.4377116
18535,37146,0.13040477
18536,109989,0.008327966
18537,74049,0.012808806
18538,64876,0.04447986
18539,23569,0.01234972
18540,98535,0.88752764
18541,59741,0.5427143
18542,66085,0.0005190861
18543,82252,0.35487762
18544,52166,0.09462522
18545,19628,0.5072981
18546,70565,0.0019499933
18547,78541,0.0005471063
18548,21113,0.5072981
18549,17331,4.64904e-05
18550,61911,0.001969162
18551,114714,0.0022117852
18552,50232,0.007523306
18553,104670,0.4107991
18554,111073,0.0006214636
18555,43900,0.00011337895
18556,55067,0.02482827
18557,7172,0.0028135278
18558,43497,0.05496749
18559,17216,0.00023026332
18560,29021,0.01371935
18561,7895,0.05305471
18562,83784,0.01172875
18563,42895,7.6841556e-05
18564,8309,0.51642954
18565,7723,0.0032003256
18566,20394,0.6982025
18567,50954,0.85790324
18568,81892,0.62831575
18569,20596,0.009634103
18570,76806,0.7038658
18571,60858,0.14401716
18572,77715,0.003006968
18573,71227,0.14401716
18574,35342,0.44410628
18575,11441,0.0027796994
18576,26497,0.08377109
18577,79936,0.27636027
18578,56091,0.0062839175
18579,92694,0.7616917
18580,84695,0.0042011044
18581,2649,0.029340554
18582,113419,0.0013164794
18583,63393,0.004697797
18584,50585,0.8065387
18585,44182,0.008292845
18586,72454,0.4700601
18587,79439,0.14401716
18588,52130,0.038752552
18589,64237,0.002774755
18590,56211,0.6063789
18591,73537,0.00050150114
18592,100898,0.27470013
18593,56300,0.8426527
18594,2105,0.73513407
18595,106955,0.0068462347
18596,55190,0.00037700072
18597,77058,5.947809e-05
18598,110543,0.052030146
18599,75650,0.0015663182
18600,15342,0.56752956
18601,22387,0.13040477
18602,59606,0.12634419
18603,108278,0.5650655
18604,38307,0.61799353
18605,86630,0.01553973
18606,74031,0.969587
18607,99212,6.12506e-05
18608,38421,0.6982025
18609,59694,0.01017783
18610,13800,0.7439202
18611,22908,7.8498575e-05
18612,108880,0.82162476
18613,78907,9.113315e-05
18614,114746,0.5650655
18615,99437,0.00085133396
18616,22139,0.046658676
18617,94756,0.7616917
18618,92882,0.7920622
18619,61528,0.033027504
18620,78882,0.0092549315
18621,1124,0.00011460845
18622,16201,0.008952463
18623,59640,0.10240164
18624,92338,0.7843891
18625,39751,0.13040477
18626,4421,0.020197285
18627,93573,7.151729e-05
18628,54616,0.0012998198
18629,7818,0.7895489
18630,2628,0.05077686
18631,2076,0.72096616
18632,82679,0.3619964
18633,1599,0.059773423
18634,91448,0.0027476547
18635,59303,0.5072981
18636,4626,0.05077686
18637,87068,0.00041862365
18638,45336,0.3387435
18639,37715,0.00042835376
18640,35847,0.5427143
18641,13475,0.0012655263
18642,81174,0.010948588
18643,692,0.74892354
18644,55862,0.032022864
18645,70872,0.008292845
18646,7020,0.04065975
18647,97991,0.74324876
18648,44820,0.0040797824
18649,10440,0.033725448
18650,83855,0.00089470606
18651,64068,0.0123029305
18652,31580,0.001353865
18653,56726,0.38301587
18654,17595,0.0030721931
18655,51300,0.007029523
18656,11951,0.0092549315
18657,51783,0.8210756
18658,59604,0.008132936
18659,31999,0.013143747
18660,68353,0.033644553
18661,73201,0.0018256658
18662,6487,0.0054169586
18663,56831,0.033027504
18664,50838,0.068746984
18665,113445,0.007029523
18666,86242,0.008732731
18667,71167,0.3619964
18668,67265,0.17700206
18669,69885,0.5072981
18670,7496,0.5037168
18671,15945,0.00027119572
18672,78401,0.27470013
18673,60466,0.25119156
18674,102527,0.3619964
18675,85760,0.0042011044
18676,14444,0.31973323
18677,83810,0.10092575
18678,72426,0.033027504
18679,86934,0.7920622
18680,101929,0.010582275
18681,115418,0.5134833
18682,103462,0.8534492
18683,88877,0.88546485
18684,114689,0.025511008
18685,25087,0.013143747
18686,13348,0.15823199
18687,75384,0.033027504
18688,57917,0.17013359
18689,114646,0.018802593
18690,91756,0.04543586
18691,112693,3.5063153e-05
18692,101215,0.00035293688
18693,78344,0.0015418233
18694,80693,0.00080393266
18695,85499,0.01376545
18696,84576,0.033027504
18697,114555,0.7920622
18698,23639,0.27470013
18699,1312,0.05785655
18700,57257,0.0131263975
18701,4894,0.001195881
18702,39703,0.001353865
18703,27633,0.022955928
18704,2176,0.081857175
18705,78855,0.00018659653
18706,111680,0.0025762145
18707,60707,0.0049930676
18708,21463,0.001353865
18709,50162,0.13730942
18710,61872,0.016653307
18711,84702,0.033027504
18712,94050,0.0890648
18713,5013,0.034433797
18714,71466,0.5072981
18715,108030,0.70420945
18716,86069,0.3619964
18717,24920,0.72096616
18718,81635,0.015545429
18719,46525,0.13040477
18720,94239,0.14401716
18721,88963,0.11001589
18722,59356,0.7481223
18723,56222,0.011011613
18724,58728,0.0011337153
18725,658,0.0012271602
18726,64756,0.00019347366
18727,82362,0.504411
18728,6329,0.0011209351
18729,102601,0.0005024203
18730,103848,0.01017783
18731,67780,0.0022111223
18732,85174,0.14401716
18733,69459,0.0015946166
18734,99992,0.54492104
18735,22945,0.025764976
18736,35460,0.001353865
18737,96514,0.0015662347
18738,62686,0.7481223
18739,89445,0.01017783
18740,89179,0.022053696
18741,34560,0.011606394
18742,9555,0.51642954
18743,67698,0.7051278
18744,48270,0.00023114694
18745,70415,0.3619964
18746,45996,0.0023377703
18747,707,0.54020727
18748,29516,0.5072981
18749,92224,0.013600299
18750,106897,0.001539836
18751,85708,0.5072981
18752,97905,0.021328332
18753,15309,0.7323618
18754,88787,0.005185175
18755,9807,0.0028135278
18756,8423,0.6482437
18757,735,0.10115119
18758,89521,0.7616917
18759,67195,0.27032498
18760,45967,0.001353865
18761,11412,0.008072244
18762,100997,0.6485016
18763,19023,0.041840516
18764,15663,0.005541767
18765,3004,0.0028135278
18766,102392,0.0006828295
18767,44544,0.0104701575
18768,6429,0.09673064
18769,72299,0.005339724
18770,31446,0.009222873
18771,21997,0.46285427
18772,7460,0.015673688
18773,50495,0.5427143
18774,98582,0.7602656
18775,53187,0.5072981
18776,75584,0.7243738
18777,10590,0.022601707
18778,75606,0.6982025
18779,115168,0.012128702
18780,66947,0.6982025
18781,49884,0.008132936
18782,3171,0.05438297
18783,18833,0.010131043
18784,51457,0.007029523
18785,9767,0.0014248271
18786,43015,0.012544324
18787,104086,0.00038038736
18788,58372,0.5427143
18789,107950,0.05776599
18790,29246,0.59409255
18791,113807,0.033027504
18792,51952,0.9328889
18793,20845,0.008952463
18794,104229,0.88752764
18795,86618,0.6982126
18796,24259,0.31973323
18797,98204,0.6077621
18798,41835,0.9904722
18799,60924,0.12634419
18800,111900,0.033238497
18801,80790,0.033027504
18802,14018,0.23185891
18803,97964,0.02642179
18804,25418,0.21979274
18805,50133,0.00034938264
18806,41864,0.81498784
18807,23487,0.13040477
18808,45693,0.649481
18809,65603,0.19465666
18810,53217,0.27470013
18811,72997,0.61799353
18812,53612,0.8590712
18813,113991,0.7481223
18814,63292,0.0026947088
18815,51803,0.24905367
18816,79290,0.27470013
18817,59327,0.00046457714
18818,22400,0.81498784
18819,7189,0.018062472
18820,99476,0.0023422954
18821,105364,0.7920622
18822,74223,0.032022864
18823,50990,0.17013359
18824,28606,0.12634419
18825,111498,0.36848506
18826,39916,0.0028594204
18827,42697,9.047292e-05
18828,79452,0.014877565
18829,114839,0.008976372
18830,30725,0.5427143
18831,95610,0.504411
18832,22246,0.015128035
18833,93907,0.3582536
18834,58870,0.005185175
18835,93841,0.06909374
18836,100249,0.7843891
18837,59026,0.13792428
18838,42216,0.0062839175
18839,14003,0.17013359
18840,99076,0.67305404
18841,2116,0.018480381
18842,93111,0.007099019
18843,42318,0.06875968
18844,38500,0.009673793
18845,21551,0.0009972688
18846,38259,0.5787994
18847,92116,0.033027504
18848,86382,0.17457265
18849,107140,0.00092631823
18850,98551,0.22588314
18851,31296,0.82215583
18852,94929,0.8139816
18853,115594,8.040803e-05
18854,13301,0.001353865
18855,45468,0.019368267
18856,14521,0.0046145217
18857,54149,0.13730942
18858,72837,0.006932296
18859,83063,0.025606757
18860,1813,0.39557743
18861,81784,0.0031109983
18862,37314,0.59409255
18863,21721,0.046658676
18864,88662,0.0064640995
18865,17912,0.6185612
18866,45162,0.036093347
18867,85324,0.016528634
18868,99346,0.67305404
18869,88504,0.31932625
18870,60212,0.7616917
18871,91303,0.00026633515
18872,112342,0.5427143
18873,89466,0.7843891
18874,93431,0.033027504
18875,1192,0.008021838
18876,10391,0.022601707
18877,70583,0.43834177
18878,25524,0.0030363756
18879,66219,0.00102392
18880,45595,0.011324875
18881,101467,0.5999409
18882,77938,0.504411
18883,45138,0.9502186
18884,191,0.8833963
18885,68453,0.31932625
18886,47476,0.13040477
18887,75430,0.14401716
18888,104129,0.0314218
18889,104685,0.5999409
18890,48972,0.01017783
18891,441,0.025203561
18892,107837,0.0037947944
18893,25783,0.16627684
18894,788,0.49550277
18895,57136,0.014139107
18896,12399,0.06399289
18897,25842,0.002049881
18898,109583,0.37642527
18899,33860,0.0131263975
18900,58399,0.00030327972
18901,90064,0.7616917
18902,2322,0.015673688
18903,113764,0.016528634
18904,94278,0.0035153013
18905,68880,0.3619964
18906,94058,0.0011682477
18907,18632,0.10631808
18908,30897,0.00049871433
18909,23640,0.08290729
18910,17861,0.6185612
18911,85414,0.6982025
18912,34957,0.5427143
18913,20430,0.007559309
18914,38888,0.49550277
18915,68444,0.00030090567
18916,65687,0.02881908
18917,113882,0.000654173
18918,87376,0.31973323
18919,83231,0.02961867
18920,64878,0.00033226295
18921,45962,0.5787994
18922,73750,0.0053904853
18923,48399,0.00044150304
18924,31495,0.001353865
18925,100270,0.26011735
18926,104250,0.42193875
18927,110364,0.3619964
18928,42061,0.00054187165
18929,44824,0.00011763338
18930,70340,0.3619964
18931,22021,0.0015946166
18932,10176,0.001353865
18933,86874,0.034388546
18934,50878,0.039320398
18935,114430,0.59409255
18936,77818,0.31973323
18937,25518,0.5960657
18938,9441,0.05184201
18939,52146,0.59409255
18940,5442,0.0054169586
18941,16713,0.12634419
18942,43927,0.21979274
18943,58363,0.0034056762
18944,107965,0.8139816
18945,48936,0.0092549315
18946,47794,0.5427143
18947,76502,0.7243738
18948,47455,0.011324875
18949,75015,0.0028849535
18950,85261,0.002243549
18951,67668,0.49550277
18952,53222,0.039320398
18953,98845,0.75546914
18954,52710,0.00079592864
18955,71478,0.7920622
18956,21949,0.3387435
18957,12472,0.0028838783
18958,9084,0.16461392
18959,48183,0.61799353
18960,91271,0.5134833
18961,108243,0.03458862
18962,32460,3.6769226e-05
18963,42451,0.004376268
18964,43906,0.019013701
18965,51931,0.3857383
18966,98153,0.504411
18967,11029,0.010940011
18968,75847,0.5375059
18969,93460,0.003761745
18970,45800,0.27470013
18971,94558,0.033644553
18972,76926,0.3619964
18973,61209,0.005541767
18974,1340,0.8072219
18975,108617,0.26011735
18976,8408,0.88008237
18977,115544,0.16627684
18978,90387,0.7616917
18979,89287,0.008732731
18980,91797,0.8282514
18981,22077,0.001353865
18982,102971,0.21865545
18983,63046,0.3619964
18984,13074,0.01245082
18985,75839,0.49550277
18986,33264,0.5427143
18987,732,0.029319579
18988,57362,0.108328365
18989,43578,0.0044722315
18990,20495,0.03087039
18991,115259,0.037220772
18992,109151,0.007029523
18993,28361,0.21979274
18994,48688,0.0016357844
18995,69760,0.0035153013
18996,25445,0.5072981
18997,74994,0.0019099015
18998,76892,0.50492847
18999,5812,0.020197285
19000,104243,0.3619964
19001,36309,0.0001391102
19002,38234,0.27470013
19003,26780,0.001353865
19004,6296,0.73766655
19005,110184,0.012808806
19006,52008,0.014943344
19007,37938,0.012882307
19008,42026,0.13040477
19009,25097,0.3387435
19010,35153,0.5787994
19011,46104,0.01583257
19012,63532,0.0002461019
19013,62831,0.013143747
19014,49690,0.8590712
19015,27161,0.013143747
19016,91387,0.014590426
19017,50354,0.5427143
19018,17597,0.61799353
19019,66250,0.19465666
19020,32496,0.008132936
19021,92143,0.000111866015
19022,44733,0.013143747
19023,21185,0.523312
19024,1286,0.037517305
19025,39151,0.03458862
19026,49282,0.6185612
19027,89943,0.0007455997
19028,47276,0.13040477
19029,47493,0.014867852
19030,54400,0.5787994
19031,85298,0.008724595
19032,113723,0.5427143
19033,39689,0.001353865
19034,2783,0.10499385
19035,11097,0.8758837
19036,3131,0.89158785
19037,60524,0.033027504
19038,25722,0.44410628
19039,86655,0.0068646325
19040,67865,0.0016585024
19041,114062,0.631487
19042,73184,5.9044014e-05
19043,112481,0.16627684
19044,99563,0.3619964
19045,113555,0.0633947
19046,17262,0.008458243
19047,55740,0.01017783
19048,68808,0.014149627
19049,111055,0.19465666
19050,2358,0.72096616
19051,83694,0.0031405988
19052,104158,0.016521992
19053,42243,0.003411673
19054,83338,0.030172532
19055,15635,0.045445696
19056,72845,0.00038643347
19057,38032,0.0035153013
19058,24096,0.019013701
19059,86973,0.00025496024
19060,62674,0.00726674
19061,112303,0.3588082
19062,37318,0.00071812724
19063,27512,0.001353865
19064,79083,0.7920622
19065,49729,0.001353865
19066,110330,0.03458862
19067,55875,0.44410628
19068,89811,0.010911473
19069,55163,0.0026947088
19070,76130,0.033027504
19071,30326,0.008132936
19072,98786,0.37642527
19073,3152,0.022641659
19074,22804,0.0008096564
19075,112649,0.392648
19076,44415,0.0015625793
19077,26543,0.13040477
19078,65259,0.13730942
19079,110928,0.033027504
19080,66700,0.0073316297
19081,85380,0.13730942
19082,56301,0.038752552
19083,2283,0.80650115
19084,38358,0.001353865
19085,93303,0.42193875
19086,22698,0.00013272339
19087,27659,0.20558783
19088,92450,0.0038886375
19089,67213,0.17700206
19090,109412,0.49364203
19091,74263,0.23185891
19092,91027,0.033027504
19093,45197,0.021786267
19094,107935,0.7616338
19095,30986,0.00014534581
19096,15044,0.54976434
19097,17780,0.072836444
19098,87040,0.21979274
19099,46910,0.002475092
19100,75108,0.14401716
19101,6245,0.033238497
19102,82614,0.06473958
19103,52253,0.025606757
19104,62532,0.0019099015
19105,60976,0.007029523
19106,95682,0.007029523
19107,51451,0.6982025
19108,33494,0.033238497
19109,57652,0.08290729
19110,41591,0.46285427
19111,4468,0.0018296655
19112,2491,0.033238497
19113,24568,0.019013701
19114,94372,0.002007645
19115,103875,3.743599e-05
19116,1343,0.033661835
19117,30282,0.4107991
19118,75676,0.0077356445
19119,87593,0.00043506676
19120,65336,0.7295774
19121,16306,0.002928615
19122,10630,0.1384516
19123,105958,0.08290729
19124,61041,0.12634419
19125,20591,0.523312
19126,46045,0.31973323
19127,108181,0.21865545
19128,16844,0.063240916
19129,102020,0.14401716
19130,94428,0.5427143
19131,78968,0.14401716
19132,85368,0.8072219
19133,3242,0.3851501
19134,84991,0.06469051
19135,91667,0.7220712
19136,115466,0.5134833
19137,100192,0.7945642
19138,33771,0.001353865
19139,82372,0.3619964
19140,88713,0.007141663
19141,76646,0.00074675947
19142,87052,0.31932625
19143,70163,0.003148801
19144,35463,0.01583257
19145,88203,0.00012595297
19146,97706,0.0012391437
19147,100390,0.078573614
19148,115798,0.16023703
19149,99350,0.076594226
19150,84607,0.7481223
19151,15103,0.044409733
19152,66350,0.0052276957
19153,21934,0.31973323
19154,25971,0.5072981
19155,8296,0.018106917
19156,27030,0.02275957
19157,36129,0.5427143
19158,81044,0.003578549
19159,79050,0.5427143
19160,66018,0.13730942
19161,71798,0.14401716
19162,58086,0.027130496
19163,65954,0.0048656026
19164,57825,0.22588314
19165,27039,0.00031194952
19166,74179,0.0020164743
19167,3024,0.00025427248
19168,75282,0.016838836
19169,63728,0.13775437
19170,41094,0.7057373
19171,70379,0.6185612
19172,30450,0.5427143
19173,46825,0.001353865
19174,72175,0.82215583
19175,12984,0.49507686
19176,28256,0.0014696156
19177,59892,0.5427143
19178,72182,0.7920622
19179,67491,0.37642527
19180,61281,0.00030327972
19181,73173,0.002243549
19182,69764,0.3619964
19183,17017,0.016528634
19184,27937,0.00022755245
19185,58245,0.0131263975
19186,31292,0.007431886
19187,19092,0.8065387
19188,107821,0.00019283625
19189,87654,0.00014732749
19190,113406,0.016528634
19191,93100,0.5042971
19192,72844,0.27032498
19193,54891,0.03714765
19194,5646,0.5042971
19195,36358,0.5787994
19196,22006,0.0053451243
19197,102810,0.043799154
19198,37141,0.13040477
19199,20296,0.032022864
19200,54624,0.5427143
19201,60372,0.7616917
19202,84032,0.7616917
19203,38315,0.13040477
19204,97258,0.006932296
19205,86018,0.00047056618
19206,72765,0.055408206
19207,45152,0.007099019
19208,110223,0.011790959
19209,16875,0.9688393
19210,863,0.56752956
19211,28326,0.20558783
19212,51868,0.59409255
19213,62043,0.17013359
19214,9465,0.02482173
19215,38820,0.023361359
19216,17039,0.6771808
19217,13045,0.027033836
19218,23740,0.17013359
19219,72237,0.033027504
19220,64283,0.0006778335
19221,26902,0.0006000981
19222,14424,0.0027562485
19223,14572,0.0003113897
19224,51340,0.0045878584
19225,55172,0.0039448203
19226,115003,0.39557743
19227,68543,0.7481223
19228,45226,0.6185612
19229,40204,0.6982025
19230,14257,0.4107991
19231,46475,0.21865545
19232,74550,0.43834177
19233,97065,0.10240164
19234,73554,0.14401716
19235,28096,0.12634419
19236,63351,0.011992719
19237,66216,0.0022111223
19238,115757,0.0062839175
19239,77661,0.3619964
19240,24170,0.0148394825
19241,68317,0.7380137
19242,67063,0.028048089
19243,27516,0.1363911
19244,1309,0.7231015
19245,33041,0.31973323
19246,79618,0.4107991
19247,99870,0.33730337
19248,62986,0.19465666
19249,53461,0.017054755
19250,17412,0.029539535
19251,67839,0.3619964
19252,23746,0.012519128
19253,2281,0.008072244
19254,8382,0.008450831
19255,109162,0.533381
19256,36181,0.9594488
19257,93000,0.0040797824
19258,39895,0.002610639
19259,113200,0.029743299
19260,27187,0.012356452
19261,101493,0.0002650402
19262,33978,0.31973323
19263,28984,0.0020009398
19264,112914,0.89779866
19265,97186,0.31932625
19266,13916,0.001353865
19267,62960,0.00056364364
19268,88498,0.17457265
19269,18662,0.008458243
19270,27646,0.0035694235
19271,25647,0.008292845
19272,61101,0.0010794804
19273,65272,0.019602552
19274,46313,0.44410628
19275,84012,0.00321539
19276,47305,0.004862341
19277,13277,0.0012187916
19278,35527,0.5427143
19279,69436,0.8065387
19280,15261,0.523312
19281,17510,0.0030137459
19282,63636,0.12634419
19283,112715,0.033027504
19284,115035,0.5134833
19285,100132,0.033027504
19286,82445,0.015577621
19287,62171,0.0001976903
19288,96052,0.047093634
19289,86133,0.033027504
19290,114221,0.21865545
19291,14429,5.7911013e-05
19292,59811,0.7616917
19293,92019,0.65744025
19294,14630,0.00032420334
19295,107883,0.008681093
19296,72975,0.13730942
19297,94884,0.43834177
19298,15610,0.5072981
19299,29714,0.0092549315
19300,80787,0.31932625
19301,115208,0.7587832
19302,7256,0.033438776
19303,8158,0.00037332927
19304,83527,0.010131043
19305,73596,0.0053904853
19306,23255,0.5168421
19307,112613,0.89779866
19308,51816,0.81498784
19309,45167,0.13040477
19310,44014,0.0032451754
19311,28590,0.0102000525
19312,89472,0.31973323
19313,13153,0.12634419
19314,107505,0.10240164
19315,2545,0.481222
19316,85843,0.003769254
19317,105688,0.52364886
19318,18182,0.001353865
19319,60478,0.0059269774
19320,37532,0.017054755
19321,110396,0.5999409
19322,91896,0.011590193
19323,98539,0.121940404
19324,110545,0.0056058746
19325,80910,0.016528634
19326,88889,0.013400632
19327,58516,0.5672082
19328,75286,0.10240164
19329,95592,0.01017783
19330,12471,0.9378573
19331,67200,0.3619964
19332,15203,0.009373532
19333,87136,0.3619964
19334,90716,0.7616917
19335,62941,0.0001368799
19336,82615,0.0077049853
19337,44199,0.001353865
19338,73702,0.0005417838
19339,24969,0.42057085
19340,14626,0.5787994
19341,31504,0.013143747
19342,70002,0.3619964
19343,39307,0.011324875
19344,46682,0.36848506
19345,87284,0.43834177
19346,1434,0.008138208
19347,43910,0.001353865
19348,7569,0.020197285
19349,96438,0.028048089
19350,100632,0.504411
19351,104272,0.00012677064
19352,53994,0.03714765
19353,91283,0.17457265
19354,54777,0.9871367
19355,20884,0.5114135
19356,82085,0.026167093
19357,43944,0.13730942
19358,57276,0.0017281577
19359,73420,0.00029372968
19360,80482,0.033027504
19361,42529,0.030173529
19362,56309,0.5672082
19363,41814,0.0009175993
19364,11473,0.020197285
19365,68492,0.001262547
19366,92551,0.54492104
19367,68274,0.5787994
19368,35691,0.0062839175
19369,8453,0.0027796994
19370,6785,0.6482437
19371,19291,0.007029523
19372,108722,0.00017290641
19373,68175,0.7616917
19374,15486,0.8072219
19375,45641,0.89544076
19376,73383,0.00054187165
19377,64031,0.00041934816
19378,15873,0.001353865
19379,66784,0.01431327
19380,51787,0.5072981
19381,27364,0.00075450377
19382,51021,0.007029523
19383,91962,0.504411
19384,62896,0.7616917
19385,11333,0.0017537593
19386,86775,0.0017799954
19387,47013,0.0014238227
19388,33816,0.00046444937
19389,42863,0.05476863
19390,26755,0.7496893
19391,20533,0.0034030993
19392,40890,0.008309482
19393,99152,0.0057307
19394,44163,0.5960657
19395,106905,0.6077621
19396,11740,0.523312
19397,21822,0.011324875
19398,82271,0.14401716
19399,83555,0.00012248066
19400,4837,0.8547576
19401,43971,0.019013701
19402,1944,0.73766655
19403,5237,0.00793519
19404,37286,0.7920622
19405,655,0.0053289086
19406,20498,0.0059236153
19407,3981,0.008768347
19408,84121,0.0005701834
19409,60778,0.0024936337
19410,1529,0.0054169586
19411,75529,0.0022111223
19412,96584,0.27636027
19413,31856,0.00019922492
19414,45164,0.015571487
19415,115060,0.7920622
19416,108010,0.001539836
19417,58712,0.00034736237
19418,28175,0.003006968
19419,94799,0.59278125
19420,8166,0.0334506
19421,45554,0.016653307
19422,79465,0.70420945
19423,23294,0.5787994
19424,83829,0.22588314
19425,105257,0.5134833
19426,20688,0.026015587
19427,115336,0.004570986
19428,73867,0.48317924
19429,19599,0.00011419478
19430,13055,0.0077312384
19431,106882,0.028048089
19432,41947,0.7749112
19433,7126,0.0042640213
19434,104207,0.033027504
19435,57585,0.005329171
19436,96751,0.00054187165
19437,90788,5.119908e-05
19438,5886,0.0017537593
19439,52120,0.017626166
19440,106797,0.00022218934
19441,52407,0.7057373
19442,45243,0.028225413
19443,82325,0.0031405988
19444,47844,0.007029523
19445,100783,0.822954
19446,29244,0.01017783
19447,47102,0.019013701
19448,27663,0.9433451
19449,11771,0.49507686
19450,84457,0.032022864
19451,70761,0.00011201758
19452,20336,0.36848506
19453,715,0.0017842733
19454,62738,0.12634419
19455,51271,0.5427143
19456,104162,0.8775108
19457,37550,0.008587563
19458,76845,0.4700601
19459,51242,0.13730942
19460,25057,0.90956336
19461,64646,0.0006757198
19462,51385,0.007029523
19463,53811,0.5427143
19464,105135,0.0038859048
19465,108711,0.05476863
19466,58121,0.5427143
19467,90907,0.88546485
19468,20827,0.001353865
19469,104224,0.3588082
19470,111444,0.5375059
19471,64383,0.15668462
19472,56476,0.13730942
19473,24524,0.13040477
19474,27845,0.037220772
19475,40163,0.5960657
19476,90830,0.9621254
19477,87232,0.0026270233
19478,23574,0.00021966436
19479,46115,0.013143747
19480,94188,0.10240164
19481,63317,0.019481033
19482,74534,0.033027504
19483,35291,5.9091333e-05
19484,39596,0.0052276957
19485,23486,0.5072981
19486,81047,0.31973323
19487,93399,0.025224857
19488,83380,0.3619964
19489,112686,0.033027504
19490,65446,0.00092505384
19491,86247,0.5072981
19492,46955,0.0092549315
19493,87319,0.0028918227
19494,24597,0.0020794235
19495,62935,0.01077148
19496,29392,0.0015167422
19497,102824,0.82215583
19498,50802,0.00019784851
19499,89526,0.31973323
19500,30994,0.1449014
19501,76470,0.0017281577
19502,92564,0.7920622
19503,21399,0.00038340525
19504,49224,0.0025762145
19505,29115,0.5427143
19506,59022,0.7481223
19507,3877,0.0001520745
19508,107838,0.010781912
19509,84546,0.4377116
19510,109011,0.7106482
19511,36221,0.001353865
19512,46666,0.48317924
19513,92721,0.7616917
19514,19285,0.56752956
19515,110957,0.0067506013
19516,32568,0.6077621
19517,50895,0.5427143
19518,3401,0.6640536
19519,19144,0.93920165
19520,12803,0.016521992
19521,27979,0.0007404428
19522,42619,0.7295774
19523,45769,0.001353865
19524,92145,0.0014670793
19525,40953,0.0034934513
19526,81404,0.032022864
19527,27297,0.0019912452
19528,24796,0.03087039
19529,67274,0.0032259615
19530,3259,0.006578858
19531,103024,0.0001384327
19532,115925,0.65751773
19533,65145,0.006932296
19534,45656,0.0131263975
19535,39611,0.014590426
19536,86366,0.43834177
19537,49094,0.002526978
19538,103841,0.01017783
19539,113878,0.41991135
19540,79972,0.14401716
19541,107901,0.037220772
19542,14165,0.7057373
19543,108544,0.0030481566
19544,15388,0.044770245
19545,64024,0.00054187165
19546,63017,0.012808806
19547,114339,0.49550277
19548,69477,0.3619964
19549,83102,0.7616917
19550,92765,0.54492104
19551,85825,0.5072981
19552,83026,0.02402141
19553,66109,0.0012045783
19554,92942,0.00084398186
19555,27404,0.5427143
19556,43249,0.0060585644
19557,72228,0.055714354
19558,14492,0.017595956
19559,66488,0.06985042
19560,22058,0.13040477
19561,37892,0.016653307
19562,53361,0.020547971
19563,77095,0.0112550575
19564,43307,0.6185612
19565,92913,0.019602552
19566,59384,0.5375059
19567,35998,0.5072981
19568,54787,0.17013359
19569,77380,0.033027504
19570,63742,0.9433451
19571,55668,0.0026340506
19572,15670,0.0102000525
19573,62802,0.8590712
19574,36645,0.31973323
19575,63321,0.0014115624
19576,19104,0.46285427
19577,91919,0.0007503983
19578,31862,0.13730942
19579,10252,0.05305471
19580,98915,0.504411
19581,63575,0.00014802931
19582,71664,0.7920622
19583,14968,0.016521992
19584,10837,0.45980817
19585,79621,0.012885759
19586,110718,0.4107991
19587,88560,0.6063789
19588,26737,0.02377843
19589,64126,8.2975115e-05
19590,72177,7.585852e-05
19591,14911,0.0005118394
19592,17140,0.6133949
19593,74681,0.31973323
19594,75966,0.00030327972
19595,34596,0.85790324
19596,63539,0.6982025
19597,87668,0.88546485
19598,36393,0.13730942
19599,38233,0.0013340883
19600,80276,0.68016595
19601,54229,0.13730942
19602,88354,0.31932625
19603,108176,0.0053904853
19604,62281,0.016653307
19605,107923,0.34793967
19606,26889,0.00084553706
19607,38,0.7064379
19608,49617,0.00024004364
19609,50522,0.00026007756
19610,7764,0.077145614
19611,60727,0.00048786477
19612,37020,0.0047297897
19613,5988,0.056715105
19614,88887,0.7616917
19615,77115,0.504411
19616,22468,0.043095794
19617,15551,0.016521992
19618,13365,0.046658676
19619,53286,0.5787994
19620,42574,0.0014922644
19621,22304,0.4868459
19622,24710,0.00054187165
19623,19075,0.17457265
19624,75507,0.033027504
19625,93081,0.6063789
19626,69354,0.009373532
19627,111490,0.00020676936
19628,111040,0.004376268
19629,55994,0.7481223
19630,46703,0.001353865
19631,70423,0.0025762145
19632,104399,0.0026495138
19633,36401,0.0019099015
19634,115684,0.08611205
19635,1212,0.001353865
19636,42030,0.13040477
19637,70759,0.00026525534
19638,98241,0.0062839175
19639,112970,0.7481223
19640,81089,0.008292845
19641,39566,0.016653307
19642,108306,0.044677686
19643,35165,0.00884271
19644,52261,0.4868459
19645,104936,0.0005375658
19646,66158,0.0031033724
19647,88313,0.5787994
19648,62361,0.005513244
19649,89397,0.0069744345
19650,113404,0.5427143
19651,44403,0.000334004
19652,65357,0.016521992
19653,25001,0.007029523
19654,39196,0.008922214
19655,55169,0.007029523
19656,101925,0.019602552
19657,37433,0.002387224
19658,87332,0.7220712
19659,105297,0.5497329
19660,64247,0.007188559
19661,95334,0.0030026338
19662,7427,0.032664854
19663,89289,0.6982126
19664,91542,0.005849697
19665,90493,0.3619964
19666,86195,0.5072981
19667,115123,0.004570986
19668,59287,0.85749614
19669,114911,0.43834177
19670,28663,0.6982025
19671,81118,0.0031405988
19672,24912,0.011324875
19673,2666,0.022733457
19674,65871,0.19465666
19675,63464,0.5375059
19676,75838,0.0001391102
19677,65469,0.007029523
19678,103855,0.00010933224
19679,108567,0.88546485
19680,99832,0.5999409
19681,23280,0.042130858
19682,46644,0.009803011
19683,18247,0.44410628
19684,85649,0.31932625
19685,9385,0.1243811
19686,63515,0.0022222004
19687,85227,0.016528634
19688,37134,0.013265102
19689,16991,0.8758837
19690,74500,0.7051278
19691,61361,0.0074997195
19692,96395,0.007099019
19693,38619,0.022169856
19694,77040,0.5787994
19695,4791,0.0027857982
19696,66676,0.062454823
19697,100122,0.42487767
19698,26111,0.13730942
19699,85249,0.033027504
19700,91512,0.011011613
19701,91892,0.00035524231
19702,29490,0.5427143
19703,73736,0.14401716
19704,96225,0.3619964
19705,20600,0.001353865
19706,46200,0.00083558174
19707,90386,0.81058615
19708,63754,0.00022816357
19709,53135,3.6797428e-05
19710,78244,0.5672082
19711,81357,0.039320398
19712,54696,0.59409255
19713,99224,0.17457265
19714,113863,0.0018324422
19715,112877,0.047940962
19716,49915,0.017054755
19717,4780,0.5037168
19718,82699,0.3619964
19719,997,0.0011280811
19720,97789,0.0001323676
19721,91310,0.59278125
19722,72479,0.00037464773
19723,115936,0.65751773
19724,100544,0.5999409
19725,77080,0.5672082
19726,105343,0.010600373
19727,48574,0.0015946166
19728,51839,0.006333401
19729,13970,0.014590426
19730,99468,0.26011735
19731,77298,0.6185612
19732,11591,0.8576125
19733,26204,0.0040797824
19734,96895,0.0112617295
19735,9435,0.82215583
19736,18494,0.523312
19737,3509,0.008021838
19738,38435,0.0026947088
19739,70351,0.3619964
19740,41155,0.019013701
19741,68894,0.021502517
19742,88916,0.7920622
19743,106108,0.00029733387
19744,25629,0.3922606
19745,102974,0.14401716
19746,50443,0.14401716
19747,14716,0.0088156825
19748,81269,0.033027504
19749,12124,0.008952463
19750,55139,0.0014922644
19751,88024,0.033027504
19752,66105,0.22588314
19753,97068,0.01376545
19754,78640,0.12634419
19755,82603,0.0031405988
19756,12598,0.14401716
19757,21696,0.13040477
19758,66582,0.030173529
19759,30515,0.007141663
19760,50564,0.5072981
19761,62534,0.0131263975
19762,65553,0.00015511898
19763,45356,0.0024094253
19764,102710,0.14401716
19765,1413,0.7749112
19766,22195,0.0006667055
19767,110116,5.894843e-05
19768,105215,0.6878115
19769,113841,0.007754565
19770,33238,0.009373532
19771,88955,0.10524239
19772,77307,0.504411
19773,71163,0.5464347
19774,14738,0.56752956
19775,65637,0.88184494
19776,104435,0.033027504
19777,49725,0.029313715
19778,4119,0.020197285
19779,93148,0.10240164
19780,11867,0.016521992
19781,60740,0.61799353
19782,105301,0.5999409
19783,114607,0.01190348
19784,7532,0.1384516
19785,106599,0.26011735
19786,12943,0.0037164278
19787,23515,0.020547971
19788,90552,0.7616917
19789,70632,0.533381
19790,80808,0.5072981
19791,104984,0.3588082
19792,74340,0.61799353
19793,106786,0.43834177
19794,63025,0.007029523
19795,51188,0.061520338
19796,74678,0.67805946
19797,83786,0.3619964
19798,41239,0.61799353
19799,52497,0.17457265
19800,64373,8.543934e-05
19801,1670,0.88008237
19802,28167,0.011863592
19803,31242,0.8233484
19804,33724,0.5375059
19805,16329,0.002387224
19806,72592,0.12634419
19807,12868,0.001353865
19808,40616,0.018191988
19809,111153,0.3588082
19810,9291,0.00025578783
19811,71613,0.6185612
19812,32459,0.7323618
19813,106540,0.025511008
19814,21592,0.0029549932
19815,12789,0.016521992
19816,39446,0.0051627397
19817,71532,0.0006047114
19818,83856,0.0104701575
19819,92902,0.00061718473
19820,11524,0.00017780549
19821,23811,0.008058614
19822,31991,5.1475927e-05
19823,33568,0.029539535
19824,2153,0.029926157
19825,23160,0.12634419
19826,2033,0.027050344
19827,78923,0.016521992
19828,5668,0.020197285
19829,92887,0.3619964
19830,11363,0.481222
19831,75933,0.14401716
19832,88621,0.004376268
19833,68960,0.14401716
19834,110558,0.3588082
19835,65964,0.002541533
19836,19514,0.00028913276
19837,40853,0.44410628
19838,45288,0.002761831
19839,95352,0.12634419
19840,59436,0.00030327972
19841,87194,0.0014877886
19842,46865,0.0131263975
19843,84465,0.3922606
19844,64018,0.05776599
19845,8113,0.020744335
19846,59212,0.0046426766
19847,65234,0.016521992
19848,23936,0.014799835
19849,57891,0.00038566103
19850,63008,0.15241948
19851,82092,0.5787994
19852,34555,0.0044722315
19853,53900,0.99024934
19854,109378,0.70420945
19855,23987,0.0032538706
19856,109500,0.26011735
19857,102569,0.59278125
19858,111617,0.029078767
19859,26505,0.16627684
19860,74891,0.0005074346
19861,22342,0.001353865
19862,28316,0.61799353
19863,97245,0.3619964
19864,112056,0.012374859
19865,18924,4.0184146e-05
19866,39456,0.019013701
19867,44104,0.010445555
19868,32658,0.013143747
19869,42829,0.06902498
19870,79091,0.032022864
19871,25308,0.7933165
19872,32147,0.028225413
19873,59563,0.01017783
19874,96650,0.3619964
19875,110224,0.0049011875
19876,23980,0.00071034505
19877,99576,0.10240164
19878,9098,0.0054169586
19879,65883,0.00023495585
19880,64627,0.22588314
19881,100765,0.12634419
19882,58091,0.0796306
19883,94918,0.02961867
19884,66480,0.01017783
19885,20679,0.0010820688
19886,83838,0.016528634
19887,45802,0.21979274
19888,24757,0.9572552
19889,44497,0.88184494
19890,88866,7.026492e-05
19891,73968,0.002151679
19892,45025,0.00022728638
19893,8357,0.004354478
19894,84586,0.0031405988
19895,38501,0.13040477
19896,65205,0.0062839175
19897,31378,0.59409255
19898,76889,0.3619964
19899,916,0.0014191172
19900,54319,0.16627684
19901,8750,0.022601707
19902,94060,0.31932625
19903,76954,0.6982025
19904,6020,0.020197285
19905,95762,0.14335498
19906,56949,0.002243549
19907,93493,0.37642527
19908,89022,0.0007117463
19909,61430,0.007029523
19910,58328,0.8233484
19911,16886,0.35932583
19912,86518,0.026167093
19913,35244,0.042177267
19914,14275,0.029078767
19915,19307,0.45627943
19916,35196,0.19465666
19917,106224,0.7375964
19918,45900,0.016565625
19919,9841,0.05184201
19920,13575,0.7231015
19921,33604,0.026718179
19922,80051,0.34098592
19923,101770,0.0035041845
19924,79906,0.4377116
19925,77757,0.13730942
19926,64922,0.008096196
19927,52412,0.5427143
19928,31354,0.0020220235
19929,86238,0.027030254
19930,45645,0.013143747
19931,46257,0.0041904836
19932,51662,8.323036e-05
19933,84899,0.016528634
19934,20936,0.8233484
19935,7465,0.51642954
19936,93824,0.5999409
19937,56116,0.5427143
19938,97916,0.018601326
19939,35366,0.001353865
19940,22519,0.00025929938
19941,2532,0.006868593
19942,105472,0.26011735
19943,73103,0.008292845
19944,31409,0.043812882
19945,75952,0.6982025
19946,38044,0.62831575
19947,54605,0.033027504
19948,69006,0.3619964
19949,81230,0.7057373
19950,59156,0.006590371
19951,71408,0.7481223
19952,80393,0.65744025
19953,10060,0.0023374732
19954,15674,0.8590712
19955,70390,0.0005417505
19956,4851,0.020197285
19957,66318,0.007029523
19958,1784,0.0150690535
19959,89666,0.14401716
19960,65565,0.5375059
19961,64812,0.0002919476
19962,23597,0.00014043324
19963,55170,0.5427143
19964,112668,0.72096616
19965,59089,0.0029571718
19966,57782,0.0004946242
19967,24305,0.01583257
19968,13302,0.007029523
19969,35663,0.21865545
19970,41046,0.039320398
19971,46153,0.65522355
19972,1007,0.8590712
19973,114284,0.4503174
19974,51386,0.59409255
19975,102261,0.00050197344
19976,9018,0.0005883188
19977,73622,0.43834177
19978,71616,0.012808806
19979,109721,0.13730942
19980,47677,0.014194789
19981,58946,0.0007258626
19982,32354,0.0092549315
19983,81224,0.43834177
19984,22078,0.0032136496
19985,78193,0.0020164743
19986,51035,0.005541767
19987,29501,0.002307305
19988,59849,0.17013359
19989,100372,0.26011735
19990,77302,0.01376545
19991,8713,0.014690886
19992,10370,0.111047216
19993,70456,0.5787994
19994,31147,0.6077621
19995,79352,0.7220712
19996,87188,0.011011613
19997,107591,0.0040797824
19998,92592,0.8282514
19999,54554,0.029565545
20000,14892,0.009634103
20001,57208,0.10240164
20002,34311,0.013089103
20003,83003,0.033027504
20004,18113,0.0019167581
20005,35519,0.0042011044
20006,41833,0.003969364
20007,47509,0.011247891
20008,109392,0.49364203
20009,76870,0.3619964
20010,103805,0.42193875
20011,85264,0.033644553
20012,56523,0.81563526
20013,2770,0.027050344
20014,79924,0.0020186892
20015,39515,0.858194
20016,98485,0.0035041845
20017,40725,0.5375059
20018,36826,0.31973323
20019,49787,0.004326877
20020,60113,0.0012988849
20021,105085,0.7616338
20022,28974,0.21979274
20023,59013,0.59409255
20024,89465,0.00011096815
20025,1269,0.0027499686
20026,6801,0.0054169586
20027,90549,0.034388546
20028,93776,0.033027504
20029,76751,0.033027504
20030,14765,0.001353865
20031,29010,0.0021425548
20032,94423,0.0009505258
20033,115558,0.0020228298
20034,55768,0.07751709
20035,107555,0.7602656
20036,58642,0.7920622
20037,35653,0.59409255
20038,102984,0.045722723
20039,80882,0.0015946166
20040,91293,0.7220712
20041,46630,0.21865545
20042,27679,0.025606757
20043,58393,0.16627684
20044,111283,0.016969895
20045,97308,0.14401716
20046,78558,0.051370416
20047,84998,9.6193464e-05
20048,11734,0.91477466
20049,78078,0.0015946166
20050,68300,0.033027504
20051,98237,0.17013359
20052,92759,0.88546485
20053,43432,0.5787994
20054,93628,0.504411
20055,21966,0.015545429
20056,35144,0.01371935
20057,64340,0.0017576037
20058,27806,0.0015322297
20059,8363,0.25565556
20060,10988,0.031393405
20061,98693,0.015545429
20062,91000,0.033027504
20063,101017,0.00010820505
20064,20705,0.0005242012
20065,32358,0.5427143
20066,81687,0.033027504
20067,54575,0.0032762103
20068,11511,0.016551321
20069,31261,0.014237268
20070,25204,0.007099019
20071,31044,0.17013359
20072,21154,0.011171781
20073,108887,0.0059125572
20074,31654,0.6077621
20075,72018,0.5072981
20076,114530,0.00046444937
20077,31857,0.17013359
20078,8272,0.0028328071
20079,21890,0.001353865
20080,73972,0.0673286
20081,88230,0.3619964
20082,84547,0.033027504
20083,78377,0.27470013
20084,56820,0.1363911
20085,48550,0.016674498
20086,92828,0.018802593
20087,78218,0.065039895
20088,58566,0.7481223
20089,70221,0.010905763
20090,25573,0.00033226295
20091,103102,0.01376545
20092,43326,0.0005616704
20093,86722,0.0046327054
20094,40030,0.0092549315
20095,67458,0.027030254
20096,49595,0.02631697
20097,111910,0.42193875
20098,83865,0.033027504
20099,14802,0.00014073888
20100,100602,0.27470013
20101,40012,0.016653307
20102,101893,0.26011735
20103,61300,0.05432235
20104,88615,0.016521992
20105,54649,0.13534898
20106,7133,0.0055677486
20107,87161,0.17457265
20108,113105,0.65744025
20109,46975,0.7624394
20110,15495,4.7236717e-05
20111,47206,0.013632077
20112,4215,0.00043476018
20113,56173,0.8072219
20114,91018,0.007732472
20115,10555,0.056950733
20116,102110,0.6063789
20117,22514,0.008692204
20118,12384,0.001353865
20119,47855,0.007029523
20120,59320,0.7616917
20121,111343,0.00068665814
20122,31748,0.00034487687
20123,79095,0.3582536
20124,31832,0.5427143
20125,6302,0.0025432997
20126,70264,0.7616917
20127,110500,0.35487762
20128,16922,0.0102362605
20129,84632,0.5072981
20130,100887,0.017411998
20131,68875,0.0016585024
20132,96113,0.00029758742
20133,51290,0.6982025
20134,107376,0.22588314
20135,104072,0.022349518
20136,16342,0.03087039
20137,57635,8.8176035e-05
20138,88941,0.3619964
20139,67950,0.008961343
20140,83127,0.027606798
20141,71194,0.0023066434
20142,73605,0.17457265
20143,19910,0.01017783
20144,31043,0.001463574
20145,19467,0.4868459
20146,23690,0.1745107
20147,67578,0.7481223
20148,66370,0.22588314
20149,50819,0.5427143
20150,445,0.004306097
20151,21068,0.003006968
20152,18647,0.5072981
20153,40217,0.033661835
20154,62112,0.017661449
20155,94973,0.88752764
20156,41341,0.10163855
20157,62785,0.038769457
20158,53931,0.00016229291
20159,109811,0.49550277
20160,21932,0.00042762142
20161,42491,7.315669e-05
20162,51046,0.0037813291
20163,88802,0.032022864
20164,84236,0.0009505258
20165,82305,0.038769457
20166,84172,0.04361101
20167,114048,0.7220712
20168,7854,0.029243568
20169,31408,0.003496146
20170,109850,0.016969895
20171,81482,0.033027504
20172,63449,0.0045302357
20173,80936,0.01017783
20174,100703,0.5999409
20175,66722,0.065039895
20176,94716,0.5427143
20177,43872,0.04823579
20178,106148,0.0059125572
20179,83710,0.8072219
20180,62084,0.13730942
20181,59706,0.010565702
20182,29199,0.5427143
20183,93149,0.14401716
20184,109935,0.776379
20185,115057,0.72096616
20186,119,0.020197285
20187,109575,0.5999409
20188,63379,0.10240164
20189,37347,0.5427143
20190,6518,0.008848526
20191,81628,0.0007946581
20192,248,0.00083558174
20193,16123,0.001353865
20194,72830,0.0007324447
20195,48097,0.44410628
20196,104445,0.038481954
20197,102474,0.11677547
20198,100304,0.0002751196
20199,106063,0.028048089
20200,82566,0.5072981
20201,51888,0.007029523
20202,64905,0.0025630787
20203,83524,0.0022902994
20204,61365,0.013143747
20205,26387,0.001353865
20206,4099,0.032902766
20207,7983,0.006868593
20208,46010,0.820729
20209,31667,0.17013359
20210,53727,0.033027504
20211,96403,0.16627684
20212,10514,0.010725257
20213,72717,0.0005433557
20214,85483,0.3619964
20215,31250,0.6185612
20216,103788,0.49550277
20217,110998,0.22588314
20218,6427,0.05068339
20219,75066,0.032022864
20220,38319,0.0062839175
20221,106270,0.547256
20222,110902,0.7616917
20223,100627,0.36704037
20224,4214,0.034629997
20225,985,0.11613206
20226,31907,0.0030137459
20227,80650,0.31973323
20228,22107,0.0069165933
20229,92139,0.004201382
20230,59087,0.01017783
20231,1787,0.00023026332
20232,110554,0.015271107
20233,103507,0.49364203
20234,74377,0.0044498453
20235,50722,0.27032498
20236,41901,0.504411
20237,59896,0.9343248
20238,104859,0.6077621
20239,80360,0.7057373
20240,15830,0.56752956
20241,101091,0.033027504
20242,112997,0.041028555
20243,61079,0.01017783
20244,91610,0.033027504
20245,55650,0.36848506
20246,8127,0.006578858
20247,9381,0.0003830839
20248,1897,0.029340554
20249,50090,0.007029523
20250,93156,0.5787994
20251,39320,0.49550277
20252,11534,0.22197981
20253,880,0.0005411998
20254,48586,0.7616917
20255,97309,0.05909461
20256,2312,0.034433797
20257,31996,2.666988e-05
20258,43727,0.0040797824
20259,63080,0.013143747
20260,53184,0.0131263975
20261,100223,0.008078019
20262,63214,0.033027504
20263,39338,0.0014513604
20264,55784,0.008132936
20265,106436,0.5999409
20266,91852,0.5787994
20267,35249,0.007029523
20268,75420,0.00037464773
20269,87939,0.0025497796
20270,93057,0.0011804963
20271,58379,0.0008264734
20272,66710,0.12634419
20273,109296,0.017661449
20274,83347,0.000585215
20275,17775,0.1300984
20276,54110,0.9887555
20277,54498,0.59409255
20278,16731,0.001353865
20279,42636,0.007029523
20280,62508,0.12634419
20281,90813,0.3857383
20282,41148,0.44410628
20283,91873,0.54492104
20284,90738,0.00057249586
20285,50946,0.50492847
20286,70142,0.033027504
20287,97000,0.0004806526
20288,101154,0.0015485244
20289,29694,0.8873898
20290,49358,0.61799353
20291,73863,0.6185612
20292,17248,0.046658676
20293,55426,0.59409255
20294,47298,0.022641659
20295,104837,3.2907552e-05
20296,14115,0.9257194
20297,9236,0.016712124
20298,69802,0.0006970715
20299,56090,0.0062839175
20300,35680,0.032022864
20301,58033,0.7616917
20302,11215,0.0036352973
20303,115933,0.023361359
20304,34532,0.3582536
20305,100517,0.5980179
20306,23154,0.006690642
20307,97814,0.6485016
20308,11721,0.0054169586
20309,58604,0.5672082
20310,115052,0.015195106
20311,77188,0.042940665
20312,96437,0.7616917
20313,18101,0.0088156825
20314,40165,0.012921646
20315,53450,0.0068241907
20316,53568,0.0014696156
20317,57504,0.033027504
20318,61933,0.5672082
20319,1842,0.056783542
20320,19306,0.027104618
20321,107658,0.015195106
20322,74403,0.0025762145
20323,46498,0.014590426
20324,62479,0.0131263975
20325,40056,0.0048653525
20326,34940,0.001353865
20327,89098,0.019060155
20328,98095,0.034388546
20329,10916,0.88852733
20330,65497,0.007029523
20331,76415,0.7920622
20332,57106,0.3922606
20333,1985,0.010455945
20334,8856,0.0028135278
20335,26847,0.0092549315
20336,4240,0.056950733
20337,112620,0.65751773
20338,45944,0.04314553
20339,92718,0.012808806
20340,78138,0.0020164743
20341,18477,0.0031582247
20342,44434,0.13040477
20343,73910,0.6185612
20344,105671,0.053175144
20345,98642,0.014590426
20346,74997,0.23185891
20347,84640,0.012820641
20348,27991,0.0061046057
20349,26234,0.027104618
20350,38346,0.007099019
20351,76998,0.3099558
20352,112850,0.5427143
20353,93077,0.019602552
20354,24753,0.0012213867
20355,100888,0.0067506013
20356,38683,0.00016204611
20357,12184,0.016521992
20358,41096,0.0037350457
20359,106904,0.036027845
20360,10181,0.01371935
20361,107428,0.20558783
20362,115752,0.5999409
20363,52764,0.029078767
20364,37163,0.7920622
20365,90153,0.63507825
20366,80205,0.033027504
20367,70401,0.00031681938
20368,61611,0.016653307
20369,73090,0.06473958
20370,69989,0.14401716
20371,31359,0.0150690535
20372,62833,0.003857994
20373,76227,0.00011298124
20374,18859,0.0092549315
20375,34016,0.0038557483
20376,41281,0.029565545
20377,81363,0.6185612
20378,111197,0.00055935973
20379,34435,0.12124181
20380,81548,0.0034975903
20381,62400,0.016653307
20382,113463,0.093256965
20383,111183,0.9285979
20384,12397,0.044770245
20385,101485,0.16023703
20386,60166,0.12634419
20387,57273,0.0007157943
20388,105523,0.3588082
20389,65711,0.016521992
20390,16026,0.54020727
20391,41093,0.13040477
20392,32844,0.23713417
20393,112869,0.0010102807
20394,3423,0.19831872
20395,34646,0.5427143
20396,94277,0.00070061564
20397,29618,0.8072219
20398,45926,0.022141332
20399,24089,0.033607885
20400,91968,0.02202568
20401,47054,0.02961867
20402,4043,0.032902766
20403,91120,0.7106482
20404,14965,0.7057373
20405,16929,0.61799353
20406,2481,0.0028135278
20407,47896,0.011709839
20408,111730,0.72834224
20409,53131,0.01017783
20410,3455,0.040206905
20411,61212,0.5427143
20412,19051,0.012808806
20413,48622,0.014590426
20414,38059,0.00016678966
20415,46323,0.21865545
20416,37339,0.0006133696
20417,102926,0.025438204
20418,98528,0.49364203
20419,91670,0.11001589
20420,100740,0.3619964
20421,795,0.5072981
20422,101190,0.12634419
20423,24182,0.0011224803
20424,115666,0.9094053
20425,43561,0.0040797824
20426,88271,0.3619964
20427,86709,0.14401716
20428,68874,0.13730942
20429,7755,0.09429278
20430,13572,0.0030654797
20431,14801,0.27636027
20432,19372,0.0006828295
20433,70110,0.027030254
20434,73126,0.24387737
20435,8268,0.059773423
20436,1806,0.0028135278
20437,45810,0.5168421
20438,31724,0.56445324
20439,14380,0.5072981
20440,98366,0.63507825
20441,79379,0.002243549
20442,49126,0.5072981
20443,35809,0.008138208
20444,112571,0.051456563
20445,44737,0.6185612
20446,2854,0.05286063
20447,39497,0.0006916552
20448,27877,0.52248293
20449,91498,0.858194
20450,72950,0.7616917
20451,75402,0.033027504
20452,23971,0.13730942
20453,26584,0.21979274
20454,83336,0.31932625
20455,79808,0.21865545
20456,38823,0.5072981
20457,107185,0.27470013
20458,38246,0.012544324
20459,38714,0.49550277
20460,101843,0.034388546
20461,55093,0.5427143
20462,35271,0.59409255
20463,12766,0.016521992
20464,36353,0.49550277
20465,22545,0.4868459
20466,6916,0.0011938824
20467,6314,0.034433797
20468,66838,0.19465666
20469,10099,0.0012681215
20470,58029,0.033027504
20471,21242,0.8848291
20472,109687,0.5999409
20473,16935,0.8233484
20474,25476,0.0010284387
20475,69824,0.6982025
20476,66325,0.12634419
20477,74092,0.14401716
20478,87799,0.7616917
20479,57172,0.5072981
20480,51328,0.49550277
20481,105136,0.7920622
20482,72769,0.13730942
20483,72616,0.5114135
20484,55571,0.019368267
20485,84425,3.4901022e-05
20486,19545,0.8848291
20487,82331,0.31932625
20488,92928,0.7106482
20489,98601,0.88752764
20490,14841,0.014590426
20491,112798,0.61799353
20492,78922,0.008592238
20493,105776,0.5999409
20494,67532,0.65744025
20495,10708,0.0027796994
20496,52588,0.6185612
20497,114418,0.70420945
20498,84579,0.033027504
20499,87198,0.00011201758
20500,689,0.27636027
20501,12670,0.7231015
20502,85531,0.002466049
20503,38865,0.23185891
20504,98083,0.008976372
20505,59106,0.91309136
20506,59437,0.04361101
20507,95673,0.0037621777
20508,11980,0.008952463
20509,79684,0.0030654797
20510,11686,0.0023470446
20511,48887,0.6982025
20512,103957,0.0008869163
20513,63692,0.0017405305
20514,107587,0.19465666
20515,72539,0.033027504
20516,5155,0.09673064
20517,4088,0.020197285
20518,82374,0.005185175
20519,12096,0.5072981
20520,96683,0.14401716
20521,17989,0.016521992
20522,85196,0.3619964
20523,86495,0.5427143
20524,31837,0.032022864
20525,30292,0.001353865
20526,25309,0.013143747
20527,52507,0.14401716
20528,27801,0.013143747
20529,12971,0.0005711812
20530,9913,0.9667745
20531,79731,0.012808806
20532,51708,0.0035153013
20533,100317,0.013107756
20534,100197,0.52364886
20535,51463,0.7834908
20536,83202,0.52248293
20537,8990,0.73766655
20538,73447,0.033027504
20539,76177,0.42193875
20540,31400,0.16627684
20541,83389,0.5072981
20542,58790,0.5960657
20543,47369,0.27032498
20544,88191,0.003813615
20545,67246,0.7439202
20546,8317,0.0046989517
20547,84082,0.88546485
20548,68628,0.0012034997
20549,111039,0.7587832
20550,37310,0.019013701
20551,86087,0.52248293
20552,65740,0.016521992
20553,44181,0.00012574597
20554,63325,0.0015418233
20555,62009,0.65744025
20556,8174,0.0054169586
20557,51281,0.01017783
20558,54114,0.4107991
20559,10685,0.5960122
20560,100694,0.49364203
20561,94549,0.7920622
20562,7949,0.013569391
20563,33379,0.6077621
20564,113836,0.0018922699
20565,61734,0.0131263975
20566,11650,0.0027796994
20567,96357,0.7481223
20568,115934,0.26011735
20569,105895,0.43834177
20570,77133,0.0016357844
20571,43887,0.00075207284
20572,21285,0.003248396
20573,80492,0.000585215
20574,89254,0.0008835748
20575,69702,0.43834177
20576,17021,0.0092549315
20577,78003,0.04361101
20578,7108,0.05184201
20579,45161,0.7933165
20580,35163,0.0013340883
20581,32839,0.0092549315
20582,97036,0.005541767
20583,71037,0.020547971
20584,25218,0.0007860995
20585,72891,0.033027504
20586,70614,0.36848506
20587,75216,0.8072219
20588,101566,0.7616338
20589,125,0.01371935
20590,34886,0.59409255
20591,18806,0.504411
20592,5614,0.033438776
20593,3286,0.0030152577
20594,18137,0.0013010504
20595,27369,0.36704037
20596,38413,0.13040477
20597,68,0.0088156825
20598,73862,0.0006281485
20599,108946,0.7616338
20600,87181,0.27032498
20601,111833,0.0667381
20602,41354,0.013143747
20603,74169,0.93920165
20604,50076,0.00054154196
20605,79223,0.005541767
20606,80125,0.37642527
20607,71810,0.023799386
20608,78673,0.01017783
20609,5099,0.084790766
20610,4265,0.7749112
20611,60,0.1008233
20612,22713,0.041615963
20613,111247,0.05776599
20614,7362,0.23152484
20615,21924,0.005329171
20616,67576,0.1198357
20617,58144,0.033027504
20618,68710,0.14401716
20619,2379,0.05184201
20620,73385,0.0019183807
20621,51650,0.8072219
20622,48765,0.0006047114
20623,48290,0.17013359
20624,32006,0.1363911
20625,56294,0.0012643931
20626,83445,0.14401716
20627,34604,0.61799353
20628,50092,0.5072981
20629,3129,0.26509386
20630,10232,0.056783542
20631,60438,0.25119156
20632,11732,0.002492577
20633,53108,0.23185891
20634,64926,0.00726674
20635,112910,0.36848506
20636,36391,0.5427143
20637,36462,0.5427143
20638,75707,0.060449827
20639,47048,0.62831575
20640,104666,0.8368462
20641,55083,0.5960657
20642,17442,0.001353865
20643,96079,0.033027504
20644,80947,0.0024172592
20645,98445,0.88752764
20646,18922,0.009782592
20647,92365,0.3619964
20648,106452,0.0077066333
20649,111816,0.00018737548
20650,75476,0.7920622
20651,93584,0.39557743
20652,87113,0.0007880729
20653,50920,0.8210756
20654,33186,0.5427143
20655,22566,0.019013701
20656,41188,0.007276774
20657,64995,0.019602552
20658,81850,0.14401716
20659,54695,0.0006081104
20660,95277,0.00016203066
20661,92012,0.0018366842
20662,17521,0.025606757
20663,19138,0.0032136496
20664,57698,0.0006546654
20665,70649,0.01017783
20666,69098,0.00048590722
20667,68835,0.31932625
20668,54359,0.085817516
20669,102704,0.44872737
20670,80447,0.071609475
20671,78107,0.0022111223
20672,17047,0.01371935
20673,102916,0.01553973
20674,76252,0.0031033724
20675,95900,0.006333401
20676,29784,0.12832367
20677,21048,0.6982025
20678,57275,0.0018256658
20679,101808,0.012272958
20680,70543,0.504411
20681,100617,0.0053904853
20682,115759,0.13584012
20683,2049,0.023362257
20684,37424,0.0010093763
20685,43519,6.622218e-05
20686,25027,0.9343248
20687,20521,0.8688992
20688,31488,0.013143747
20689,25243,0.0015744286
20690,31885,0.009260293
20691,2417,0.09335998
20692,39961,1.9212834e-05
20693,38856,0.026718179
20694,67598,0.5787994
20695,4199,0.011159773
20696,80691,0.006333401
20697,8683,0.0890648
20698,87743,0.13567427
20699,88932,0.16627684
20700,11067,0.36866146
20701,3200,0.06289488
20702,35131,0.007029523
20703,96603,0.63507825
20704,3637,0.08992581
20705,110513,0.3588082
20706,21844,0.13040477
20707,38689,0.013143747
20708,53723,0.03458862
20709,13110,0.016521992
20710,13895,0.6185612
20711,48257,0.005364075
20712,35092,0.81498784
20713,75121,0.011600402
20714,67056,0.15668462
20715,19573,0.0088156825
20716,54445,0.045199167
20717,86694,0.08290729
20718,36163,0.007029523
20719,25363,0.16627684
20720,12146,0.523312
20721,15046,0.19482048
20722,59447,0.7616917
20723,40462,0.00028456433
20724,87183,4.84257e-05
20725,57206,0.7920622
20726,7750,0.0017537593
20727,83901,0.17457265
20728,105781,0.504411
20729,113099,0.00078979303
20730,107062,0.631487
20731,96285,0.10240164
20732,77544,0.3619964
20733,109635,0.72096616
20734,83130,0.5072981
20735,31220,0.013143747
20736,75974,0.000585215
20737,71309,0.7920622
20738,27315,0.21979274
20739,99618,0.3619964
20740,42957,0.0025496304
20741,36758,0.27470013
20742,19493,0.54976434
20743,33403,0.003874918
20744,96574,0.3619964
20745,36528,0.10240164
20746,11080,0.0028135278
20747,91412,0.038669225
20748,107934,0.0314218
20749,35556,0.5072981
20750,60860,0.9572552
20751,96606,0.71354675
20752,106552,0.006312543
20753,28104,0.022169856
20754,56608,0.032022864
20755,79786,0.5072981
20756,5966,0.0047330773
20757,54453,0.008132936
20758,31417,0.033661835
20759,78426,0.023397325
20760,56414,0.5427143
20761,73594,0.005185175
20762,95156,0.7920622
20763,4591,0.20019254
20764,24773,0.0044722315
20765,71089,0.27470013
20766,68338,0.0022111223
20767,56443,0.6982025
20768,78867,0.27032498
20769,95456,0.5427143
20770,60932,0.032022864
20771,32360,0.7450129
20772,39840,0.019013701
20773,11666,0.91477466
20774,4549,0.8072219
20775,88134,0.27470013
20776,55505,0.7380137
20777,54755,0.14401716
20778,53975,0.14401716
20779,76133,0.0007722166
20780,6147,0.15254125
20781,31516,0.0104701575
20782,9013,0.024865407
20783,100745,0.70420945
20784,25847,0.0016585024
20785,34077,0.008132936
20786,29646,0.0075174733
20787,28620,0.0066788285
20788,109153,0.002090025
20789,18623,0.6982025
20790,108867,0.39557743
20791,45323,0.504411
20792,9633,0.056950733
20793,34334,0.023140542
20794,56900,0.0060585644
20795,32541,0.013143747
20796,78282,0.011011613
20797,62697,0.04571049
20798,101063,0.05476863
20799,65105,0.0016357844
20800,72310,0.7920622
20801,43852,0.13040477
20802,60260,0.00015511898
20803,73334,0.61799353
20804,20237,0.5960657
20805,81658,0.11250516
20806,52124,0.13730942
20807,84774,0.0074253147
20808,14562,0.00250497
20809,100444,0.006791405
20810,75385,0.00022926483
20811,63733,0.10240164
20812,39047,0.0048150397
20813,103159,0.3588082
20814,60745,0.5427143
20815,72027,0.7481223
20816,22691,0.27470013
20817,68773,0.001353865
20818,35264,0.004455762
20819,82776,0.3619964
20820,104068,0.26011735
20821,93535,0.504411
20822,37976,0.0005906505
20823,82569,0.7616917
20824,5183,0.0028135278
20825,16472,0.0007814893
20826,62165,0.011834749
20827,72524,0.029565545
20828,37980,0.12634419
20829,104899,0.037220772
20830,66636,0.0012891877
20831,71142,0.004376268
20832,80671,0.00025424414
20833,13433,0.033004504
20834,97160,0.31973323
20835,74738,0.14401716
20836,2869,0.10499385
20837,100424,0.013200554
20838,32737,0.31973323
20839,68883,0.3619964
20840,82920,0.52248293
20841,1342,0.0063210553
20842,80335,0.12634419
20843,115254,0.4503174
20844,90301,0.01553973
20845,42143,0.02055002
20846,93358,0.57065606
20847,19309,0.14401716
20848,23145,0.27636027
20849,28112,0.0030091559
20850,109065,0.31932625
20851,66494,0.00046026817
20852,39150,0.03458862
20853,106879,4.163234e-05
20854,49964,0.012882307
20855,460,0.0009018097
20856,28533,0.20558783
20857,47852,0.00048786477
20858,95275,0.74324876
20859,66368,0.005849697
20860,48493,0.00055099645
20861,27639,0.00054187165
20862,91902,0.007999202
20863,85978,0.7616917
20864,66737,0.0034516482
20865,886,0.19486216
20866,80085,0.00065167213
20867,81374,0.016969895
20868,85400,0.3619964
20869,10551,0.0027796994
20870,87411,0.033760633
20871,97026,0.67305404
20872,52328,0.0014696156
20873,72722,0.4868459
20874,91218,0.3922606
20875,76914,0.0016839211
20876,102585,0.0027821113
20877,85106,0.033027504
20878,76355,0.7224025
20879,84960,0.49550277
20880,11285,0.056950733
20881,94032,0.42193875
20882,60112,0.8465671
20883,80423,0.33730337
20884,42027,0.00054187165
20885,55585,0.001257958
20886,23780,0.5787994
20887,47324,0.00058576127
20888,21577,0.8072219
20889,74910,0.07765535
20890,59566,0.00080585823
20891,31176,0.5427143
20892,28490,0.028225413
20893,58659,0.6063789
20894,101197,0.02194439
20895,98404,0.13567427
20896,22023,0.009634103
20897,47690,0.17013359
20898,82227,0.0022889269
20899,46769,0.6185612
20900,11189,0.23072693
20901,9580,0.01371935
20902,49172,0.61799353
20903,88179,0.3619964
20904,93293,0.74324876
20905,54411,0.021035152
20906,75563,0.0016377354
20907,11104,0.00037938132
20908,70084,0.7616917
20909,86066,0.5072981
20910,58534,0.016061045
20911,25173,0.21979274
20912,111241,0.006091944
20913,115932,0.8570294
20914,39719,0.31973323
20915,95387,0.27470013
20916,37483,0.0024896516
20917,19017,0.0006583921
20918,112660,0.004266095
20919,11156,0.00046971
20920,8963,0.05184201
20921,62588,0.25119156
20922,19891,0.0003775159
20923,59705,0.8125482
20924,28473,0.004579721
20925,53087,0.8072219
20926,47789,0.7439202
20927,14632,0.0006116355
20928,4250,0.00017468318
20929,89119,0.17457265
20930,47278,0.5787994
20931,86690,0.3619964
20932,92978,0.076594226
20933,14318,0.19465666
20934,23964,0.001353865
20935,46837,0.56445324
20936,1974,0.020520896
20937,18709,0.012949104
20938,9869,0.0027796994
20939,68729,0.01553973
20940,103146,0.65751773
20941,21177,0.004306097
20942,61616,0.0029731237
20943,34348,0.00884271
20944,14943,0.36297506
20945,16947,0.002387224
20946,108478,0.31932625
20947,81815,0.7920622
20948,79639,0.013530958
20949,83839,0.14401716
20950,81460,0.039320398
20951,104419,0.504411
20952,104311,0.5999409
20953,54633,0.010131043
20954,78723,0.033027504
20955,91690,0.005185175
20956,12229,0.0020164743
20957,84344,0.07400991
20958,11959,0.023674505
20959,69181,0.060559522
20960,74635,2.1771166e-05
20961,52992,0.43834177
20962,78148,0.032232128
20963,61420,0.3922606
20964,64768,0.00021625911
20965,112769,0.5427143
20966,11620,0.30107048
20967,64490,0.005329171
20968,46638,0.0092549315
20969,20116,0.5375059
20970,7655,0.00013395274
20971,65538,0.0102000525
20972,47917,0.17457265
20973,109518,0.0059125572
20974,90425,0.3619964
20975,106696,0.0045734216
20976,107596,0.75960886
20977,56452,0.0060585644
20978,85815,0.039320398
20979,11781,0.8072219
20980,32759,0.0014464532
20981,10190,0.73766655
20982,66562,0.27470013
20983,37907,0.03087039
20984,11452,0.010565702
20985,94098,0.00783156
20986,17935,0.001353865
20987,31008,0.59409255
20988,108621,0.033027504
20989,42678,0.6185612
20990,115523,0.0008243313
20991,57949,0.5427143
20992,5691,0.028931994
20993,93349,0.42487767
20994,32185,0.0009457853
20995,115248,0.26011735
20996,88905,0.036180433
20997,114698,0.5980179
20998,111939,0.7616338
20999,90339,0.3619964
21000,16538,0.063240916
21001,48158,0.01017783
21002,35344,0.01791253
21003,102929,0.5999409
21004,79045,0.7920622
21005,58333,0.5427143
21006,44644,0.004852011
21007,37156,0.13040477
21008,36643,0.008546568
21009,43225,0.016653307
21010,76011,0.0056949994
21011,65595,0.22588314
21012,31279,0.42057085
21013,38000,0.0009914997
21014,94878,0.0017375643
21015,2548,0.05286063
21016,98461,0.0017653023
21017,112007,0.3619964
21018,1300,0.73766655
21019,47548,0.65522355
21020,95445,0.37805748
21021,10489,0.22197981
21022,77086,2.3766968e-05
21023,83648,0.01754581
21024,106111,0.0006516873
21025,81801,0.52248293
21026,82128,0.14401716
21027,72385,2.5221692e-05
21028,97965,0.00057424954
21029,68152,0.6480605
21030,69761,0.028048089
21031,44454,0.0015418233
21032,24550,0.04571049
21033,14840,0.0003371583
21034,115373,0.0004216209
21035,58806,0.14401716
21036,48508,0.5072981
21037,28289,0.36848506
21038,10385,0.020197285
21039,45532,0.020547971
21040,54059,0.033661835
21041,8321,0.0028135278
21042,87659,0.0004554053
21043,30577,0.0059368378
21044,103624,0.02881908
21045,16520,0.0016951648
21046,71353,0.023799386
21047,63935,0.6297508
21048,24227,0.7624394
21049,79946,0.7920622
21050,87501,0.0614554
21051,31678,0.0023082397
21052,36593,0.01017783
21053,110652,0.0026340506
21054,89033,0.01984119
21055,6363,0.73513407
21056,21872,0.02055002
21057,107639,0.0033614086
21058,20701,0.21865545
21059,97376,0.0053904853
21060,51028,0.0038557483
21061,26010,0.003761745
21062,50550,0.8072219
21063,35448,0.504411
21064,8110,0.018106917
21065,42719,0.0005251064
21066,113283,0.26011735
21067,42051,0.073354855
21068,104179,0.3153181
21069,12231,0.008681093
21070,13021,0.5072981
21071,96853,0.003006968
21072,101735,0.003006968
21073,6614,0.7895489
21074,77376,0.31932625
21075,33454,0.0035041845
21076,109870,0.5999409
21077,8637,0.056950733
21078,303,0.523312
21079,24809,0.00019029372
21080,84557,0.52248293
21081,105712,0.6508523
21082,13398,0.008362854
21083,62287,0.5427143
21084,38171,0.0016585024
21085,87250,0.3619964
21086,97685,0.00077190716
21087,94786,0.7616917
21088,104970,0.42487767
21089,46189,0.00033226295
21090,47253,0.0026947088
21091,12723,0.0035644155
21092,73164,0.3619964
21093,6091,0.0032143844
21094,57876,0.7616917
21095,7528,0.020197285
21096,1287,0.5037168
21097,10867,0.3368783
21098,22096,0.39557743
21099,64403,0.27470013
21100,114882,0.0016134646
21101,59948,0.42275953
21102,110863,0.020420272
21103,4353,0.042923756
21104,46849,0.019013701
21105,61824,0.7920622
21106,3635,0.3851501
21107,25519,0.013143747
21108,5230,0.0033046973
21109,65491,0.015464214
21110,83735,0.0012306378
21111,46416,0.504411
21112,110969,0.7879012
21113,31353,0.0010818559
21114,78503,0.13730942
21115,51323,0.13730942
21116,44518,0.21979274
21117,33974,0.0020164743
21118,22236,0.0010284387
21119,107672,0.19465666
21120,37984,0.00030892363
21121,31650,0.12634419
21122,111271,0.007099019
21123,77481,0.033661835
21124,16548,0.31973323
21125,86686,0.033027504
21126,64965,0.06040302
21127,70811,0.00080393266
21128,10077,0.15050617
21129,26189,0.03695194
21130,71623,0.3619964
21131,40887,0.00019926578
21132,43009,0.0005134705
21133,74977,0.7043261
21134,21630,0.016521992
21135,94618,0.0005075376
21136,3219,0.5037168
21137,56316,0.08290729
21138,15244,0.044409733
21139,28173,0.022955928
21140,89347,0.008681093
21141,58306,0.12634419
21142,25016,0.0071735526
21143,95617,0.00024948287
21144,39002,0.022439212
21145,56307,0.004326877
21146,30647,0.01371935
21147,16883,0.02155596
21148,86784,0.41298148
21149,113771,0.01172875
21150,59134,0.13730942
21151,11564,0.0012861454
21152,11328,0.6482437
21153,77896,0.43834177
21154,27058,0.01017783
21155,17177,0.00097159046
21156,5472,0.7231015
21157,69482,0.033027504
21158,18521,0.015673688
21159,56391,0.5427143
21160,60898,0.00010820505
21161,93949,0.0017375643
21162,22646,0.0009268453
21163,113592,0.72834224
21164,14014,9.507052e-05
21165,40169,0.5960657
21166,43823,0.52248293
21167,42608,0.007029523
21168,40351,0.6185612
21169,39266,0.016653307
21170,76452,4.6684145e-05
21171,18332,0.5960657
21172,71515,0.3619964
21173,72873,0.004832083
21174,59935,0.027030254
21175,11087,0.022601707
21176,75580,0.000585215
21177,104682,0.017411998
21178,30238,0.12634419
21179,77480,0.14401716
21180,67894,0.0053904853
21181,31745,0.0016585024
21182,103251,0.033027504
21183,16668,0.56752956
21184,106798,0.00061695307
21185,84815,0.3619964
21186,72002,0.3619964
21187,95212,0.70420945
21188,70548,0.5072981
21189,42436,0.52248293
21190,5107,0.00043036055
21191,88511,0.0028219095
21192,72945,0.0022111223
21193,17186,8.497068e-05
21194,96367,0.19465666
21195,80345,0.88752764
21196,29936,0.00048786477
21197,55528,0.49550277
21198,84531,0.033027504
21199,32857,0.6077621
21200,105659,0.22588314
21201,81138,0.14401716
21202,14873,0.41883415
21203,108430,0.108328365
21204,59206,0.7920622
21205,78730,0.39557743
21206,4125,0.0881926
21207,36702,0.0092549315
21208,52144,0.005513244
21209,98478,0.006932296
21210,42323,0.003895054
21211,115068,0.81563526
21212,87486,0.5072981
21213,104045,0.547256
21214,1745,0.44410628
21215,45327,0.028225413
21216,27115,0.82215583
21217,102262,0.003578549
21218,58848,0.00034736237
21219,14890,4.9089802e-05
21220,47162,0.0052372166
21221,15823,0.08805262
21222,107682,0.033027504
21223,7901,0.0054169586
21224,108811,0.10528638
21225,80252,0.005185175
21226,40227,0.8688992
21227,110986,0.028853998
21228,7442,0.086525634
21229,105293,0.0045302357
21230,59162,0.31973323
21231,12757,0.5072981
21232,36001,0.5427143
21233,16166,0.3857383
21234,75033,0.49550277
21235,95300,9.028831e-05
21236,9687,0.020197285
21237,1053,0.008021838
21238,112979,0.011992719
21239,85772,0.00013076207
21240,35148,0.96173
21241,93331,0.59278125
21242,57452,0.79158384
21243,45832,0.016653307
21244,90548,0.59278125
21245,26312,0.014237268
21246,101719,0.0067506013
21247,94780,0.007029523
21248,48187,0.10496287
21249,11393,0.0054169586
21250,23575,0.00036715806
21251,107208,0.06290693
21252,17246,0.27636027
21253,113682,0.000623004
21254,68785,0.7616917
21255,112815,0.06997963
21256,111036,0.6077621
21257,63925,0.0123029305
21258,12250,0.14401716
21259,110473,0.0026336447
21260,96904,0.3619964
21261,18256,0.0088156825
21262,55121,0.015545429
21263,60444,0.033027504
21264,85981,0.00092904543
21265,65794,0.016521992
21266,95142,0.5427143
21267,11698,0.0045359377
21268,12377,0.0163317
21269,55861,0.59409255
21270,13106,0.046658676
21271,105710,0.00030559124
21272,15014,0.003874918
21273,42884,0.019013701
21274,115179,0.0031582247
21275,43442,0.019013701
21276,5689,0.04065975
21277,23864,0.17013359
21278,41479,0.029313715
21279,88175,0.7616917
21280,115442,0.7879012
21281,19222,0.5072981
21282,10357,0.020077558
21283,55756,0.0015291877
21284,19725,0.0104701575
21285,8978,0.008876673
21286,76677,0.3619964
21287,76457,0.0007946581
21288,107401,0.822954
21289,112191,0.0011341145
21290,86349,0.13730942
21291,65243,0.008481337
21292,37168,0.6077621
21293,113774,0.26011735
21294,15531,0.25119156
21295,25272,0.003006968
21296,1406,0.0797583
21297,51027,0.0011922795
21298,72381,0.34904763
21299,14476,0.002387224
21300,48011,0.0796306
21301,112557,0.0005128642
21302,20666,0.0092549315
21303,53921,0.5072981
21304,66812,0.12634419
21305,55267,0.0002725953
21306,62760,0.6982025
21307,95946,0.5134833
21308,892,0.056783542
21309,110994,0.00039978
21310,79521,0.1280753
21311,115260,0.5427143
21312,89625,0.5403088
21313,107553,0.0017679957
21314,109174,0.43834177
21315,83820,0.31932625
21316,70384,0.13730942
21317,54903,0.27470013
21318,39945,0.13040477
21319,106685,0.03878037
21320,44043,0.12634419
21321,55115,0.5427143
21322,15293,0.54976434
21323,82002,0.0039066323
21324,91648,0.033027504
21325,29614,0.31973323
21326,59920,0.5787994
21327,45517,0.52248293
21328,99868,0.093983114
21329,57184,0.007029523
21330,102768,0.59409255
21331,65242,0.032022864
21332,47860,0.04543586
21333,90662,0.7159881
21334,48938,0.04571049
21335,80678,0.14401716
21336,106473,0.013113432
21337,64304,0.00071102096
21338,89876,0.5427143
21339,79126,0.26011735
21340,99417,0.007099019
21341,45618,0.23185891
21342,94257,0.31973323
21343,36839,0.62831575
21344,75086,0.07765535
21345,21998,0.008692204
21346,68943,0.108328365
21347,29722,0.7834908
21348,35858,0.5427143
21349,6989,0.006578858
21350,35202,0.5072981
21351,10008,0.008870118
21352,5801,0.0055459943
21353,73788,0.0022111223
21354,22555,0.0035153013
21355,100386,0.01376545
21356,103007,0.77069926
21357,26962,0.0009505258
21358,60495,0.14401716
21359,115694,0.0014091193
21360,53372,0.005877323
21361,62472,0.5072981
21362,58425,0.8590712
21363,45773,0.036093347
21364,48300,0.00054187165
21365,75198,0.041646097
21366,13709,0.12634419
21367,4594,0.7231015
21368,56071,0.5427143
21369,92046,0.7920622
21370,79686,0.00039787404
21371,48516,0.007029523
21372,12378,0.001353865
21373,82853,0.033027504
21374,106041,0.0030137459
21375,40668,0.0062839175
21376,50514,0.0011707876
21377,34861,0.8590712
21378,24333,0.44410628
21379,68696,0.0019099015
21380,72644,0.14401716
21381,62340,0.00726674
21382,6380,0.00038971048
21383,108056,0.011409456
21384,97830,0.13567427
21385,106691,0.002785904
21386,93991,0.6878115
21387,71612,0.0022111223
21388,11144,0.0009861891
21389,88309,0.015545429
21390,61304,0.5672082
21391,60085,0.0131263975
21392,76288,0.20068936
21393,39039,0.041615963
21394,114264,0.26011735
21395,22669,0.008710927
21396,8478,0.065995894
21397,107771,0.0013078308
21398,78597,0.3619964
21399,49197,0.36704037
21400,9960,0.481222
21401,106044,0.044677686
21402,72414,0.3619964
21403,81667,0.10240164
21404,10152,0.020077558
21405,94323,0.7616917
21406,72298,0.31973323
21407,18774,0.0088156825
21408,113061,0.0059125572
21409,105409,0.09227307
21410,106735,0.0029093993
21411,48480,0.17013359
21412,80324,0.042940665
21413,8300,0.0017537593
21414,107642,0.0006662704
21415,47748,0.6982025
21416,32080,0.12634419
21417,80550,0.0053904853
21418,108349,0.0015578787
21419,80735,0.027606798
21420,101471,0.032022864
21421,19801,4.4181397e-05
21422,49039,0.5072981
21423,19226,0.0092549315
21424,112177,0.008309482
21425,15268,0.11644852
21426,115219,0.008132936
21427,31615,0.005541767
21428,115288,0.5427143
21429,113319,0.13741142
21430,48831,0.5427143
21431,92122,0.37642527
21432,31194,0.5168421
21433,55248,0.0054882905
21434,86531,0.06092552
21435,111584,0.00019583186
21436,105388,0.31973323
21437,42150,0.003767797
21438,24423,0.004376268
21439,67730,0.010984829
21440,108743,0.010582275
21441,89805,0.022053696
21442,7585,0.022601707
21443,39928,0.00038224438
21444,98402,0.2346123
21445,54499,0.13730942
21446,2313,0.26062414
21447,52284,0.01017783
21448,44886,0.50492847
21449,98236,0.0026809997
21450,100366,0.59278125
21451,98672,0.54492104
21452,85163,0.5072981
21453,2337,0.05286063
21454,24488,0.007099019
21455,24714,0.0131263975
21456,88930,0.026296226
21457,106870,0.033027504
21458,58322,0.7481223
21459,67958,0.6063789
21460,63757,0.007029523
21461,71830,0.008481337
21462,18145,0.0003639563
21463,28372,0.000397487
21464,45281,0.00035894787
21465,15448,0.001353865
21466,90623,0.46160626
21467,113485,0.0068145855
21468,17330,0.4503174
21469,16042,0.001353865
21470,37469,0.0040797824
21471,9405,0.2698047
21472,19659,0.6771808
21473,97078,0.88752764
21474,7458,0.019868456
21475,93162,0.14401716
21476,13637,0.0035644155
21477,75725,0.27470013
21478,73961,0.002837949
21479,55315,0.0005547913
21480,5049,0.020077558
21481,66142,0.0023905514
21482,111168,0.0019912887
21483,80093,0.7616917
21484,48890,0.005463178
21485,103277,0.007099019
21486,97751,0.5999409
21487,32521,0.0034033936
21488,62599,0.00054187165
21489,27510,0.0059368378
21490,67738,0.3619964
21491,50695,0.5427143
21492,10224,0.020197285
21493,83500,0.36848506
21494,95884,0.57065606
21495,24165,0.13040477
21496,102748,0.7616917
21497,26439,0.3922606
21498,16639,0.007029523
21499,90356,0.6063789
21500,53287,0.00086798804
21501,101569,0.547256
21502,102664,0.74324876
21503,48099,0.7920622
21504,30486,0.5427143
21505,4969,0.007377829
21506,72684,0.43834177
21507,67329,0.3619964
21508,96713,0.00054187165
21509,101145,0.05776599
21510,26006,0.00040906918
21511,11026,0.056950733
21512,43787,0.013143747
21513,109,0.056950733
21514,88605,0.21865545
21515,12259,0.8848291
21516,111144,0.004570986
21517,94112,0.49364203
21518,85281,0.043799154
21519,87598,0.21865545
21520,19393,0.0005210661
21521,111392,0.0067506013
21522,11304,0.027836183
21523,8537,0.005683435
21524,42365,0.039320398
21525,12322,0.0027481695
21526,28857,0.0031618597
21527,66594,0.008329132
21528,103973,0.00025406602
21529,77637,0.61799353
21530,54172,0.0016761028
21531,16062,0.002387224
21532,86055,0.016299266
21533,36006,0.0092549315
21534,101622,0.0006911087
21535,8032,0.006868593
21536,105475,6.9673355e-05
21537,112426,0.7159881
21538,105414,0.88546485
21539,53396,0.7739774
21540,40130,0.003615266
21541,77691,0.00043406844
21542,16672,0.008318418
21543,98969,0.01376545
21544,78652,0.0131263975
21545,89245,0.0053904853
21546,8430,0.020197285
21547,111278,0.13730942
21548,34020,0.0092549315
21549,29647,0.019602552
21550,77394,0.5427143
21551,95110,0.0062839175
21552,96632,0.00024120451
21553,55860,0.61799353
21554,13679,0.0003394859
21555,67499,0.026718179
21556,31901,0.021786267
21557,78198,0.033027504
21558,14627,0.5787994
21559,5307,0.0797583
21560,24628,0.17013359
21561,57964,0.027030254
21562,78599,0.10240164
21563,48206,0.7043261
21564,14829,0.43447396
21565,75730,0.11250516
21566,109741,0.72834224
21567,87191,0.008132936
21568,46965,0.0031145036
21569,99554,0.3619964
21570,44486,0.0004252282
21571,87028,0.039320398
21572,98097,0.14401716
21573,96677,0.0025762145
21574,18188,0.00056358025
21575,80776,0.033027504
21576,43083,0.013143747
21577,32969,0.9751082
21578,24233,0.016179068
21579,39890,0.00017792081
21580,72863,0.17457265
21581,112884,0.7220712
21582,72703,0.3619964
21583,41672,0.81498784
21584,61488,0.5672082
21585,51456,0.014123822
21586,73907,0.9418105
21587,112189,0.13730942
21588,60067,0.004326877
21589,87439,0.3619964
21590,77348,0.31973323
21591,66729,0.032022864
21592,93660,0.007029523
21593,38974,0.39557743
21594,95138,0.14401716
21595,64421,0.032022864
21596,107679,0.5999409
21597,44601,0.7057373
21598,101448,0.033027504
21599,41829,0.0030137459
21600,17766,0.01376545
21601,104671,0.03714765
21602,34533,0.0018256658
21603,80720,0.033027504
21604,12582,0.0013078308
21605,32289,0.00035894787
21606,38149,0.001353865
21607,107889,0.26011735
21608,34693,0.36704037
21609,15213,0.00031999702
21610,15479,0.023799386
21611,88186,0.033027504
21612,24986,0.0012787258
21613,88497,4.777445e-05
21614,109737,0.0059125572
21615,102650,0.31033024
21616,31780,0.27470013
21617,104082,0.13730942
21618,96549,0.00044150304
21619,112889,0.005185175
21620,55182,0.5427143
21621,97038,0.032022864
21622,19595,0.0005417505
21623,28559,0.802448
21624,32522,0.0054169586
21625,1024,0.074664965
21626,73765,0.3619964
21627,32336,0.00046633347
21628,105983,0.9285979
21629,59430,0.44410628
21630,114187,0.012808806
21631,20122,0.012808806
21632,66778,0.00035494476
21633,68498,0.0005807929
21634,102153,0.31932625
21635,4750,0.05184201
21636,2612,0.59409255
21637,37149,0.0010284387
21638,89332,0.032022864
21639,85986,0.0035153013
21640,58923,0.25119156
21641,88720,0.00057249586
21642,69102,0.0051007695
21643,64778,0.12634419
21644,108197,0.9285979
21645,16011,0.007099019
21646,67771,0.3619964
21647,62964,0.013143747
21648,54721,0.13730942
21649,9090,0.065189704
21650,96950,0.008830842
21651,112638,0.89779866
21652,47797,0.8552017
21653,88563,0.033027504
21654,14755,0.02371643
21655,76756,0.7243738
21656,114131,0.030338515
21657,63544,0.007029523
21658,45506,0.00019066768
21659,33711,0.9458736
21660,57305,0.07119869
21661,71306,0.00080393266
21662,47261,0.001353865
21663,64454,0.00059190835
21664,49011,0.61799353
21665,31714,0.002090025
21666,82737,0.00010091618
21667,38474,0.01371935
21668,60229,0.6355375
21669,39402,0.0014922644
21670,87025,0.10008938
21671,10726,0.44235054
21672,32574,0.013143747
21673,98105,0.0004578289
21674,50081,0.5427143
21675,104043,0.01583505
21676,97622,0.15698048
21677,93278,0.70420945
21678,94265,0.000119709934
21679,26252,0.013530958
21680,17349,0.4528236
21681,54775,0.00871173
21682,22431,0.23185891
21683,83542,0.4107991
21684,61089,0.10240164
21685,12819,0.020807657
21686,32247,0.6186621
21687,91652,0.22588314
21688,79055,0.18456551
21689,114869,0.36848506
21690,58068,0.007099019
21691,24091,0.029565545
21692,85136,0.504411
21693,101372,0.88752764
21694,8011,0.1087735
21695,28213,0.013143747
21696,42956,0.0028538338
21697,28218,0.21979274
21698,78837,0.047093634
21699,111007,0.033027504
21700,48995,0.5427143
21701,109709,0.003140793
21702,94168,0.70420945
21703,36324,0.5427143
21704,30366,0.007029523
21705,49444,0.5072981
21706,5501,0.78215474
21707,5943,0.20190752
21708,85936,0.018601326
21709,57231,0.8590712
21710,42626,0.003600307
21711,27936,0.0016585024
21712,4765,0.042923756
21713,100622,0.00084809004
21714,74824,0.49550277
21715,52067,0.649481
21716,32126,0.6297508
21717,113593,0.72834224
21718,103360,0.00021992967
21719,23400,0.27483657
21720,12255,0.8590712
21721,71325,0.0016538862
21722,28171,0.042725142
21723,29224,0.01450531
21724,113301,0.52364886
21725,75063,0.00018308757
21726,38957,0.0092549315
21727,70998,0.7920622
21728,113128,0.5427143
21729,92527,0.05981554
21730,111545,0.10187763
21731,83340,0.016528634
21732,73261,0.3619964
21733,28980,0.5427143
21734,9494,0.020744335
21735,85071,0.0001711952
21736,73890,0.8552017
21737,54125,0.003006968
21738,30630,0.6185612
21739,3506,0.5037168
21740,91173,0.0035672025
21741,85889,0.3922606
21742,60802,0.017661449
21743,98871,0.3619964
21744,91106,0.11677547
21745,49558,0.49550277
21746,15260,0.002387224
21747,57186,9.636183e-05
21748,83863,0.0002141949
21749,104148,0.65751773
21750,59842,0.504411
21751,78307,0.009115115
21752,65574,0.5497329
21753,72040,0.007029523
21754,100260,0.3588082
21755,44574,0.019013701
21756,39352,0.019013701
21757,36517,0.5072981
21758,29113,0.5427143
21759,49206,0.8072219
21760,92206,0.0104701575
21761,26376,0.21979274
21762,101547,0.48317924
21763,61275,0.5672082
21764,34479,0.010846054
21765,92386,0.076594226
21766,113872,0.39557743
21767,6053,0.01158258
21768,103594,0.16627684
21769,54644,0.006289053
21770,83623,0.010905763
21771,19416,0.0027537358
21772,11310,0.0028135278
21773,61395,0.01583257
21774,8910,0.95262426
21775,86893,0.49364203
21776,94969,0.5375059
21777,40863,0.6982025
21778,1553,0.001353865
21779,53391,0.0035153013
21780,12482,0.0054169586
21781,47576,0.49550277
21782,1592,0.14401716
21783,104185,0.00067897135
21784,45015,0.5444716
21785,99383,0.033027504
21786,96474,0.010911473
21787,9474,0.45980817
21788,91182,0.003006968
21789,91325,0.033027504
21790,10608,0.017061334
21791,74083,0.7920622
21792,81091,0.00032054234
21793,10135,0.00019808598
21794,16537,0.56752956
21795,16795,0.0003285758
21796,55239,0.3922606
21797,103300,0.5999409
21798,91010,0.3619964
21799,101128,0.019844448
21800,61544,0.17013359
21801,89577,0.1293857
21802,70368,0.007029523
21803,26398,0.10404422
21804,55017,0.6185612
21805,81225,0.8072219
21806,20894,0.22588314
21807,24491,0.013143747
21808,75019,0.033027504
21809,94711,0.31973323
21810,61326,0.0015418233
21811,9253,0.008072244
21812,31875,0.013143747
21813,4152,0.033438776
21814,79240,0.48317924
21815,48085,0.028048089
21816,54654,0.0025239403
21817,58699,0.24478038
21818,76504,0.14401716
21819,10717,0.031275123
21820,63994,0.0030137459
21821,37486,0.0010499661
21822,61698,0.061520338
21823,5213,0.7231015
21824,79626,0.52248293
21825,6718,0.0054169586
21826,2503,0.387595
21827,33485,0.001353865
21828,56376,0.061520338
21829,99679,0.63507825
21830,36748,0.0010818559
21831,43003,0.0092549315
21832,30365,0.023799386
21833,108277,0.26011735
21834,29879,0.00018595517
21835,71338,0.6982025
21836,103406,0.008661435
21837,51919,0.5072981
21838,110964,0.034388546
21839,108674,0.13730942
21840,8908,0.8547576
21841,22501,0.00010927649
21842,78865,0.00054187165
21843,33157,0.0013575203
21844,95258,0.17457265
21845,16824,0.4503174
21846,47753,0.016179068
21847,110812,0.6485016
21848,1575,0.00018800524
21849,58727,0.6982025
21850,72590,0.025606757
21851,65507,0.001621797
21852,11259,0.0030389663
21853,115025,0.5650655
21854,41957,0.8865087
21855,20723,0.015545429
21856,28749,0.59409255
21857,27207,0.0035153013
21858,21830,0.19802539
21859,98507,0.00878813
21860,2364,0.3851501
21861,4318,0.7749112
21862,15827,0.061520338
21863,40514,0.0015167076
21864,7476,0.029172808
21865,42722,0.0092549315
21866,113016,0.122441195
21867,25906,0.003761745
21868,22776,0.27470013
21869,99283,0.14401716
21870,83666,0.8233484
21871,101848,0.88752764
21872,111713,0.00022939187
21873,94595,0.121940404
21874,78605,0.0152677875
21875,25818,0.13730942
21876,80159,0.0062839175
21877,89195,0.3619964
21878,100104,0.59278125
21879,10009,0.0027796994
21880,47861,0.008132936
21881,30182,0.5960657
21882,50292,0.022568375
21883,68410,0.7616917
21884,6506,0.027050344
21885,10956,0.96518296
21886,42053,0.0018180332
21887,103003,0.033027504
21888,90796,0.01376545
21889,9636,0.025320342
21890,96295,0.42487767
21891,87107,0.0005702209
21892,66549,0.008481337
21893,7963,0.042923756
21894,42407,0.0038879856
21895,114666,0.0016134646
21896,102661,0.01017783
21897,87231,0.71354675
21898,98012,0.88546485
21899,76379,0.7243738
21900,62188,7.8584635e-05
21901,85476,0.14401716
21902,44854,0.12634419
21903,106186,0.0037813291
21904,53845,0.7910294
21905,101332,0.033027504
21906,101695,0.11677547
21907,22035,0.22588314
21908,3178,0.029926157
21909,57448,0.033027504
21910,89581,0.73228264
21911,78650,0.032232128
21912,32464,0.5427143
21913,20127,0.23185891
21914,107609,0.42487767
21915,85778,0.14401716
21916,102854,0.27032498
21917,83852,0.00029120175
21918,6998,0.7231015
21919,82811,0.0053904853
21920,69753,0.23185891
21921,659,0.6000436
21922,25024,0.001463574
21923,92194,0.22588314
21924,109894,0.26011735
21925,63750,0.007029523
21926,48901,0.002387224
21927,3387,0.029340554
21928,5987,0.0054169586
21929,43153,0.25119156
21930,66904,0.17700206
21931,35980,0.27032498
21932,7945,0.008704754
21933,96439,0.88546485
21934,103860,0.036027845
21935,95124,0.0047297897
21936,107588,0.0020164743
21937,113428,0.6077621
21938,26808,0.21979274
21939,67965,0.3619964
21940,83048,0.52248293
21941,112260,0.26011735
21942,115676,0.0059125572
21943,15425,0.6185612
21944,6338,0.018432667
21945,115513,0.5427143
21946,26593,0.01583257
21947,102460,0.13730942
21948,82366,0.016528634
21949,83918,0.032022864
21950,14964,0.4107991
21951,54995,0.59409255
21952,65683,0.0054986198
21953,12301,0.12634419
21954,73448,0.5110001
21955,54273,0.13567427
21956,4059,0.6472324
21957,43932,0.011324875
21958,27245,0.59409255
21959,25299,0.01017783
21960,45960,0.04361101
21961,16479,0.6133949
21962,28792,0.020478815
21963,51875,0.5427143
21964,73112,0.033027504
21965,111107,0.5999409
21966,95691,0.689935
21967,110124,0.033027504
21968,63923,0.0003728836
21969,54388,0.6982025
21970,4617,0.14743158
21971,113299,0.0011918679
21972,83213,0.65744025
21973,39339,0.13040477
21974,29984,0.5427143
21975,104112,0.27470013
21976,17658,0.00027882945
21977,546,0.61799353
21978,93471,0.00046444937
21979,49050,0.6982025
21980,10659,0.020197285
21981,38633,0.13730942
21982,46373,0.0006458025
21983,74915,0.027606798
21984,23200,0.008692204
21985,74591,0.13730942
21986,101583,0.10187763
21987,78532,0.0796306
21988,32941,0.36848506
21989,75275,0.0002824994
21990,113920,0.3588082
21991,44313,0.0010284387
21992,94732,0.34098592
21993,105500,0.025606757
21994,31513,0.005541767
21995,2340,0.0028135278
21996,96391,0.4107991
21997,111502,0.0059125572
21998,5818,0.73766655
21999,27239,0.27470013
22000,99640,0.59278125
22001,34699,0.008132936
22002,104947,0.49550277
22003,60448,0.14401716
22004,35206,0.5427143
22005,49657,0.0092549315
22006,2009,0.5042971
22007,30751,0.31973323
22008,27048,0.6982025
22009,93740,0.14401716
22010,88744,0.004376268
22011,47119,0.0014513604
22012,99327,0.0066726087
22013,50615,0.59409255
22014,86102,0.00097275525
22015,106595,0.0024896516
22016,112928,0.011101982
22017,109893,0.007029523
22018,2674,0.029340554
22019,87151,0.12634419
22020,60238,0.31973323
22021,17575,0.10631808
22022,51769,0.8072219
22023,68289,0.18239248
22024,54504,0.003895054
22025,26618,0.002090025
22026,5711,0.6482437
22027,46779,0.21979274
22028,16270,0.001353865
22029,67911,0.004455762
22030,91869,0.88546485
22031,103631,0.7616338
22032,69273,0.14401716
22033,434,0.8576125
22034,67603,0.108328365
22035,83553,0.8590712
22036,44585,0.001353865
22037,31122,0.007099019
22038,106439,0.033027504
22039,11263,0.09673064
22040,85976,0.0004473519
22041,74191,0.14401716
22042,84178,0.032022864
22043,22740,0.0005417505
22044,80672,0.7616917
22045,23336,0.13040477
22046,112625,0.0059125572
22047,46472,0.00037761993
22048,26122,0.0025750482
22049,29621,0.0013340883
22050,59847,0.5427143
22051,80331,0.0005860553
22052,1457,0.0131263975
22053,100196,0.52364886
22054,3914,0.0028135278
22055,103708,0.0074997195
22056,19636,0.008472884
22057,87060,0.31973323
22058,51570,0.033661835
22059,63819,0.49550277
22060,33562,7.773956e-05
22061,83635,0.6185612
22062,50800,0.984539
22063,26718,0.20558783
22064,15058,0.021318514
22065,88735,0.02016884
22066,66598,0.0020164743
22067,63829,0.12634419
22068,30555,0.13730942
22069,90361,0.14401716
22070,106175,8.078393e-05
22071,98852,0.59278125
22072,12976,0.0010725245
22073,37731,0.74892354
22074,77598,0.31973323
22075,40264,0.032022864
22076,89219,0.0005242012
22077,489,0.0088156825
22078,48335,0.06290693
22079,26175,0.001353865
22080,45182,0.0092549315
22081,26820,0.61799353
22082,10944,0.005698502
22083,110287,0.35487762
22084,3054,0.0028135278
22085,100689,0.88752764
22086,58127,0.27470013
22087,38495,0.001353865
22088,45472,0.21979274
22089,17297,0.89158785
22090,13789,0.61799353
22091,107372,0.007045478
22092,47877,0.039320398
22093,50367,0.00022798983
22094,60756,0.7745222
22095,5480,0.0028135278
22096,55498,0.0052276957
22097,53920,0.5072981
22098,89773,0.7920622
22099,19860,0.0005745643
22100,10776,0.020197285
22101,111685,0.5427143
22102,53133,0.0003551187
22103,83774,0.43834177
22104,47329,0.4377116
22105,25661,0.4107991
22106,86884,0.0031482726
22107,18620,0.56752956
22108,73337,0.006865637
22109,9964,0.00055482617
22110,35151,0.54020727
22111,32071,0.008132936
22112,76938,0.0021116743
22113,53587,0.0023066094
22114,39075,0.002519342
22115,56968,0.004455762
22116,57697,0.032022864
22117,13396,0.00011628014
22118,20080,0.31973323
22119,107690,0.036027845
22120,43707,0.010364625
22121,60763,0.31973323
22122,93264,0.004201382
22123,90448,0.03983637
22124,112967,0.6846839
22125,101064,0.038752552
22126,14426,0.00074514473
22127,114434,0.62831575
22128,23412,0.31973323
22129,65898,0.016521992
22130,63307,0.0017282508
22131,78759,0.00046897898
22132,87271,0.028287522
22133,111462,0.0074997195
22134,76498,0.36848506
22135,36036,0.25119156
22136,105962,0.7616338
22137,44984,0.043601345
22138,108364,0.0053904853
22139,32786,0.44367182
22140,83478,0.08290729
22141,30059,0.23185891
22142,115918,0.0002601393
22143,97291,0.11677547
22144,102578,0.7220712
22145,6146,0.15254125
22146,85683,0.0053904853
22147,10833,0.014258585
22148,27138,0.0010818559
22149,63885,0.0011643132
22150,67760,0.000142852
22151,46061,0.0044667176
22152,86673,0.003006968
22153,41240,0.6982025
22154,64928,0.025224857
22155,95584,0.88752764
22156,55073,0.005904426
22157,11624,0.0027796994
22158,16888,0.00035894787
22159,39845,0.62831575
22160,37284,0.014194789
22161,82400,0.032022864
22162,33488,0.81563526
22163,939,0.10240164
22164,31382,8.173915e-05
22165,77135,0.052030146
22166,76157,0.061520338
22167,15067,0.8072219
22168,72867,0.504411
22169,99953,0.0112617295
22170,29805,0.016521992
22171,82223,0.5072981
22172,22655,0.019013701
22173,114101,0.033027504
22174,94476,0.65744025
22175,38869,0.06256816
22176,15711,0.008309482
22177,65636,0.016521992
22178,31841,0.0010818559
22179,76703,0.0028594204
22180,97829,0.11677547
22181,62725,0.0011136974
22182,54367,0.01017783
22183,64252,0.0043405415
22184,71853,0.01017783
22185,19461,0.523312
22186,11619,0.052323703
22187,90410,0.10240164
22188,25714,0.0016585024
22189,100072,0.025606757
22190,65693,0.13730942
22191,55529,0.0011542146
22192,26901,0.0014696156
22193,4422,0.7749112
22194,865,0.6982025
22195,55236,0.007029523
22196,65086,0.36848506
22197,25472,0.0131263975
22198,37957,0.25119156
22199,7613,0.7231015
22200,56122,0.13534898
22201,17925,0.0059082643
22202,100425,0.5999409
22203,87507,0.0013713595
22204,79753,0.14401716
22205,14004,0.0123029305
22206,64738,0.12634419
22207,101553,0.417357
22208,22360,0.8072219
22209,108362,0.0059125572
22210,110862,0.27032498
22211,104142,0.0035153013
22212,96451,0.7616917
22213,86014,0.7481223
22214,112507,0.0890648
22215,84160,0.0022111223
22216,32182,8.713953e-05
22217,95537,0.11736994
22218,7266,0.006578858
22219,3619,0.029926157
22220,47630,0.0012338674
22221,14654,0.0088156825
22222,17554,0.523312
22223,110822,0.3619964
22224,114857,0.011334077
22225,51762,0.13730942
22226,73562,0.19465666
22227,67796,0.5787994
22228,39803,0.0092549315
22229,110115,0.0024703732
22230,25115,0.13040477
22231,1922,0.26509386
22232,84994,0.26011735
22233,98183,0.0005973442
22234,41044,0.36704037
22235,34775,0.7749112
22236,111845,0.82215583
22237,65489,0.0029246383
22238,81963,0.0062244562
22239,48567,0.00022788919
22240,77792,0.000109862944
22241,41215,0.002387224
22242,111210,0.033027504
22243,24778,0.13040477
22244,45022,0.016653307
22245,60398,0.0034056762
22246,53482,0.6982025
22247,21923,0.044770245
22248,77196,0.49550277
22249,108256,0.13730942
22250,45969,6.8208275e-05
22251,109276,0.8417476
22252,36436,0.5427143
22253,77366,0.0062839175
22254,71822,0.3619964
22255,105724,0.5999409
22256,69709,0.06133517
22257,18630,0.015298415
22258,28001,0.6077621
22259,32184,0.12634419
22260,8036,0.056950733
22261,44596,0.649481
22262,40378,0.0015625793
22263,101001,0.0005283273
22264,17757,0.88008237
22265,65360,0.0005003702
22266,41290,0.0035153013
22267,105480,9.947112e-05
22268,7241,0.022601707
22269,49184,0.03087039
22270,24520,0.7380137
22271,31660,0.6077621
22272,97557,0.012808806
22273,61364,0.012201298
22274,40049,0.0037296326
22275,97473,0.88752764
22276,98703,0.12634419
22277,75956,0.67805946
22278,102025,0.038752552
22279,12563,0.006225873
22280,63084,0.008732731
22281,33211,0.72096616
22282,20442,0.012808806
22283,62502,0.013143747
22284,52714,0.033027504
22285,96262,0.032022864
22286,28130,0.00084398186
22287,50295,0.5427143
22288,93099,0.28004342
22289,29329,0.39557743
22290,48280,0.03087039
22291,82664,0.013632077
22292,82974,0.27032498
22293,10114,0.09673064
22294,1859,0.056783542
22295,8392,0.024892027
22296,58963,0.5787994
22297,29455,0.39557743
22298,9,0.78215474
22299,102001,0.018510072
22300,21216,0.04571049
22301,23847,0.13040477
22302,103749,0.0030137459
22303,115928,0.046442118
22304,44217,0.13040477
22305,86374,0.31932625
22306,35841,0.00051613257
22307,54901,0.5427143
22308,52797,0.0060585644
22309,43871,0.62831575
22310,74015,0.033027504
22311,39977,0.0092549315
22312,86824,0.72042614
22313,54803,0.13567427
22314,97548,0.14401716
22315,20041,0.007099019
22316,113434,0.10240164
22317,100481,0.003258983
22318,24918,0.13040477
22319,111118,0.72834224
22320,32594,0.007099019
22321,84583,0.0014853142
22322,96035,0.5999409
22323,114175,0.5497329
22324,52971,0.042177267
22325,89263,0.59278125
22326,97260,0.024571659
22327,33849,0.027104618
22328,92109,0.17457265
22329,95038,0.59278125
22330,28230,0.0007245599
22331,78887,0.504411
22332,12832,0.00035894787
22333,549,0.008072244
22334,82891,0.5072981
22335,19518,0.54976434
22336,6140,0.17618723
22337,10982,0.09673064
22338,65306,0.22588314
22339,109368,0.005329171
22340,52970,0.003923021
22341,70689,0.01783974
22342,39800,0.019013701
22343,63484,0.8512548
22344,43619,0.5787994
22345,61670,0.033027504
22346,86650,0.3619964
22347,105620,0.0054805716
22348,41040,0.00042835376
22349,115394,0.009133604
22350,96964,0.3619964
22351,78849,0.1670718
22352,66006,1.7458964e-05
22353,7965,0.0028135278
22354,96100,0.74324876
22355,113747,0.25293732
22356,9596,0.015673688
22357,45380,0.0005711812
22358,24859,0.001353865
22359,36319,0.5981789
22360,57129,0.5072981
22361,86346,0.10457576
22362,56298,0.04571049
22363,29333,0.6077621
22364,81312,0.31973323
22365,46863,0.00057400955
22366,77991,0.001996615
22367,18544,0.17013359
22368,109918,0.3619964
22369,89701,0.7220712
22370,40916,0.013143747
22371,31697,0.012393995
22372,24214,0.4107991
22373,46756,0.0005339564
22374,28002,0.5427143
22375,74271,0.033027504
22376,90442,0.7616917
22377,102485,0.0010973164
22378,108650,0.822954
22379,30582,0.6077621
22380,62927,0.5787994
22381,39409,0.13040477
22382,45865,0.0025989756
22383,24502,0.00011362766
22384,31657,0.00031832472
22385,98403,0.00024523336
22386,94236,0.0017375643
22387,82934,0.007029523
22388,96424,0.43834177
22389,109508,0.013113432
22390,3948,0.043812882
22391,62132,0.024558479
22392,115160,0.6077621
22393,80669,0.050986372
22394,46685,0.0023082397
22395,23211,0.017102055
22396,115181,0.5995432
22397,112109,0.0059125572
22398,77895,0.032022864
22399,37814,0.0035704258
22400,90150,0.00024004364
22401,63371,0.7920622
22402,42677,0.000548782
22403,104231,0.00010820505
22404,26860,0.011863592
22405,35814,0.068746984
22406,1390,0.011174711
22407,55329,0.009281355
22408,80213,0.27470013
22409,105534,0.041028555
22410,24192,0.011324875
22411,86878,0.4107991
22412,65602,0.016521992
22413,8221,0.5037168
22414,44955,0.0036780564
22415,53943,0.033027504
22416,24345,0.52248293
22417,111981,0.05507139
22418,86151,0.5072981
22419,104255,0.009093292
22420,28661,0.20558783
22421,16591,0.0001835681
22422,49911,0.5427143
22423,48271,0.39557743
22424,102537,0.7616917
22425,104211,0.3619964
22426,2353,0.00015112333
22427,76226,0.012008312
22428,9190,0.8072219
22429,18871,0.56752956
22430,87306,0.00011292458
22431,9127,0.0054169586
22432,53159,0.8072219
22433,83576,0.35487762
22434,51439,0.5427143
22435,2848,0.00640211
22436,5819,0.20019254
22437,80411,0.5497329
22438,24325,0.24078408
22439,51029,0.4107991
22440,110369,0.106762424
22441,104734,0.6077621
22442,51058,0.59409255
22443,34165,0.00049813045
22444,24779,0.13040477
22445,22573,0.54020727
22446,3160,0.59409255
22447,84890,0.3619964
22448,108787,0.14401716
22449,76763,0.31973323
22450,59587,0.042177267
22451,100534,0.0037719305
22452,87351,0.6982025
22453,9022,0.000516769
22454,23822,0.8210756
22455,90466,0.14401716
22456,113824,0.00047434896
22457,65041,0.006932296
22458,40350,0.27032498
22459,25797,0.026015587
22460,98405,0.88752764
22461,69560,0.00058153074
22462,4869,0.0028135278
22463,102319,0.12634419
22464,93609,0.0020687545
22465,6910,0.0027796994
22466,49483,0.033661835
22467,16309,0.0021348423
22468,50685,0.4107991
22469,9145,0.00286503
22470,49243,0.44410628
22471,16526,0.7843891
22472,13211,0.001353865
22473,44654,0.001903677
22474,101398,0.0065236306
22475,101804,0.7602656
22476,105678,0.0006892325
22477,54349,0.5273618
22478,102018,0.7295774
22479,26824,0.012008312
22480,53492,0.007029523
22481,105098,0.0059125572
22482,108222,0.0010102807
22483,58522,0.052585732
22484,91148,0.3619964
22485,46150,0.001353865
22486,17034,0.56752956
22487,98070,0.5999409
22488,43765,0.004653054
22489,60362,0.5375059
22490,97573,0.0052772923
22491,90463,0.3619964
22492,24088,0.013632077
22493,29948,0.5168421
22494,63082,0.013143747
22495,96229,0.054342207
22496,21291,0.022092532
22497,18816,0.0029971886
22498,30712,0.014096393
22499,61556,0.00084809004
22500,89820,0.0015906723
22501,32109,0.08003066
22502,70335,0.0053904853
22503,9122,0.00461159
22504,16487,0.002387224
22505,95684,0.5999409
22506,3106,0.00029042736
22507,64913,0.0020164743
22508,42996,0.0018256658
22509,16649,0.00036026962
22510,21652,0.46285427
22511,30990,0.028225413
22512,108549,0.26011735
22513,18211,0.006932296
22514,32809,0.0026848682
22515,26231,0.001262547
22516,33429,0.026718179
22517,17560,0.5787994
22518,18819,0.044770245
22519,115534,0.08709743
22520,115849,0.0004383152
22521,25252,0.011834749
22522,35528,0.007029523
22523,105780,0.045722723
22524,108915,0.00012623469
22525,38007,0.6982025
22526,23399,0.5072981
22527,55174,0.5427143
22528,57404,0.14401716
22529,64230,0.35487762
22530,67908,0.027606798
22531,94939,0.017411998
22532,101937,0.0010574341
22533,18476,0.19465666
22534,48598,0.8233484
22535,113620,0.0007351559
22536,92657,0.01783974
22537,102820,0.0003654804
22538,57119,0.62831575
22539,13144,0.046658676
22540,107590,0.046442118
22541,12810,0.005646453
22542,57597,0.0059368378
22543,67835,0.0053904853
22544,11991,0.0038577435
22545,88775,0.7616917
22546,76858,0.039320398
22547,62648,0.0006124656
22548,18532,0.021318514
22549,36298,0.00048786477
22550,2021,0.056950733
22551,96518,0.004540209
22552,107032,0.547256
22553,103002,0.7616917
22554,38220,0.94310766
22555,19195,0.0018543431
22556,76153,0.0005664315
22557,24280,0.018602183
22558,77898,0.10240164
22559,11076,0.00017954629
22560,103519,0.0016688782
22561,24247,0.0060585644
22562,47224,0.13040477
22563,42932,0.0059667677
22564,73437,0.0022111223
22565,114707,0.27470013
22566,37122,0.019013701
22567,89967,0.08365719
22568,66538,0.12634419
22569,26196,0.011180852
22570,63109,0.7920622
22571,41042,0.02275957
22572,14874,0.91477466
22573,15740,0.0088156825
22574,35906,0.5427143
22575,60818,9.6370015e-05
22576,41026,0.019013701
22577,28713,0.20558783
22578,114896,0.00043044833
22579,64155,0.12634419
22580,70194,0.5787994
22581,103613,0.8139816
22582,75703,0.37642527
22583,43415,0.0022388422
22584,28734,0.015571487
22585,69121,0.055714354
22586,58572,0.6982025
22587,15581,0.019602552
22588,23334,0.27032498
22589,98291,0.54492104
22590,93403,0.034388546
22591,26180,0.13730942
22592,89102,0.001771748
22593,49159,0.003761745
22594,52758,0.5427143
22595,45346,0.013143747
22596,99718,0.000122066995
22597,7038,0.033438776
22598,102564,0.16627684
22599,26975,0.5427143
22600,77737,0.011600402
22601,53191,0.5427143
22602,43219,0.0131263975
22603,93190,0.0032985667
22604,91938,0.3619964
22605,66232,0.1463934
22606,84907,0.0024722116
22607,51135,0.003006968
22608,98803,0.0013334939
22609,38410,0.20558783
22610,62396,0.0131263975
22611,24864,0.31973323
22612,85190,0.005069182
22613,84527,0.01921125
22614,2874,0.034629997
22615,110561,0.0031033724
22616,48057,0.52248293
22617,107180,0.003175296
22618,79090,0.0004130577
22619,85741,0.006932296
22620,104273,0.56445324
22621,32820,0.0040797824
22622,43268,0.0027611875
22623,37233,0.16627684
22624,32905,0.61799353
22625,100662,0.689935
22626,52474,0.17457265
22627,48398,0.0016320562
22628,73436,0.7224025
22629,103199,0.0052276957
22630,41252,0.0059667677
22631,99638,0.01520607
22632,97198,0.01017783
22633,16478,0.13730942
22634,82471,0.1746938
22635,109083,0.01017783
22636,76522,0.00020287241
22637,55631,0.2570611
22638,13910,0.523312
22639,44420,0.03087039
22640,66754,0.19465666
22641,55510,0.0015203209
22642,5862,0.020197285
22643,86222,0.11001669
22644,24133,0.013143747
22645,101707,0.10496287
22646,64937,0.019602552
22647,73037,0.00015454482
22648,94891,0.36848506
22649,50745,0.0131263975
22650,50906,0.13730942
22651,42982,0.004376268
22652,39875,0.011324875
22653,100621,0.88752764
22654,87930,0.102604255
22655,61876,0.032022864
22656,33915,0.000847223
22657,111052,0.033027504
22658,50062,0.00034739546
22659,64782,0.00016967798
22660,115946,0.6858906
22661,79232,0.06277273
22662,19676,0.045445696
22663,70135,0.0004885626
22664,88453,0.00054187165
22665,91915,0.3619964
22666,26461,0.022053696
22667,74869,0.033027504
22668,77980,0.1449014
22669,5619,0.042923756
22670,26301,0.00019207946
22671,91258,0.00015917138
22672,88702,0.59409255
22673,25568,0.21865545
22674,34284,0.8072219
22675,45279,0.05496749
22676,74040,0.3619964
22677,82864,0.008138208
22678,100975,0.689935
22679,53296,0.7439202
22680,45851,0.5375059
22681,45247,0.036093347
22682,30514,0.5427143
22683,34300,0.4107991
22684,19388,0.0131263975
22685,108667,0.533381
22686,98216,0.0016357844
22687,42083,0.003160467
22688,44276,0.020547971
22689,106913,0.5999409
22690,91969,0.034388546
22691,33290,0.011042079
22692,74170,0.23185891
22693,48580,0.5427143
22694,48790,0.029243568
22695,97896,0.49364203
22696,57177,0.17013359
22697,108682,0.0059125572
22698,93204,0.31932625
22699,71135,0.033027504
22700,100752,0.5999409
22701,108377,0.036027845
22702,53549,0.004376268
22703,39786,0.001353865
22704,92157,0.033027504
22705,33349,0.0102000525
22706,17851,0.007024316
22707,5235,0.094868705
22708,46738,0.13040477
22709,17252,7.9897225e-05
22710,90344,0.7481223
22711,104569,0.6485016
22712,52310,0.033661835
22713,15656,0.0131263975
22714,114449,0.0015343766
22715,13763,0.006709196
22716,43305,0.8590712
22717,113726,0.0074997195
22718,65494,0.019602552
22719,88933,0.36848506
22720,90216,0.0053904853
22721,23196,0.0009457853
22722,103527,0.00016654603
22723,110717,0.3588082
22724,47907,0.0057674632
22725,79116,0.5427143
22726,2760,0.8576125
22727,95751,0.16627684
22728,76234,0.61799353
22729,78572,0.00026007756
22730,22419,0.004306097
22731,51286,0.85790324
22732,57222,0.7159881
22733,59613,0.5427143
22734,12788,0.0016628371
22735,101501,0.0017724995
22736,78289,0.44410628
22737,8070,0.0016661531
22738,77101,0.01781062
22739,52562,0.4107991
22740,107134,0.0049902285
22741,100603,0.18239248
22742,49624,0.0092549315
22743,69446,0.0053870147
22744,101939,0.3619964
22745,58053,0.032232128
22746,51025,0.5072981
22747,106710,0.26011735
22748,68957,0.0009024411
22749,76612,0.033027504
22750,87843,0.43834177
22751,112647,0.7481223
22752,108792,0.07027599
22753,97921,0.14401716
22754,23551,0.03087039
22755,46677,0.8966814
22756,66128,7.4872856e-05
22757,91029,0.00054187165
22758,72929,0.00047083382
22759,110950,0.7616338
22760,8446,0.056783542
22761,62970,0.013143747
22762,8783,0.0028135278
22763,68420,0.3619964
22764,22543,0.008472884
22765,57204,0.5072981
22766,100056,0.046442118
22767,51288,0.005185175
22768,57735,0.7616917
22769,54960,0.0008061612
22770,107361,0.00015585584
22771,48015,0.12634419
22772,49838,0.5427143
22773,103549,0.70420945
22774,69298,0.5672082
22775,115220,0.5427143
22776,85455,5.6313056e-05
22777,53235,0.081559345
22778,90724,0.3619964
22779,81525,0.1449014
22780,61855,0.003935671
22781,8415,0.6355375
22782,55250,0.0013575203
22783,41642,0.6185612
22784,24727,0.0015418233
22785,11976,0.0049930676
22786,96281,0.59278125
22787,108492,0.37642527
22788,65648,0.0007825852
22789,32754,0.59409255
22790,61945,0.25119156
22791,75310,0.108328365
22792,97522,0.093126625
22793,95563,0.822954
22794,78394,0.5072981
22795,23631,0.001353865
22796,59835,0.0131263975
22797,84878,0.8072219
22798,21350,0.004306097
22799,59383,0.62426704
22800,57653,0.0020164743
22801,90250,0.22588314
22802,45064,0.01371935
22803,107683,0.10240164
22804,67749,0.007029523
22805,24430,0.0010284387
22806,78372,0.061520338
22807,50396,0.00046019623
22808,74383,0.34098592
22809,77272,0.3619964
22810,113398,0.025224857
22811,824,0.001353865
22812,109501,0.009281355
22813,102342,0.70420945
22814,7386,0.0027796994
22815,12822,0.523312
22816,12679,0.00034302587
22817,8170,0.022601707
22818,31275,0.013143747
22819,36093,0.00726674
22820,47652,0.020547971
22821,16953,0.43447396
22822,47466,0.0008283979
22823,94199,0.7220712
22824,41616,0.013265102
22825,33859,0.02275957
22826,88844,0.7616917
22827,28508,0.21979274
22828,107461,0.31973323
22829,68619,0.12634419
22830,53663,0.23185891
22831,55025,0.0062839175
22832,68670,0.0051625147
22833,45859,0.013143747
22834,51620,0.59409255
22835,14642,0.504411
22836,108669,0.21865545
22837,41082,0.016528634
22838,6095,0.0010674752
22839,79900,0.001931791
22840,4079,0.020197285
22841,64712,0.022019112
22842,65751,0.027739413
22843,113195,0.01190348
22844,46574,0.0015946166
22845,36180,0.00016942692
22846,24595,0.0055549406
22847,38712,0.001353865
22848,82677,0.0034286473
22849,84510,0.7057373
22850,20928,0.051775344
22851,34652,0.0023066094
22852,36687,0.017595956
22853,20959,0.23185891
22854,8756,0.004820357
22855,29652,0.07174155
22856,110687,0.0067506013
22857,40092,0.097303964
22858,14381,0.0007140559
22859,101894,0.71354675
22860,4432,0.7200866
22861,89587,0.7616917
22862,11800,0.016521992
22863,13600,0.044770245
22864,36867,0.011324875
22865,94281,0.036407776
22866,55712,0.00053317624
22867,99505,0.009382608
22868,91411,0.649481
22869,109343,0.8417476
22870,53665,0.14401716
22871,73154,0.7920622
22872,93420,0.9452984
22873,47816,0.5072981
22874,81176,0.0010283916
22875,110548,0.26011735
22876,26357,0.007924266
22877,79295,0.0008074909
22878,76971,0.007574269
22879,57014,0.0035153013
22880,74920,0.033027504
22881,94205,0.0033827221
22882,48386,0.14401716
22883,76621,0.10240164
22884,94734,0.7375964
22885,105220,0.31932625
22886,100352,0.005877323
22887,66665,0.0016357844
22888,65473,0.00030090567
22889,12254,0.91477466
22890,94537,0.00080393266
22891,31549,0.0016869907
22892,85376,0.00025490383
22893,103520,0.8233484
22894,16277,0.0088156825
22895,93161,0.023799386
22896,54263,0.0018256658
22897,45306,0.002603475
22898,91957,0.0015625793
22899,7314,0.1137429
22900,38525,0.16627684
22901,21407,0.0092549315
22902,95407,0.092986375
22903,43594,0.039320398
22904,68051,0.007029523
22905,22564,0.019013701
22906,100179,0.045135614
22907,105881,0.02967053
22908,23518,0.012620819
22909,89210,0.5787994
22910,1718,0.56752956
22911,86528,0.003411673
22912,71259,0.14401716
22913,74428,0.67805946
22914,40777,0.0014922644
22915,96334,0.31932625
22916,110645,0.033027504
22917,49193,0.0010629427
22918,98714,0.02967053
22919,76455,0.005185175
22920,17624,0.0023082397
22921,8247,0.0028135278
22922,29100,0.002090025
22923,16942,0.0890648
22924,76248,0.001264858
22925,12234,0.02604607
22926,6594,0.05936022
22927,49377,0.0062839175
22928,97650,0.046442118
22929,37782,0.5042971
22930,54044,0.0030654797
22931,90809,0.004884439
22932,49182,0.3922606
22933,47173,0.31973323
22934,7318,0.51642954
22935,56241,0.011011613
22936,56250,0.5427143
22937,2183,0.00043868282
22938,54582,0.5427143
22939,112978,0.7616338
22940,35142,0.25119156
22941,59749,0.00030327972
22942,4465,0.010849616
22943,60068,0.92185867
22944,110488,0.27636027
22945,44974,0.21865545
22946,60613,0.49550277
22947,74968,0.0028626919
22948,94370,0.00018850785
22949,65583,0.016521992
22950,40541,0.52248293
22951,57181,0.5072981
22952,100996,0.70420945
22953,14346,0.91477466
22954,108688,0.7843891
22955,74192,0.00091803307
22956,10115,0.30107048
22957,97274,0.17013359
22958,81506,0.19465666
22959,43334,0.6982025
22960,112037,0.025438204
22961,67032,0.12634419
22962,80543,0.31932625
22963,101101,0.033027504
22964,111802,0.82215583
22965,98828,0.49364203
22966,104020,0.10240164
22967,34848,0.004514747
22968,67041,0.5072981
22969,26995,0.028048089
22970,95052,0.016521992
22971,51498,0.52248293
22972,7777,0.9634163
22973,12712,0.5072981
22974,78368,0.0042011044
22975,30851,0.008309482
22976,47382,0.0010284387
22977,55651,0.01583257
22978,95712,0.034388546
22979,8843,0.73766655
22980,47290,0.5375059
22981,46513,0.019013701
22982,15224,0.3857383
22983,1728,0.00034938264
22984,54737,0.5427143
22985,28782,0.13730942
22986,46230,0.13040477
22987,32555,0.013143747
22988,100320,0.0006432278
22989,29675,0.008724595
22990,76873,0.21865545
22991,89488,0.65522355
22992,41804,0.00798222
22993,99942,0.10187763
22994,77238,0.5787994
22995,42977,0.00071231293
22996,78948,0.9801732
22997,1562,0.91477466
22998,43948,0.06040302
22999,105680,0.033027504
23000,114780,0.65229774
23001,41433,0.041615963
23002,54212,0.5427143
23003,72300,0.011633004
23004,3769,0.92792785
23005,5418,0.7200866
23006,36062,0.0016585024
23007,28021,0.01371935
23008,68238,0.0055523096
23009,113124,0.7220712
23010,63410,0.21865545
23011,16282,0.5787994
23012,113276,0.72834224
23013,97900,0.0067506013
23014,109867,0.00054538244
23015,35565,0.59409255
23016,84909,0.004697797
23017,97854,0.8085603
23018,42382,0.12634419
23019,61115,0.3857383
23020,45173,0.21979274
23021,48199,0.6982025
23022,88611,0.12634419
23023,110555,0.33730337
23024,103747,0.7616338
23025,89124,0.0053904853
23026,88939,0.037220772
23027,42309,0.007099019
23028,74411,0.020547971
23029,30351,0.002835869
23030,33641,0.866006
23031,36708,0.01371935
23032,40246,0.36704037
23033,42902,0.07783098
23034,110646,0.1198357
23035,77490,0.007029523
23036,54376,0.00034245828
23037,6726,0.0012037411
23038,74059,0.0022111223
23039,15538,0.504411
23040,66483,0.065039895
23041,21438,0.0088156825
23042,78205,0.0062839175
23043,112083,0.014057545
23044,91076,0.63507825
23045,19089,0.045445696
23046,65232,0.005877323
23047,78589,0.01017783
23048,15710,0.0121549545
23049,16053,0.015545429
23050,34089,0.0020164743
23051,76245,0.032022864
23052,84669,0.00080393266
23053,14116,0.0009505258
23054,34495,0.03677497
23055,77805,0.14401716
23056,8893,0.1008233
23057,622,0.072836444
23058,14471,0.6982025
23059,61014,0.029565545
23060,106476,0.12634419
23061,495,0.27636027
23062,76358,0.6982025
23063,844,0.026718179
23064,57811,0.5427143
23065,114734,0.01190348
23066,92988,0.14401716
23067,60332,0.002080937
23068,33346,0.00082038186
23069,81527,0.14401716
23070,59021,0.43834177
23071,5047,0.7749112
23072,14740,0.010565702
23073,5428,0.013551787
23074,89749,0.14401716
23075,53169,0.00080393266
23076,94879,0.3582536
23077,115510,0.0084523745
23078,54837,0.01017783
23079,10257,0.056783542
23080,8629,0.047322333
23081,74134,0.7481223
23082,112947,0.82215583
23083,21683,0.004306097
23084,71250,0.61799353
23085,38256,0.0007951955
23086,3318,0.08992581
23087,36283,0.058548525
23088,79463,0.0062839175
23089,83724,0.5072981
23090,61997,0.013143747
23091,1844,0.046658676
23092,104165,0.31973323
23093,60986,0.7616917
23094,70739,0.4107991
23095,63548,0.27470013
23096,78238,0.00020782958
23097,106787,0.12634419
23098,97631,0.43834177
23099,7551,0.05891157
23100,10889,0.6482437
23101,93547,0.5999409
23102,110310,0.13741142
23103,2497,0.10499385
23104,61829,0.033027504
23105,76334,0.0018455883
23106,61918,0.017974187
23107,31094,0.62831575
23108,105478,0.003761745
23109,15589,0.003761745
23110,108655,0.010582275
23111,39260,0.7057373
23112,34811,0.058281414
23113,52876,0.01172875
23114,40614,0.00035894787
23115,31313,0.0007689936
23116,76369,0.12634419
23117,80445,0.037220772
23118,40250,0.0044722315
23119,45269,0.007029523
23120,110922,0.0030239986
23121,12992,0.6133949
23122,102362,0.88752764
23123,26373,0.016653307
23124,10699,0.0054169586
23125,14071,0.16627684
23126,111771,0.4107991
23127,87923,0.0614554
23128,10067,0.0028135278
23129,27301,0.88184494
23130,66024,0.00051227206
23131,67390,0.02275957
23132,58168,0.7481223
23133,39871,0.01371935
23134,7223,0.008444138
23135,112946,0.89779866
23136,68872,0.024995051
23137,105350,0.5999409
23138,54316,0.061520338
23139,88122,0.59278125
23140,46689,0.0038281023
23141,9886,0.004449799
23142,108645,0.3588082
23143,51024,0.5072981
23144,37007,0.00085262227
23145,2534,0.08992581
23146,113561,0.822954
23147,102670,0.059978444
23148,46389,0.0040797824
23149,43930,0.0007263124
23150,53736,0.017595956
23151,11655,0.037024457
23152,51335,0.5787994
23153,52662,0.033027504
23154,9585,0.020744335
23155,27182,0.0104701575
23156,34078,0.5427143
23157,5169,0.034500893
23158,56602,0.033027504
23159,77149,0.0010326053
23160,83696,3.354493e-05
23161,67319,0.65744025
23162,62750,0.7481223
23163,10563,0.0054169586
23164,53694,0.036526006
23165,29562,0.6032943
23166,73909,0.02263053
23167,84474,0.0019270766
23168,75341,0.42193875
23169,83296,0.039747313
23170,45682,0.21979274
23171,45622,0.2911606
23172,5140,0.10339998
23173,61831,0.013143747
23174,13985,0.4868459
23175,109750,0.14401716
23176,68378,0.24387737
23177,63734,0.0031033724
23178,92552,0.05760376
23179,78773,0.6856482
23180,97330,0.27636027
23181,40664,0.36704037
23182,30458,0.0038557483
23183,81907,0.11250516
23184,39218,0.13040477
23185,55866,0.035958964
23186,6384,0.011992719
23187,22664,0.10631808
23188,55567,0.5787994
23189,16773,0.00011653055
23190,92264,0.003411673
23191,50992,0.5787994
23192,104741,0.0024465327
23193,63474,0.00022558942
23194,80438,0.016521992
23195,29485,0.52248293
23196,59838,0.00010820505
23197,110584,0.65751773
